{"delay": 0.02, "height": 0, "msg_type": "PROPOSAL", "node": "0772af86d70664e325e22546e3fe7a4c6b82feefae381b62cab85b230fb21719", "to": "13756c2a50bf937f4229883f98ab0b11b0562401f6976befce154a83a086793f", "ts": 1785720802.410399, "type": "send"}
{"delay": 0.02, "height": 0, "msg_type": "PROPOSAL", "node": "0772af86d70664e325e22546e3fe7a4c6b82feefae381b62cab85b230fb21719", "to": "3fde868ea6caf3041493f50fbcc45ebc3bad7edab4bad774a5dca2b91bec8af0", "ts": 1785720802.410414, "type": "send"}
{"delay": 0.02, "height": 0, "msg_type": "PROPOSAL", "node": "0772af86d70664e325e22546e3fe7a4c6b82feefae381b62cab85b230fb21719", "to": "4600e7073edcf35149235c417b55aed016ffc4133b445b7a44f86e142a6010ae", "ts": 1785720802.410439, "type": "send"}
{"delay": 0.02, "height": 0, "msg_type": "PROPOSAL", "node": "0772af86d70664e325e22546e3fe7a4c6b82feefae381b62cab85b230fb21719", "to": "967fe6e8b6c8221a582c62797d0002f17eee1c8d34def67da5ac8c9fb33b7fd4", "ts": 1785720802.410446, "type": "send"}
{"delay": 0.02, "height": 0, "msg_type": "PROPOSAL", "node": "0772af86d70664e325e22546e3fe7a4c6b82feefae381b62cab85b230fb21719", "to": "c8568c45b20b7a1b9e0f4a5dadd1987eb3d6007e239fc9dd224eeb47b71799cf", "ts": 1785720802.410452, "type": "send"}
{"delay": 0.02, "height": 0, "msg_type": "PROPOSAL", "node": "0772af86d70664e325e22546e3fe7a4c6b82feefae381b62cab85b230fb21719", "to": "f08474af8ab0926587a2475f38484edb316eecc339239614a2d1eff9ccd01800", "ts": 1785720802.410458, "type": "send"}
{"delay": 0.02, "height": 0, "msg_type": "PROPOSAL", "node": "0772af86d70664e325e22546e3fe7a4c6b82feefae381b62cab85b230fb21719", "to": "f22393e0df7ce07fe1b9a4b8647ed82c1e636f80a5b858638dba3ccf3f416959", "ts": 1785720802.410464, "type": "send"}
{"delay": 0.02, "height": 0, "msg_type": "PREVOTE", "node": "0772af86d70664e325e22546e3fe7a4c6b82feefae381b62cab85b230fb21719", "to": "13756c2a50bf937f4229883f98ab0b11b0562401f6976befce154a83a086793f", "ts": 1785720802.410958, "type": "send"}
{"delay": 0.02, "height": 0, "msg_type": "PREVOTE", "node": "0772af86d70664e325e22546e3fe7a4c6b82feefae381b62cab85b230fb21719", "to": "3fde868ea6caf3041493f50fbcc45ebc3bad7edab4bad774a5dca2b91bec8af0", "ts": 1785720802.410967, "type": "send"}
{"delay": 0.02, "height": 0, "msg_type": "PREVOTE", "node": "0772af86d70664e325e22546e3fe7a4c6b82feefae381b62cab85b230fb21719", "to": "4600e7073edcf35149235c417b55aed016ffc4133b445b7a44f86e142a6010ae", "ts": 1785720802.410979, "type": "send"}
{"delay": 0.02, "height": 0, "msg_type": "PREVOTE", "node": "0772af86d70664e325e22546e3fe7a4c6b82feefae381b62cab85b230fb21719", "to": "967fe6e8b6c8221a582c62797d0002f17eee1c8d34def67da5ac8c9fb33b7fd4", "ts": 1785720802.41099, "type": "send"}
{"delay": 0.02, "height": 0, "msg_type": "PREVOTE", "node": "0772af86d70664e325e22546e3fe7a4c6b82feefae381b62cab85b230fb21719", "to": "c8568c45b20b7a1b9e0f4a5dadd1987eb3d6007e239fc9dd224eeb47b71799cf", "ts": 1785720802.410998, "type": "send"}
{"delay": 0.02, "height": 0, "msg_type": "PREVOTE", "node": "0772af86d70664e325e22546e3fe7a4c6b82feefae381b62cab85b230fb21719", "to": "f08474af8ab0926587a2475f38484edb316eecc339239614a2d1eff9ccd01800", "ts": 1785720802.411006, "type": "send"}
{"delay": 0.02, "height": 0, "msg_type": "PREVOTE", "node": "0772af86d70664e325e22546e3fe7a4c6b82feefae381b62cab85b230fb21719", "to": "f22393e0df7ce07fe1b9a4b8647ed82c1e636f80a5b858638dba3ccf3f416959", "ts": 1785720802.411014, "type": "send"}
{"from": "0772af86d70664e325e22546e3fe7a4c6b82feefae381b62cab85b230fb21719", "height": 0, "msg_type": "PROPOSAL", "node": "13756c2a50bf937f4229883f98ab0b11b0562401f6976befce154a83a086793f", "ts": 1785720802.432891, "type": "deliver"}
{"from": "0772af86d70664e325e22546e3fe7a4c6b82feefae381b62cab85b230fb21719", "height": 0, "msg_type": "PROPOSAL", "node": "3fde868ea6caf3041493f50fbcc45ebc3bad7edab4bad774a5dca2b91bec8af0", "ts": 1785720802.433211, "type": "deliver"}
{"from": "0772af86d70664e325e22546e3fe7a4c6b82feefae381b62cab85b230fb21719", "height": 0, "msg_type": "PROPOSAL", "node": "4600e7073edcf35149235c417b55aed016ffc4133b445b7a44f86e142a6010ae", "ts": 1785720802.433361, "type": "deliver"}
{"from": "0772af86d70664e325e22546e3fe7a4c6b82feefae381b62cab85b230fb21719", "height": 0, "msg_type": "PROPOSAL", "node": "967fe6e8b6c8221a582c62797d0002f17eee1c8d34def67da5ac8c9fb33b7fd4", "ts": 1785720802.433425, "type": "deliver"}
{"from": "0772af86d70664e325e22546e3fe7a4c6b82feefae381b62cab85b230fb21719", "height": 0, "msg_type": "PROPOSAL", "node": "c8568c45b20b7a1b9e0f4a5dadd1987eb3d6007e239fc9dd224eeb47b71799cf", "ts": 1785720802.433463, "type": "deliver"}
{"from": "0772af86d70664e325e22546e3fe7a4c6b82feefae381b62cab85b230fb21719", "height": 0, "msg_type": "PROPOSAL", "node": "f08474af8ab0926587a2475f38484edb316eecc339239614a2d1eff9ccd01800", "ts": 1785720802.4335, "type": "deliver"}
{"from": "0772af86d70664e325e22546e3fe7a4c6b82feefae381b62cab85b230fb21719", "height": 0, "msg_type": "PROPOSAL", "node": "f22393e0df7ce07fe1b9a4b8647ed82c1e636f80a5b858638dba3ccf3f416959", "ts": 1785720802.433534, "type": "deliver"}
{"from": "0772af86d70664e325e22546e3fe7a4c6b82feefae381b62cab85b230fb21719", "height": 0, "msg_type": "PREVOTE", "node": "13756c2a50bf937f4229883f98ab0b11b0562401f6976befce154a83a086793f", "ts": 1785720802.433568, "type": "deliver"}
{"from": "0772af86d70664e325e22546e3fe7a4c6b82feefae381b62cab85b230fb21719", "height": 0, "msg_type": "PREVOTE", "node": "3fde868ea6caf3041493f50fbcc45ebc3bad7edab4bad774a5dca2b91bec8af0", "ts": 1785720802.433594, "type": "deliver"}
{"from": "0772af86d70664e325e22546e3fe7a4c6b82feefae381b62cab85b230fb21719", "height": 0, "msg_type": "PREVOTE", "node": "4600e7073edcf35149235c417b55aed016ffc4133b445b7a44f86e142a6010ae", "ts": 1785720802.43362, "type": "deliver"}
{"from": "0772af86d70664e325e22546e3fe7a4c6b82feefae381b62cab85b230fb21719", "height": 0, "msg_type": "PREVOTE", "node": "967fe6e8b6c8221a582c62797d0002f17eee1c8d34def67da5ac8c9fb33b7fd4", "ts": 1785720802.433645, "type": "deliver"}
{"from": "0772af86d70664e325e22546e3fe7a4c6b82feefae381b62cab85b230fb21719", "height": 0, "msg_type": "PREVOTE", "node": "c8568c45b20b7a1b9e0f4a5dadd1987eb3d6007e239fc9dd224eeb47b71799cf", "ts": 1785720802.43367, "type": "deliver"}
{"from": "0772af86d70664e325e22546e3fe7a4c6b82feefae381b62cab85b230fb21719", "height": 0, "msg_type": "PREVOTE", "node": "f08474af8ab0926587a2475f38484edb316eecc339239614a2d1eff9ccd01800", "ts": 1785720802.433713, "type": "deliver"}
{"from": "0772af86d70664e325e22546e3fe7a4c6b82feefae381b62cab85b230fb21719", "height": 0, "msg_type": "PREVOTE", "node": "f22393e0df7ce07fe1b9a4b8647ed82c1e636f80a5b858638dba3ccf3f416959", "ts": 1785720802.43374, "type": "deliver"}
{"delay": 0.02, "height": 0, "msg_type": "PREVOTE", "node": "13756c2a50bf937f4229883f98ab0b11b0562401f6976befce154a83a086793f", "to": "0772af86d70664e325e22546e3fe7a4c6b82feefae381b62cab85b230fb21719", "ts": 1785720802.43867, "type": "send"}
{"delay": 0.02, "height": 0, "msg_type": "PREVOTE", "node": "13756c2a50bf937f4229883f98ab0b11b0562401f6976befce154a83a086793f", "to": "3fde868ea6caf3041493f50fbcc45ebc3bad7edab4bad774a5dca2b91bec8af0", "ts": 1785720802.438744, "type": "send"}
{"delay": 0.02, "height": 0, "msg_type": "PREVOTE", "node": "13756c2a50bf937f4229883f98ab0b11b0562401f6976befce154a83a086793f", "to": "4600e7073edcf35149235c417b55aed016ffc4133b445b7a44f86e142a6010ae", "ts": 1785720802.438782, "type": "send"}
{"delay": 0.02, "height": 0, "msg_type": "PREVOTE", "node": "13756c2a50bf937f4229883f98ab0b11b0562401f6976befce154a83a086793f", "to": "967fe6e8b6c8221a582c62797d0002f17eee1c8d34def67da5ac8c9fb33b7fd4", "ts": 1785720802.438813, "type": "send"}
{"delay": 0.02, "height": 0, "msg_type": "PREVOTE", "node": "13756c2a50bf937f4229883f98ab0b11b0562401f6976befce154a83a086793f", "to": "c8568c45b20b7a1b9e0f4a5dadd1987eb3d6007e239fc9dd224eeb47b71799cf", "ts": 1785720802.438841, "type": "send"}
{"delay": 0.02, "height": 0, "msg_type": "PREVOTE", "node": "13756c2a50bf937f4229883f98ab0b11b0562401f6976befce154a83a086793f", "to": "f08474af8ab0926587a2475f38484edb316eecc339239614a2d1eff9ccd01800", "ts": 1785720802.438869, "type": "send"}
{"delay": 0.02, "height": 0, "msg_type": "PREVOTE", "node": "13756c2a50bf937f4229883f98ab0b11b0562401f6976befce154a83a086793f", "to": "f22393e0df7ce07fe1b9a4b8647ed82c1e636f80a5b858638dba3ccf3f416959", "ts": 1785720802.438897, "type": "send"}
{"delay": 0.02, "height": 0, "msg_type": "PREVOTE", "node": "3fde868ea6caf3041493f50fbcc45ebc3bad7edab4bad774a5dca2b91bec8af0", "to": "0772af86d70664e325e22546e3fe7a4c6b82feefae381b62cab85b230fb21719", "ts": 1785720802.441962, "type": "send"}
{"delay": 0.02, "height": 0, "msg_type": "PREVOTE", "node": "3fde868ea6caf3041493f50fbcc45ebc3bad7edab4bad774a5dca2b91bec8af0", "to": "13756c2a50bf937f4229883f98ab0b11b0562401f6976befce154a83a086793f", "ts": 1785720802.442025, "type": "send"}
{"delay": 0.02, "height": 0, "msg_type": "PREVOTE", "node": "3fde868ea6caf3041493f50fbcc45ebc3bad7edab4bad774a5dca2b91bec8af0", "to": "4600e7073edcf35149235c417b55aed016ffc4133b445b7a44f86e142a6010ae", "ts": 1785720802.44205, "type": "send"}
{"delay": 0.02, "height": 0, "msg_type": "PREVOTE", "node": "3fde868ea6caf3041493f50fbcc45ebc3bad7edab4bad774a5dca2b91bec8af0", "to": "967fe6e8b6c8221a582c62797d0002f17eee1c8d34def67da5ac8c9fb33b7fd4", "ts": 1785720802.44207, "type": "send"}
{"delay": 0.02, "height": 0, "msg_type": "PREVOTE", "node": "3fde868ea6caf3041493f50fbcc45ebc3bad7edab4bad774a5dca2b91bec8af0", "to": "c8568c45b20b7a1b9e0f4a5dadd1987eb3d6007e239fc9dd224eeb47b71799cf", "ts": 1785720802.442089, "type": "send"}
{"delay": 0.02, "height": 0, "msg_type": "PREVOTE", "node": "3fde868ea6caf3041493f50fbcc45ebc3bad7edab4bad774a5dca2b91bec8af0", "to": "f08474af8ab0926587a2475f38484edb316eecc339239614a2d1eff9ccd01800", "ts": 1785720802.442108, "type": "send"}
{"delay": 0.02, "height": 0, "msg_type": "PREVOTE", "node": "3fde868ea6caf3041493f50fbcc45ebc3bad7edab4bad774a5dca2b91bec8af0", "to": "f22393e0df7ce07fe1b9a4b8647ed82c1e636f80a5b858638dba3ccf3f416959", "ts": 1785720802.442127, "type": "send"}
{"delay": 0.02, "height": 0, "msg_type": "PREVOTE", "node": "4600e7073edcf35149235c417b55aed016ffc4133b445b7a44f86e142a6010ae", "to": "0772af86d70664e325e22546e3fe7a4c6b82feefae381b62cab85b230fb21719", "ts": 1785720802.444819, "type": "send"}
{"delay": 0.02, "height": 0, "msg_type": "PREVOTE", "node": "4600e7073edcf35149235c417b55aed016ffc4133b445b7a44f86e142a6010ae", "to": "13756c2a50bf937f4229883f98ab0b11b0562401f6976befce154a83a086793f", "ts": 1785720802.444867, "type": "send"}
{"delay": 0.02, "height": 0, "msg_type": "PREVOTE", "node": "4600e7073edcf35149235c417b55aed016ffc4133b445b7a44f86e142a6010ae", "to": "3fde868ea6caf3041493f50fbcc45ebc3bad7edab4bad774a5dca2b91bec8af0", "ts": 1785720802.444894, "type": "send"}
{"delay": 0.02, "height": 0, "msg_type": "PREVOTE", "node": "4600e7073edcf35149235c417b55aed016ffc4133b445b7a44f86e142a6010ae", "to": "967fe6e8b6c8221a582c62797d0002f17eee1c8d34def67da5ac8c9fb33b7fd4", "ts": 1785720802.444916, "type": "send"}
{"delay": 0.02, "height": 0, "msg_type": "PREVOTE", "node": "4600e7073edcf35149235c417b55aed016ffc4133b445b7a44f86e142a6010ae", "to": "c8568c45b20b7a1b9e0f4a5dadd1987eb3d6007e239fc9dd224eeb47b71799cf", "ts": 1785720802.444946, "type": "send"}
{"delay": 0.02, "height": 0, "msg_type": "PREVOTE", "node": "4600e7073edcf35149235c417b55aed016ffc4133b445b7a44f86e142a6010ae", "to": "f08474af8ab0926587a2475f38484edb316eecc339239614a2d1eff9ccd01800", "ts": 1785720802.444968, "type": "send"}
{"delay": 0.02, "height": 0, "msg_type": "PREVOTE", "node": "4600e7073edcf35149235c417b55aed016ffc4133b445b7a44f86e142a6010ae", "to": "f22393e0df7ce07fe1b9a4b8647ed82c1e636f80a5b858638dba3ccf3f416959", "ts": 1785720802.445018, "type": "send"}
{"delay": 0.02, "height": 0, "msg_type": "PREVOTE", "node": "967fe6e8b6c8221a582c62797d0002f17eee1c8d34def67da5ac8c9fb33b7fd4", "to": "0772af86d70664e325e22546e3fe7a4c6b82feefae381b62cab85b230fb21719", "ts": 1785720802.447462, "type": "send"}
{"delay": 0.02, "height": 0, "msg_type": "PREVOTE", "node": "967fe6e8b6c8221a582c62797d0002f17eee1c8d34def67da5ac8c9fb33b7fd4", "to": "13756c2a50bf937f4229883f98ab0b11b0562401f6976befce154a83a086793f", "ts": 1785720802.447522, "type": "send"}
{"delay": 0.02, "height": 0, "msg_type": "PREVOTE", "node": "967fe6e8b6c8221a582c62797d0002f17eee1c8d34def67da5ac8c9fb33b7fd4", "to": "3fde868ea6caf3041493f50fbcc45ebc3bad7edab4bad774a5dca2b91bec8af0", "ts": 1785720802.447563, "type": "send"}
{"delay": 0.02, "height": 0, "msg_type": "PREVOTE", "node": "967fe6e8b6c8221a582c62797d0002f17eee1c8d34def67da5ac8c9fb33b7fd4", "to": "4600e7073edcf35149235c417b55aed016ffc4133b445b7a44f86e142a6010ae", "ts": 1785720802.447606, "type": "send"}
{"delay": 0.02, "height": 0, "msg_type": "PREVOTE", "node": "967fe6e8b6c8221a582c62797d0002f17eee1c8d34def67da5ac8c9fb33b7fd4", "to": "c8568c45b20b7a1b9e0f4a5dadd1987eb3d6007e239fc9dd224eeb47b71799cf", "ts": 1785720802.447653, "type": "send"}
{"delay": 0.02, "height": 0, "msg_type": "PREVOTE", "node": "967fe6e8b6c8221a582c62797d0002f17eee1c8d34def67da5ac8c9fb33b7fd4", "to": "f08474af8ab0926587a2475f38484edb316eecc339239614a2d1eff9ccd01800", "ts": 1785720802.447703, "type": "send"}
{"delay": 0.02, "height": 0, "msg_type": "PREVOTE", "node": "967fe6e8b6c8221a582c62797d0002f17eee1c8d34def67da5ac8c9fb33b7fd4", "to": "f22393e0df7ce07fe1b9a4b8647ed82c1e636f80a5b858638dba3ccf3f416959", "ts": 1785720802.44773, "type": "send"}
{"delay": 0.02, "height": 0, "msg_type": "PREVOTE", "node": "c8568c45b20b7a1b9e0f4a5dadd1987eb3d6007e239fc9dd224eeb47b71799cf", "to": "0772af86d70664e325e22546e3fe7a4c6b82feefae381b62cab85b230fb21719", "ts": 1785720802.449355, "type": "send"}
{"delay": 0.02, "height": 0, "msg_type": "PREVOTE", "node": "c8568c45b20b7a1b9e0f4a5dadd1987eb3d6007e239fc9dd224eeb47b71799cf", "to": "13756c2a50bf937f4229883f98ab0b11b0562401f6976befce154a83a086793f", "ts": 1785720802.44938, "type": "send"}
{"delay": 0.02, "height": 0, "msg_type": "PREVOTE", "node": "c8568c45b20b7a1b9e0f4a5dadd1987eb3d6007e239fc9dd224eeb47b71799cf", "to": "3fde868ea6caf3041493f50fbcc45ebc3bad7edab4bad774a5dca2b91bec8af0", "ts": 1785720802.449397, "type": "send"}
{"delay": 0.02, "height": 0, "msg_type": "PREVOTE", "node": "c8568c45b20b7a1b9e0f4a5dadd1987eb3d6007e239fc9dd224eeb47b71799cf", "to": "4600e7073edcf35149235c417b55aed016ffc4133b445b7a44f86e142a6010ae", "ts": 1785720802.449418, "type": "send"}
{"delay": 0.02, "height": 0, "msg_type": "PREVOTE", "node": "c8568c45b20b7a1b9e0f4a5dadd1987eb3d6007e239fc9dd224eeb47b71799cf", "to": "967fe6e8b6c8221a582c62797d0002f17eee1c8d34def67da5ac8c9fb33b7fd4", "ts": 1785720802.449436, "type": "send"}
{"delay": 0.02, "height": 0, "msg_type": "PREVOTE", "node": "c8568c45b20b7a1b9e0f4a5dadd1987eb3d6007e239fc9dd224eeb47b71799cf", "to": "f08474af8ab0926587a2475f38484edb316eecc339239614a2d1eff9ccd01800", "ts": 1785720802.44945, "type": "send"}
{"delay": 0.02, "height": 0, "msg_type": "PREVOTE", "node": "c8568c45b20b7a1b9e0f4a5dadd1987eb3d6007e239fc9dd224eeb47b71799cf", "to": "f22393e0df7ce07fe1b9a4b8647ed82c1e636f80a5b858638dba3ccf3f416959", "ts": 1785720802.449464, "type": "send"}
{"delay": 0.02, "height": 0, "msg_type": "PREVOTE", "node": "f08474af8ab0926587a2475f38484edb316eecc339239614a2d1eff9ccd01800", "to": "0772af86d70664e325e22546e3fe7a4c6b82feefae381b62cab85b230fb21719", "ts": 1785720802.450994, "type": "send"}
{"delay": 0.02, "height": 0, "msg_type": "PREVOTE", "node": "f08474af8ab0926587a2475f38484edb316eecc339239614a2d1eff9ccd01800", "to": "13756c2a50bf937f4229883f98ab0b11b0562401f6976befce154a83a086793f", "ts": 1785720802.45102, "type": "send"}
{"delay": 0.02, "height": 0, "msg_type": "PREVOTE", "node": "f08474af8ab0926587a2475f38484edb316eecc339239614a2d1eff9ccd01800", "to": "3fde868ea6caf3041493f50fbcc45ebc3bad7edab4bad774a5dca2b91bec8af0", "ts": 1785720802.451037, "type": "send"}
{"delay": 0.02, "height": 0, "msg_type": "PREVOTE", "node": "f08474af8ab0926587a2475f38484edb316eecc339239614a2d1eff9ccd01800", "to": "4600e7073edcf35149235c417b55aed016ffc4133b445b7a44f86e142a6010ae", "ts": 1785720802.451057, "type": "send"}
{"delay": 0.02, "height": 0, "msg_type": "PREVOTE", "node": "f08474af8ab0926587a2475f38484edb316eecc339239614a2d1eff9ccd01800", "to": "967fe6e8b6c8221a582c62797d0002f17eee1c8d34def67da5ac8c9fb33b7fd4", "ts": 1785720802.451072, "type": "send"}
{"delay": 0.02, "height": 0, "msg_type": "PREVOTE", "node": "f08474af8ab0926587a2475f38484edb316eecc339239614a2d1eff9ccd01800", "to": "c8568c45b20b7a1b9e0f4a5dadd1987eb3d6007e239fc9dd224eeb47b71799cf", "ts": 1785720802.451086, "type": "send"}
{"delay": 0.02, "height": 0, "msg_type": "PREVOTE", "node": "f08474af8ab0926587a2475f38484edb316eecc339239614a2d1eff9ccd01800", "to": "f22393e0df7ce07fe1b9a4b8647ed82c1e636f80a5b858638dba3ccf3f416959", "ts": 1785720802.4511, "type": "send"}
{"delay": 0.02, "height": 0, "msg_type": "PREVOTE", "node": "f22393e0df7ce07fe1b9a4b8647ed82c1e636f80a5b858638dba3ccf3f416959", "to": "0772af86d70664e325e22546e3fe7a4c6b82feefae381b62cab85b230fb21719", "ts": 1785720802.452647, "type": "send"}
{"delay": 0.02, "height": 0, "msg_type": "PREVOTE", "node": "f22393e0df7ce07fe1b9a4b8647ed82c1e636f80a5b858638dba3ccf3f416959", "to": "13756c2a50bf937f4229883f98ab0b11b0562401f6976befce154a83a086793f", "ts": 1785720802.452673, "type": "send"}
{"delay": 0.02, "height": 0, "msg_type": "PREVOTE", "node": "f22393e0df7ce07fe1b9a4b8647ed82c1e636f80a5b858638dba3ccf3f416959", "to": "3fde868ea6caf3041493f50fbcc45ebc3bad7edab4bad774a5dca2b91bec8af0", "ts": 1785720802.452697, "type": "send"}
{"delay": 0.02, "height": 0, "msg_type": "PREVOTE", "node": "f22393e0df7ce07fe1b9a4b8647ed82c1e636f80a5b858638dba3ccf3f416959", "to": "4600e7073edcf35149235c417b55aed016ffc4133b445b7a44f86e142a6010ae", "ts": 1785720802.452711, "type": "send"}
{"delay": 0.02, "height": 0, "msg_type": "PREVOTE", "node": "f22393e0df7ce07fe1b9a4b8647ed82c1e636f80a5b858638dba3ccf3f416959", "to": "967fe6e8b6c8221a582c62797d0002f17eee1c8d34def67da5ac8c9fb33b7fd4", "ts": 1785720802.452725, "type": "send"}
{"delay": 0.02, "height": 0, "msg_type": "PREVOTE", "node": "f22393e0df7ce07fe1b9a4b8647ed82c1e636f80a5b858638dba3ccf3f416959", "to": "c8568c45b20b7a1b9e0f4a5dadd1987eb3d6007e239fc9dd224eeb47b71799cf", "ts": 1785720802.452738, "type": "send"}
{"delay": 0.02, "height": 0, "msg_type": "PREVOTE", "node": "f22393e0df7ce07fe1b9a4b8647ed82c1e636f80a5b858638dba3ccf3f416959", "to": "f08474af8ab0926587a2475f38484edb316eecc339239614a2d1eff9ccd01800", "ts": 1785720802.452752, "type": "send"}
{"from": "13756c2a50bf937f4229883f98ab0b11b0562401f6976befce154a83a086793f", "height": 0, "msg_type": "PREVOTE", "node": "0772af86d70664e325e22546e3fe7a4c6b82feefae381b62cab85b230fb21719", "ts": 1785720802.481841, "type": "deliver"}
{"from": "13756c2a50bf937f4229883f98ab0b11b0562401f6976befce154a83a086793f", "height": 0, "msg_type": "PREVOTE", "node": "3fde868ea6caf3041493f50fbcc45ebc3bad7edab4bad774a5dca2b91bec8af0", "ts": 1785720802.482006, "type": "deliver"}
{"from": "13756c2a50bf937f4229883f98ab0b11b0562401f6976befce154a83a086793f", "height": 0, "msg_type": "PREVOTE", "node": "4600e7073edcf35149235c417b55aed016ffc4133b445b7a44f86e142a6010ae", "ts": 1785720802.482124, "type": "deliver"}
{"from": "13756c2a50bf937f4229883f98ab0b11b0562401f6976befce154a83a086793f", "height": 0, "msg_type": "PREVOTE", "node": "967fe6e8b6c8221a582c62797d0002f17eee1c8d34def67da5ac8c9fb33b7fd4", "ts": 1785720802.482233, "type": "deliver"}
{"from": "13756c2a50bf937f4229883f98ab0b11b0562401f6976befce154a83a086793f", "height": 0, "msg_type": "PREVOTE", "node": "c8568c45b20b7a1b9e0f4a5dadd1987eb3d6007e239fc9dd224eeb47b71799cf", "ts": 1785720802.48234, "type": "deliver"}
{"from": "13756c2a50bf937f4229883f98ab0b11b0562401f6976befce154a83a086793f", "height": 0, "msg_type": "PREVOTE", "node": "f08474af8ab0926587a2475f38484edb316eecc339239614a2d1eff9ccd01800", "ts": 1785720802.482433, "type": "deliver"}
{"from": "13756c2a50bf937f4229883f98ab0b11b0562401f6976befce154a83a086793f", "height": 0, "msg_type": "PREVOTE", "node": "f22393e0df7ce07fe1b9a4b8647ed82c1e636f80a5b858638dba3ccf3f416959", "ts": 1785720802.482535, "type": "deliver"}
{"from": "3fde868ea6caf3041493f50fbcc45ebc3bad7edab4bad774a5dca2b91bec8af0", "height": 0, "msg_type": "PREVOTE", "node": "0772af86d70664e325e22546e3fe7a4c6b82feefae381b62cab85b230fb21719", "ts": 1785720802.48263, "type": "deliver"}
{"from": "3fde868ea6caf3041493f50fbcc45ebc3bad7edab4bad774a5dca2b91bec8af0", "height": 0, "msg_type": "PREVOTE", "node": "13756c2a50bf937f4229883f98ab0b11b0562401f6976befce154a83a086793f", "ts": 1785720802.482708, "type": "deliver"}
{"from": "3fde868ea6caf3041493f50fbcc45ebc3bad7edab4bad774a5dca2b91bec8af0", "height": 0, "msg_type": "PREVOTE", "node": "4600e7073edcf35149235c417b55aed016ffc4133b445b7a44f86e142a6010ae", "ts": 1785720802.482806, "type": "deliver"}
{"from": "3fde868ea6caf3041493f50fbcc45ebc3bad7edab4bad774a5dca2b91bec8af0", "height": 0, "msg_type": "PREVOTE", "node": "967fe6e8b6c8221a582c62797d0002f17eee1c8d34def67da5ac8c9fb33b7fd4", "ts": 1785720802.482877, "type": "deliver"}
{"from": "3fde868ea6caf3041493f50fbcc45ebc3bad7edab4bad774a5dca2b91bec8af0", "height": 0, "msg_type": "PREVOTE", "node": "c8568c45b20b7a1b9e0f4a5dadd1987eb3d6007e239fc9dd224eeb47b71799cf", "ts": 1785720802.48295, "type": "deliver"}
{"from": "3fde868ea6caf3041493f50fbcc45ebc3bad7edab4bad774a5dca2b91bec8af0", "height": 0, "msg_type": "PREVOTE", "node": "f08474af8ab0926587a2475f38484edb316eecc339239614a2d1eff9ccd01800", "ts": 1785720802.483048, "type": "deliver"}
{"from": "3fde868ea6caf3041493f50fbcc45ebc3bad7edab4bad774a5dca2b91bec8af0", "height": 0, "msg_type": "PREVOTE", "node": "f22393e0df7ce07fe1b9a4b8647ed82c1e636f80a5b858638dba3ccf3f416959", "ts": 1785720802.483125, "type": "deliver"}
{"from": "4600e7073edcf35149235c417b55aed016ffc4133b445b7a44f86e142a6010ae", "height": 0, "msg_type": "PREVOTE", "node": "0772af86d70664e325e22546e3fe7a4c6b82feefae381b62cab85b230fb21719", "ts": 1785720802.483196, "type": "deliver"}
{"from": "4600e7073edcf35149235c417b55aed016ffc4133b445b7a44f86e142a6010ae", "height": 0, "msg_type": "PREVOTE", "node": "13756c2a50bf937f4229883f98ab0b11b0562401f6976befce154a83a086793f", "ts": 1785720802.48329, "type": "deliver"}
{"from": "4600e7073edcf35149235c417b55aed016ffc4133b445b7a44f86e142a6010ae", "height": 0, "msg_type": "PREVOTE", "node": "3fde868ea6caf3041493f50fbcc45ebc3bad7edab4bad774a5dca2b91bec8af0", "ts": 1785720802.483367, "type": "deliver"}
{"from": "4600e7073edcf35149235c417b55aed016ffc4133b445b7a44f86e142a6010ae", "height": 0, "msg_type": "PREVOTE", "node": "967fe6e8b6c8221a582c62797d0002f17eee1c8d34def67da5ac8c9fb33b7fd4", "ts": 1785720802.483444, "type": "deliver"}
{"from": "4600e7073edcf35149235c417b55aed016ffc4133b445b7a44f86e142a6010ae", "height": 0, "msg_type": "PREVOTE", "node": "c8568c45b20b7a1b9e0f4a5dadd1987eb3d6007e239fc9dd224eeb47b71799cf", "ts": 1785720802.483521, "type": "deliver"}
{"from": "4600e7073edcf35149235c417b55aed016ffc4133b445b7a44f86e142a6010ae", "height": 0, "msg_type": "PREVOTE", "node": "f08474af8ab0926587a2475f38484edb316eecc339239614a2d1eff9ccd01800", "ts": 1785720802.483591, "type": "deliver"}
{"from": "4600e7073edcf35149235c417b55aed016ffc4133b445b7a44f86e142a6010ae", "height": 0, "msg_type": "PREVOTE", "node": "f22393e0df7ce07fe1b9a4b8647ed82c1e636f80a5b858638dba3ccf3f416959", "ts": 1785720802.483678, "type": "deliver"}
{"from": "967fe6e8b6c8221a582c62797d0002f17eee1c8d34def67da5ac8c9fb33b7fd4", "height": 0, "msg_type": "PREVOTE", "node": "0772af86d70664e325e22546e3fe7a4c6b82feefae381b62cab85b230fb21719", "ts": 1785720802.483743, "type": "deliver"}
{"from": "967fe6e8b6c8221a582c62797d0002f17eee1c8d34def67da5ac8c9fb33b7fd4", "height": 0, "msg_type": "PREVOTE", "node": "13756c2a50bf937f4229883f98ab0b11b0562401f6976befce154a83a086793f", "ts": 1785720802.483815, "type": "deliver"}
{"from": "967fe6e8b6c8221a582c62797d0002f17eee1c8d34def67da5ac8c9fb33b7fd4", "height": 0, "msg_type": "PREVOTE", "node": "3fde868ea6caf3041493f50fbcc45ebc3bad7edab4bad774a5dca2b91bec8af0", "ts": 1785720802.483888, "type": "deliver"}
{"from": "967fe6e8b6c8221a582c62797d0002f17eee1c8d34def67da5ac8c9fb33b7fd4", "height": 0, "msg_type": "PREVOTE", "node": "4600e7073edcf35149235c417b55aed016ffc4133b445b7a44f86e142a6010ae", "ts": 1785720802.483961, "type": "deliver"}
{"from": "967fe6e8b6c8221a582c62797d0002f17eee1c8d34def67da5ac8c9fb33b7fd4", "height": 0, "msg_type": "PREVOTE", "node": "c8568c45b20b7a1b9e0f4a5dadd1987eb3d6007e239fc9dd224eeb47b71799cf", "ts": 1785720802.484217, "type": "deliver"}
{"from": "967fe6e8b6c8221a582c62797d0002f17eee1c8d34def67da5ac8c9fb33b7fd4", "height": 0, "msg_type": "PREVOTE", "node": "f08474af8ab0926587a2475f38484edb316eecc339239614a2d1eff9ccd01800", "ts": 1785720802.484297, "type": "deliver"}
{"from": "967fe6e8b6c8221a582c62797d0002f17eee1c8d34def67da5ac8c9fb33b7fd4", "height": 0, "msg_type": "PREVOTE", "node": "f22393e0df7ce07fe1b9a4b8647ed82c1e636f80a5b858638dba3ccf3f416959", "ts": 1785720802.48437, "type": "deliver"}
{"from": "c8568c45b20b7a1b9e0f4a5dadd1987eb3d6007e239fc9dd224eeb47b71799cf", "height": 0, "msg_type": "PREVOTE", "node": "0772af86d70664e325e22546e3fe7a4c6b82feefae381b62cab85b230fb21719", "ts": 1785720802.484439, "type": "deliver"}
{"from": "c8568c45b20b7a1b9e0f4a5dadd1987eb3d6007e239fc9dd224eeb47b71799cf", "height": 0, "msg_type": "PREVOTE", "node": "13756c2a50bf937f4229883f98ab0b11b0562401f6976befce154a83a086793f", "ts": 1785720802.484504, "type": "deliver"}
{"from": "c8568c45b20b7a1b9e0f4a5dadd1987eb3d6007e239fc9dd224eeb47b71799cf", "height": 0, "msg_type": "PREVOTE", "node": "3fde868ea6caf3041493f50fbcc45ebc3bad7edab4bad774a5dca2b91bec8af0", "ts": 1785720802.484568, "type": "deliver"}
{"from": "c8568c45b20b7a1b9e0f4a5dadd1987eb3d6007e239fc9dd224eeb47b71799cf", "height": 0, "msg_type": "PREVOTE", "node": "4600e7073edcf35149235c417b55aed016ffc4133b445b7a44f86e142a6010ae", "ts": 1785720802.484641, "type": "deliver"}
{"from": "c8568c45b20b7a1b9e0f4a5dadd1987eb3d6007e239fc9dd224eeb47b71799cf", "height": 0, "msg_type": "PREVOTE", "node": "967fe6e8b6c8221a582c62797d0002f17eee1c8d34def67da5ac8c9fb33b7fd4", "ts": 1785720802.484719, "type": "deliver"}
{"from": "c8568c45b20b7a1b9e0f4a5dadd1987eb3d6007e239fc9dd224eeb47b71799cf", "height": 0, "msg_type": "PREVOTE", "node": "f08474af8ab0926587a2475f38484edb316eecc339239614a2d1eff9ccd01800", "ts": 1785720802.484789, "type": "deliver"}
{"from": "c8568c45b20b7a1b9e0f4a5dadd1987eb3d6007e239fc9dd224eeb47b71799cf", "height": 0, "msg_type": "PREVOTE", "node": "f22393e0df7ce07fe1b9a4b8647ed82c1e636f80a5b858638dba3ccf3f416959", "ts": 1785720802.484858, "type": "deliver"}
{"from": "f08474af8ab0926587a2475f38484edb316eecc339239614a2d1eff9ccd01800", "height": 0, "msg_type": "PREVOTE", "node": "0772af86d70664e325e22546e3fe7a4c6b82feefae381b62cab85b230fb21719", "ts": 1785720802.484933, "type": "deliver"}
{"from": "f08474af8ab0926587a2475f38484edb316eecc339239614a2d1eff9ccd01800", "height": 0, "msg_type": "PREVOTE", "node": "13756c2a50bf937f4229883f98ab0b11b0562401f6976befce154a83a086793f", "ts": 1785720802.485018, "type": "deliver"}
{"from": "f08474af8ab0926587a2475f38484edb316eecc339239614a2d1eff9ccd01800", "height": 0, "msg_type": "PREVOTE", "node": "3fde868ea6caf3041493f50fbcc45ebc3bad7edab4bad774a5dca2b91bec8af0", "ts": 1785720802.485087, "type": "deliver"}
{"from": "f08474af8ab0926587a2475f38484edb316eecc339239614a2d1eff9ccd01800", "height": 0, "msg_type": "PREVOTE", "node": "4600e7073edcf35149235c417b55aed016ffc4133b445b7a44f86e142a6010ae", "ts": 1785720802.485153, "type": "deliver"}
{"from": "f08474af8ab0926587a2475f38484edb316eecc339239614a2d1eff9ccd01800", "height": 0, "msg_type": "PREVOTE", "node": "967fe6e8b6c8221a582c62797d0002f17eee1c8d34def67da5ac8c9fb33b7fd4", "ts": 1785720802.485217, "type": "deliver"}
{"from": "f08474af8ab0926587a2475f38484edb316eecc339239614a2d1eff9ccd01800", "height": 0, "msg_type": "PREVOTE", "node": "c8568c45b20b7a1b9e0f4a5dadd1987eb3d6007e239fc9dd224eeb47b71799cf", "ts": 1785720802.485308, "type": "deliver"}
{"from": "f08474af8ab0926587a2475f38484edb316eecc339239614a2d1eff9ccd01800", "height": 0, "msg_type": "PREVOTE", "node": "f22393e0df7ce07fe1b9a4b8647ed82c1e636f80a5b858638dba3ccf3f416959", "ts": 1785720802.485382, "type": "deliver"}
{"from": "f22393e0df7ce07fe1b9a4b8647ed82c1e636f80a5b858638dba3ccf3f416959", "height": 0, "msg_type": "PREVOTE", "node": "0772af86d70664e325e22546e3fe7a4c6b82feefae381b62cab85b230fb21719", "ts": 1785720802.485452, "type": "deliver"}
{"from": "f22393e0df7ce07fe1b9a4b8647ed82c1e636f80a5b858638dba3ccf3f416959", "height": 0, "msg_type": "PREVOTE", "node": "13756c2a50bf937f4229883f98ab0b11b0562401f6976befce154a83a086793f", "ts": 1785720802.485518, "type": "deliver"}
{"from": "f22393e0df7ce07fe1b9a4b8647ed82c1e636f80a5b858638dba3ccf3f416959", "height": 0, "msg_type": "PREVOTE", "node": "3fde868ea6caf3041493f50fbcc45ebc3bad7edab4bad774a5dca2b91bec8af0", "ts": 1785720802.485583, "type": "deliver"}
{"from": "f22393e0df7ce07fe1b9a4b8647ed82c1e636f80a5b858638dba3ccf3f416959", "height": 0, "msg_type": "PREVOTE", "node": "4600e7073edcf35149235c417b55aed016ffc4133b445b7a44f86e142a6010ae", "ts": 1785720802.485648, "type": "deliver"}
{"from": "f22393e0df7ce07fe1b9a4b8647ed82c1e636f80a5b858638dba3ccf3f416959", "height": 0, "msg_type": "PREVOTE", "node": "967fe6e8b6c8221a582c62797d0002f17eee1c8d34def67da5ac8c9fb33b7fd4", "ts": 1785720802.485714, "type": "deliver"}
{"from": "f22393e0df7ce07fe1b9a4b8647ed82c1e636f80a5b858638dba3ccf3f416959", "height": 0, "msg_type": "PREVOTE", "node": "c8568c45b20b7a1b9e0f4a5dadd1987eb3d6007e239fc9dd224eeb47b71799cf", "ts": 1785720802.486783, "type": "deliver"}
{"from": "f22393e0df7ce07fe1b9a4b8647ed82c1e636f80a5b858638dba3ccf3f416959", "height": 0, "msg_type": "PREVOTE", "node": "f08474af8ab0926587a2475f38484edb316eecc339239614a2d1eff9ccd01800", "ts": 1785720802.486859, "type": "deliver"}
{"delay": 0.02, "height": 0, "msg_type": "PRECOMMIT", "node": "0772af86d70664e325e22546e3fe7a4c6b82feefae381b62cab85b230fb21719", "to": "13756c2a50bf937f4229883f98ab0b11b0562401f6976befce154a83a086793f", "ts": 1785720802.491138, "type": "send"}
{"delay": 0.02, "height": 0, "msg_type": "PRECOMMIT", "node": "0772af86d70664e325e22546e3fe7a4c6b82feefae381b62cab85b230fb21719", "to": "3fde868ea6caf3041493f50fbcc45ebc3bad7edab4bad774a5dca2b91bec8af0", "ts": 1785720802.491237, "type": "send"}
{"delay": 0.02, "height": 0, "msg_type": "PRECOMMIT", "node": "0772af86d70664e325e22546e3fe7a4c6b82feefae381b62cab85b230fb21719", "to": "4600e7073edcf35149235c417b55aed016ffc4133b445b7a44f86e142a6010ae", "ts": 1785720802.491314, "type": "send"}
{"delay": 0.02, "height": 0, "msg_type": "PRECOMMIT", "node": "0772af86d70664e325e22546e3fe7a4c6b82feefae381b62cab85b230fb21719", "to": "967fe6e8b6c8221a582c62797d0002f17eee1c8d34def67da5ac8c9fb33b7fd4", "ts": 1785720802.491388, "type": "send"}
{"delay": 0.02, "height": 0, "msg_type": "PRECOMMIT", "node": "0772af86d70664e325e22546e3fe7a4c6b82feefae381b62cab85b230fb21719", "to": "c8568c45b20b7a1b9e0f4a5dadd1987eb3d6007e239fc9dd224eeb47b71799cf", "ts": 1785720802.491463, "type": "send"}
{"delay": 0.02, "height": 0, "msg_type": "PRECOMMIT", "node": "0772af86d70664e325e22546e3fe7a4c6b82feefae381b62cab85b230fb21719", "to": "f08474af8ab0926587a2475f38484edb316eecc339239614a2d1eff9ccd01800", "ts": 1785720802.491526, "type": "send"}
{"delay": 0.02, "height": 0, "msg_type": "PRECOMMIT", "node": "0772af86d70664e325e22546e3fe7a4c6b82feefae381b62cab85b230fb21719", "to": "f22393e0df7ce07fe1b9a4b8647ed82c1e636f80a5b858638dba3ccf3f416959", "ts": 1785720802.491595, "type": "send"}
{"delay": 0.02, "height": 0, "msg_type": "PRECOMMIT", "node": "3fde868ea6caf3041493f50fbcc45ebc3bad7edab4bad774a5dca2b91bec8af0", "to": "0772af86d70664e325e22546e3fe7a4c6b82feefae381b62cab85b230fb21719", "ts": 1785720802.498892, "type": "send"}
{"delay": 0.02, "height": 0, "msg_type": "PRECOMMIT", "node": "3fde868ea6caf3041493f50fbcc45ebc3bad7edab4bad774a5dca2b91bec8af0", "to": "13756c2a50bf937f4229883f98ab0b11b0562401f6976befce154a83a086793f", "ts": 1785720802.498962, "type": "send"}
{"delay": 0.02, "height": 0, "msg_type": "PRECOMMIT", "node": "3fde868ea6caf3041493f50fbcc45ebc3bad7edab4bad774a5dca2b91bec8af0", "to": "4600e7073edcf35149235c417b55aed016ffc4133b445b7a44f86e142a6010ae", "ts": 1785720802.499007, "type": "send"}
{"delay": 0.02, "height": 0, "msg_type": "PRECOMMIT", "node": "3fde868ea6caf3041493f50fbcc45ebc3bad7edab4bad774a5dca2b91bec8af0", "to": "967fe6e8b6c8221a582c62797d0002f17eee1c8d34def67da5ac8c9fb33b7fd4", "ts": 1785720802.499068, "type": "send"}
{"delay": 0.02, "height": 0, "msg_type": "PRECOMMIT", "node": "3fde868ea6caf3041493f50fbcc45ebc3bad7edab4bad774a5dca2b91bec8af0", "to": "c8568c45b20b7a1b9e0f4a5dadd1987eb3d6007e239fc9dd224eeb47b71799cf", "ts": 1785720802.499095, "type": "send"}
{"delay": 0.02, "height": 0, "msg_type": "PRECOMMIT", "node": "3fde868ea6caf3041493f50fbcc45ebc3bad7edab4bad774a5dca2b91bec8af0", "to": "f08474af8ab0926587a2475f38484edb316eecc339239614a2d1eff9ccd01800", "ts": 1785720802.499119, "type": "send"}
{"delay": 0.02, "height": 0, "msg_type": "PRECOMMIT", "node": "3fde868ea6caf3041493f50fbcc45ebc3bad7edab4bad774a5dca2b91bec8af0", "to": "f22393e0df7ce07fe1b9a4b8647ed82c1e636f80a5b858638dba3ccf3f416959", "ts": 1785720802.499144, "type": "send"}
{"delay": 0.02, "height": 0, "msg_type": "PRECOMMIT", "node": "4600e7073edcf35149235c417b55aed016ffc4133b445b7a44f86e142a6010ae", "to": "0772af86d70664e325e22546e3fe7a4c6b82feefae381b62cab85b230fb21719", "ts": 1785720802.503836, "type": "send"}
{"delay": 0.02, "height": 0, "msg_type": "PRECOMMIT", "node": "4600e7073edcf35149235c417b55aed016ffc4133b445b7a44f86e142a6010ae", "to": "13756c2a50bf937f4229883f98ab0b11b0562401f6976befce154a83a086793f", "ts": 1785720802.503885, "type": "send"}
{"delay": 0.02, "height": 0, "msg_type": "PRECOMMIT", "node": "4600e7073edcf35149235c417b55aed016ffc4133b445b7a44f86e142a6010ae", "to": "3fde868ea6caf3041493f50fbcc45ebc3bad7edab4bad774a5dca2b91bec8af0", "ts": 1785720802.503916, "type": "send"}
{"delay": 0.02, "height": 0, "msg_type": "PRECOMMIT", "node": "4600e7073edcf35149235c417b55aed016ffc4133b445b7a44f86e142a6010ae", "to": "967fe6e8b6c8221a582c62797d0002f17eee1c8d34def67da5ac8c9fb33b7fd4", "ts": 1785720802.503944, "type": "send"}
{"delay": 0.02, "height": 0, "msg_type": "PRECOMMIT", "node": "4600e7073edcf35149235c417b55aed016ffc4133b445b7a44f86e142a6010ae", "to": "c8568c45b20b7a1b9e0f4a5dadd1987eb3d6007e239fc9dd224eeb47b71799cf", "ts": 1785720802.504013, "type": "send"}
{"delay": 0.02, "height": 0, "msg_type": "PRECOMMIT", "node": "4600e7073edcf35149235c417b55aed016ffc4133b445b7a44f86e142a6010ae", "to": "f08474af8ab0926587a2475f38484edb316eecc339239614a2d1eff9ccd01800", "ts": 1785720802.504058, "type": "send"}
{"delay": 0.02, "height": 0, "msg_type": "PRECOMMIT", "node": "4600e7073edcf35149235c417b55aed016ffc4133b445b7a44f86e142a6010ae", "to": "f22393e0df7ce07fe1b9a4b8647ed82c1e636f80a5b858638dba3ccf3f416959", "ts": 1785720802.504093, "type": "send"}
{"delay": 0.02, "height": 0, "msg_type": "PRECOMMIT", "node": "967fe6e8b6c8221a582c62797d0002f17eee1c8d34def67da5ac8c9fb33b7fd4", "to": "0772af86d70664e325e22546e3fe7a4c6b82feefae381b62cab85b230fb21719", "ts": 1785720802.508202, "type": "send"}
{"delay": 0.02, "height": 0, "msg_type": "PRECOMMIT", "node": "967fe6e8b6c8221a582c62797d0002f17eee1c8d34def67da5ac8c9fb33b7fd4", "to": "13756c2a50bf937f4229883f98ab0b11b0562401f6976befce154a83a086793f", "ts": 1785720802.508248, "type": "send"}
{"delay": 0.02, "height": 0, "msg_type": "PRECOMMIT", "node": "967fe6e8b6c8221a582c62797d0002f17eee1c8d34def67da5ac8c9fb33b7fd4", "to": "3fde868ea6caf3041493f50fbcc45ebc3bad7edab4bad774a5dca2b91bec8af0", "ts": 1785720802.508299, "type": "send"}
{"delay": 0.02, "height": 0, "msg_type": "PRECOMMIT", "node": "967fe6e8b6c8221a582c62797d0002f17eee1c8d34def67da5ac8c9fb33b7fd4", "to": "4600e7073edcf35149235c417b55aed016ffc4133b445b7a44f86e142a6010ae", "ts": 1785720802.508325, "type": "send"}
{"delay": 0.02, "height": 0, "msg_type": "PRECOMMIT", "node": "967fe6e8b6c8221a582c62797d0002f17eee1c8d34def67da5ac8c9fb33b7fd4", "to": "c8568c45b20b7a1b9e0f4a5dadd1987eb3d6007e239fc9dd224eeb47b71799cf", "ts": 1785720802.50835, "type": "send"}
{"delay": 0.02, "height": 0, "msg_type": "PRECOMMIT", "node": "967fe6e8b6c8221a582c62797d0002f17eee1c8d34def67da5ac8c9fb33b7fd4", "to": "f08474af8ab0926587a2475f38484edb316eecc339239614a2d1eff9ccd01800", "ts": 1785720802.508374, "type": "send"}
{"delay": 0.02, "height": 0, "msg_type": "PRECOMMIT", "node": "967fe6e8b6c8221a582c62797d0002f17eee1c8d34def67da5ac8c9fb33b7fd4", "to": "f22393e0df7ce07fe1b9a4b8647ed82c1e636f80a5b858638dba3ccf3f416959", "ts": 1785720802.508398, "type": "send"}
{"delay": 0.02, "height": 0, "msg_type": "PRECOMMIT", "node": "c8568c45b20b7a1b9e0f4a5dadd1987eb3d6007e239fc9dd224eeb47b71799cf", "to": "0772af86d70664e325e22546e3fe7a4c6b82feefae381b62cab85b230fb21719", "ts": 1785720802.512375, "type": "send"}
{"delay": 0.02, "height": 0, "msg_type": "PRECOMMIT", "node": "c8568c45b20b7a1b9e0f4a5dadd1987eb3d6007e239fc9dd224eeb47b71799cf", "to": "13756c2a50bf937f4229883f98ab0b11b0562401f6976befce154a83a086793f", "ts": 1785720802.51242, "type": "send"}
{"delay": 0.02, "height": 0, "msg_type": "PRECOMMIT", "node": "c8568c45b20b7a1b9e0f4a5dadd1987eb3d6007e239fc9dd224eeb47b71799cf", "to": "3fde868ea6caf3041493f50fbcc45ebc3bad7edab4bad774a5dca2b91bec8af0", "ts": 1785720802.512448, "type": "send"}
{"delay": 0.02, "height": 0, "msg_type": "PRECOMMIT", "node": "c8568c45b20b7a1b9e0f4a5dadd1987eb3d6007e239fc9dd224eeb47b71799cf", "to": "4600e7073edcf35149235c417b55aed016ffc4133b445b7a44f86e142a6010ae", "ts": 1785720802.512475, "type": "send"}
{"delay": 0.02, "height": 0, "msg_type": "PRECOMMIT", "node": "c8568c45b20b7a1b9e0f4a5dadd1987eb3d6007e239fc9dd224eeb47b71799cf", "to": "967fe6e8b6c8221a582c62797d0002f17eee1c8d34def67da5ac8c9fb33b7fd4", "ts": 1785720802.512499, "type": "send"}
{"delay": 0.02, "height": 0, "msg_type": "PRECOMMIT", "node": "c8568c45b20b7a1b9e0f4a5dadd1987eb3d6007e239fc9dd224eeb47b71799cf", "to": "f08474af8ab0926587a2475f38484edb316eecc339239614a2d1eff9ccd01800", "ts": 1785720802.512525, "type": "send"}
{"delay": 0.02, "height": 0, "msg_type": "PRECOMMIT", "node": "c8568c45b20b7a1b9e0f4a5dadd1987eb3d6007e239fc9dd224eeb47b71799cf", "to": "f22393e0df7ce07fe1b9a4b8647ed82c1e636f80a5b858638dba3ccf3f416959", "ts": 1785720802.51255, "type": "send"}
{"delay": 0.02, "height": 0, "msg_type": "PRECOMMIT", "node": "f08474af8ab0926587a2475f38484edb316eecc339239614a2d1eff9ccd01800", "to": "0772af86d70664e325e22546e3fe7a4c6b82feefae381b62cab85b230fb21719", "ts": 1785720802.515289, "type": "send"}
{"delay": 0.02, "height": 0, "msg_type": "PRECOMMIT", "node": "f08474af8ab0926587a2475f38484edb316eecc339239614a2d1eff9ccd01800", "to": "13756c2a50bf937f4229883f98ab0b11b0562401f6976befce154a83a086793f", "ts": 1785720802.51532, "type": "send"}
{"delay": 0.02, "height": 0, "msg_type": "PRECOMMIT", "node": "f08474af8ab0926587a2475f38484edb316eecc339239614a2d1eff9ccd01800", "to": "3fde868ea6caf3041493f50fbcc45ebc3bad7edab4bad774a5dca2b91bec8af0", "ts": 1785720802.515339, "type": "send"}
{"delay": 0.02, "height": 0, "msg_type": "PRECOMMIT", "node": "f08474af8ab0926587a2475f38484edb316eecc339239614a2d1eff9ccd01800", "to": "4600e7073edcf35149235c417b55aed016ffc4133b445b7a44f86e142a6010ae", "ts": 1785720802.515367, "type": "send"}
{"delay": 0.02, "height": 0, "msg_type": "PRECOMMIT", "node": "f08474af8ab0926587a2475f38484edb316eecc339239614a2d1eff9ccd01800", "to": "967fe6e8b6c8221a582c62797d0002f17eee1c8d34def67da5ac8c9fb33b7fd4", "ts": 1785720802.515385, "type": "send"}
{"delay": 0.02, "height": 0, "msg_type": "PRECOMMIT", "node": "f08474af8ab0926587a2475f38484edb316eecc339239614a2d1eff9ccd01800", "to": "c8568c45b20b7a1b9e0f4a5dadd1987eb3d6007e239fc9dd224eeb47b71799cf", "ts": 1785720802.515401, "type": "send"}
{"delay": 0.02, "height": 0, "msg_type": "PRECOMMIT", "node": "f08474af8ab0926587a2475f38484edb316eecc339239614a2d1eff9ccd01800", "to": "f22393e0df7ce07fe1b9a4b8647ed82c1e636f80a5b858638dba3ccf3f416959", "ts": 1785720802.515418, "type": "send"}
{"delay": 0.02, "height": 0, "msg_type": "PRECOMMIT", "node": "f22393e0df7ce07fe1b9a4b8647ed82c1e636f80a5b858638dba3ccf3f416959", "to": "0772af86d70664e325e22546e3fe7a4c6b82feefae381b62cab85b230fb21719", "ts": 1785720802.518148, "type": "send"}
{"delay": 0.02, "height": 0, "msg_type": "PRECOMMIT", "node": "f22393e0df7ce07fe1b9a4b8647ed82c1e636f80a5b858638dba3ccf3f416959", "to": "13756c2a50bf937f4229883f98ab0b11b0562401f6976befce154a83a086793f", "ts": 1785720802.51818, "type": "send"}
{"delay": 0.02, "height": 0, "msg_type": "PRECOMMIT", "node": "f22393e0df7ce07fe1b9a4b8647ed82c1e636f80a5b858638dba3ccf3f416959", "to": "3fde868ea6caf3041493f50fbcc45ebc3bad7edab4bad774a5dca2b91bec8af0", "ts": 1785720802.518199, "type": "send"}
{"delay": 0.02, "height": 0, "msg_type": "PRECOMMIT", "node": "f22393e0df7ce07fe1b9a4b8647ed82c1e636f80a5b858638dba3ccf3f416959", "to": "4600e7073edcf35149235c417b55aed016ffc4133b445b7a44f86e142a6010ae", "ts": 1785720802.518218, "type": "send"}
{"delay": 0.02, "height": 0, "msg_type": "PRECOMMIT", "node": "f22393e0df7ce07fe1b9a4b8647ed82c1e636f80a5b858638dba3ccf3f416959", "to": "967fe6e8b6c8221a582c62797d0002f17eee1c8d34def67da5ac8c9fb33b7fd4", "ts": 1785720802.518235, "type": "send"}
{"delay": 0.02, "height": 0, "msg_type": "PRECOMMIT", "node": "f22393e0df7ce07fe1b9a4b8647ed82c1e636f80a5b858638dba3ccf3f416959", "to": "c8568c45b20b7a1b9e0f4a5dadd1987eb3d6007e239fc9dd224eeb47b71799cf", "ts": 1785720802.518256, "type": "send"}
{"delay": 0.02, "height": 0, "msg_type": "PRECOMMIT", "node": "f22393e0df7ce07fe1b9a4b8647ed82c1e636f80a5b858638dba3ccf3f416959", "to": "f08474af8ab0926587a2475f38484edb316eecc339239614a2d1eff9ccd01800", "ts": 1785720802.518273, "type": "send"}
{"delay": 0.02, "height": 0, "msg_type": "PRECOMMIT", "node": "13756c2a50bf937f4229883f98ab0b11b0562401f6976befce154a83a086793f", "to": "0772af86d70664e325e22546e3fe7a4c6b82feefae381b62cab85b230fb21719", "ts": 1785720802.520938, "type": "send"}
{"delay": 0.02, "height": 0, "msg_type": "PRECOMMIT", "node": "13756c2a50bf937f4229883f98ab0b11b0562401f6976befce154a83a086793f", "to": "3fde868ea6caf3041493f50fbcc45ebc3bad7edab4bad774a5dca2b91bec8af0", "ts": 1785720802.520967, "type": "send"}
{"delay": 0.02, "height": 0, "msg_type": "PRECOMMIT", "node": "13756c2a50bf937f4229883f98ab0b11b0562401f6976befce154a83a086793f", "to": "4600e7073edcf35149235c417b55aed016ffc4133b445b7a44f86e142a6010ae", "ts": 1785720802.521007, "type": "send"}
{"delay": 0.02, "height": 0, "msg_type": "PRECOMMIT", "node": "13756c2a50bf937f4229883f98ab0b11b0562401f6976befce154a83a086793f", "to": "967fe6e8b6c8221a582c62797d0002f17eee1c8d34def67da5ac8c9fb33b7fd4", "ts": 1785720802.521039, "type": "send"}
{"delay": 0.02, "height": 0, "msg_type": "PRECOMMIT", "node": "13756c2a50bf937f4229883f98ab0b11b0562401f6976befce154a83a086793f", "to": "c8568c45b20b7a1b9e0f4a5dadd1987eb3d6007e239fc9dd224eeb47b71799cf", "ts": 1785720802.521057, "type": "send"}
{"delay": 0.02, "height": 0, "msg_type": "PRECOMMIT", "node": "13756c2a50bf937f4229883f98ab0b11b0562401f6976befce154a83a086793f", "to": "f08474af8ab0926587a2475f38484edb316eecc339239614a2d1eff9ccd01800", "ts": 1785720802.521074, "type": "send"}
{"delay": 0.02, "height": 0, "msg_type": "PRECOMMIT", "node": "13756c2a50bf937f4229883f98ab0b11b0562401f6976befce154a83a086793f", "to": "f22393e0df7ce07fe1b9a4b8647ed82c1e636f80a5b858638dba3ccf3f416959", "ts": 1785720802.52109, "type": "send"}
{"from": "0772af86d70664e325e22546e3fe7a4c6b82feefae381b62cab85b230fb21719", "height": 0, "msg_type": "PRECOMMIT", "node": "13756c2a50bf937f4229883f98ab0b11b0562401f6976befce154a83a086793f", "ts": 1785720802.577042, "type": "deliver"}
{"from": "0772af86d70664e325e22546e3fe7a4c6b82feefae381b62cab85b230fb21719", "height": 0, "msg_type": "PRECOMMIT", "node": "3fde868ea6caf3041493f50fbcc45ebc3bad7edab4bad774a5dca2b91bec8af0", "ts": 1785720802.577833, "type": "deliver"}
{"from": "0772af86d70664e325e22546e3fe7a4c6b82feefae381b62cab85b230fb21719", "height": 0, "msg_type": "PRECOMMIT", "node": "4600e7073edcf35149235c417b55aed016ffc4133b445b7a44f86e142a6010ae", "ts": 1785720802.577929, "type": "deliver"}
{"from": "0772af86d70664e325e22546e3fe7a4c6b82feefae381b62cab85b230fb21719", "height": 0, "msg_type": "PRECOMMIT", "node": "967fe6e8b6c8221a582c62797d0002f17eee1c8d34def67da5ac8c9fb33b7fd4", "ts": 1785720802.578039, "type": "deliver"}
{"from": "0772af86d70664e325e22546e3fe7a4c6b82feefae381b62cab85b230fb21719", "height": 0, "msg_type": "PRECOMMIT", "node": "c8568c45b20b7a1b9e0f4a5dadd1987eb3d6007e239fc9dd224eeb47b71799cf", "ts": 1785720802.578104, "type": "deliver"}
{"from": "0772af86d70664e325e22546e3fe7a4c6b82feefae381b62cab85b230fb21719", "height": 0, "msg_type": "PRECOMMIT", "node": "f08474af8ab0926587a2475f38484edb316eecc339239614a2d1eff9ccd01800", "ts": 1785720802.579879, "type": "deliver"}
{"from": "0772af86d70664e325e22546e3fe7a4c6b82feefae381b62cab85b230fb21719", "height": 0, "msg_type": "PRECOMMIT", "node": "f22393e0df7ce07fe1b9a4b8647ed82c1e636f80a5b858638dba3ccf3f416959", "ts": 1785720802.579961, "type": "deliver"}
{"from": "3fde868ea6caf3041493f50fbcc45ebc3bad7edab4bad774a5dca2b91bec8af0", "height": 0, "msg_type": "PRECOMMIT", "node": "0772af86d70664e325e22546e3fe7a4c6b82feefae381b62cab85b230fb21719", "ts": 1785720802.580239, "type": "deliver"}
{"from": "3fde868ea6caf3041493f50fbcc45ebc3bad7edab4bad774a5dca2b91bec8af0", "height": 0, "msg_type": "PRECOMMIT", "node": "13756c2a50bf937f4229883f98ab0b11b0562401f6976befce154a83a086793f", "ts": 1785720802.580318, "type": "deliver"}
{"from": "3fde868ea6caf3041493f50fbcc45ebc3bad7edab4bad774a5dca2b91bec8af0", "height": 0, "msg_type": "PRECOMMIT", "node": "4600e7073edcf35149235c417b55aed016ffc4133b445b7a44f86e142a6010ae", "ts": 1785720802.580349, "type": "deliver"}
{"from": "3fde868ea6caf3041493f50fbcc45ebc3bad7edab4bad774a5dca2b91bec8af0", "height": 0, "msg_type": "PRECOMMIT", "node": "967fe6e8b6c8221a582c62797d0002f17eee1c8d34def67da5ac8c9fb33b7fd4", "ts": 1785720802.580371, "type": "deliver"}
{"from": "3fde868ea6caf3041493f50fbcc45ebc3bad7edab4bad774a5dca2b91bec8af0", "height": 0, "msg_type": "PRECOMMIT", "node": "c8568c45b20b7a1b9e0f4a5dadd1987eb3d6007e239fc9dd224eeb47b71799cf", "ts": 1785720802.580391, "type": "deliver"}
{"from": "3fde868ea6caf3041493f50fbcc45ebc3bad7edab4bad774a5dca2b91bec8af0", "height": 0, "msg_type": "PRECOMMIT", "node": "f08474af8ab0926587a2475f38484edb316eecc339239614a2d1eff9ccd01800", "ts": 1785720802.580779, "type": "deliver"}
{"from": "3fde868ea6caf3041493f50fbcc45ebc3bad7edab4bad774a5dca2b91bec8af0", "height": 0, "msg_type": "PRECOMMIT", "node": "f22393e0df7ce07fe1b9a4b8647ed82c1e636f80a5b858638dba3ccf3f416959", "ts": 1785720802.580823, "type": "deliver"}
{"from": "4600e7073edcf35149235c417b55aed016ffc4133b445b7a44f86e142a6010ae", "height": 0, "msg_type": "PRECOMMIT", "node": "0772af86d70664e325e22546e3fe7a4c6b82feefae381b62cab85b230fb21719", "ts": 1785720802.580856, "type": "deliver"}
{"from": "4600e7073edcf35149235c417b55aed016ffc4133b445b7a44f86e142a6010ae", "height": 0, "msg_type": "PRECOMMIT", "node": "13756c2a50bf937f4229883f98ab0b11b0562401f6976befce154a83a086793f", "ts": 1785720802.580891, "type": "deliver"}
{"from": "4600e7073edcf35149235c417b55aed016ffc4133b445b7a44f86e142a6010ae", "height": 0, "msg_type": "PRECOMMIT", "node": "3fde868ea6caf3041493f50fbcc45ebc3bad7edab4bad774a5dca2b91bec8af0", "ts": 1785720802.580925, "type": "deliver"}
{"from": "4600e7073edcf35149235c417b55aed016ffc4133b445b7a44f86e142a6010ae", "height": 0, "msg_type": "PRECOMMIT", "node": "967fe6e8b6c8221a582c62797d0002f17eee1c8d34def67da5ac8c9fb33b7fd4", "ts": 1785720802.580961, "type": "deliver"}
{"from": "4600e7073edcf35149235c417b55aed016ffc4133b445b7a44f86e142a6010ae", "height": 0, "msg_type": "PRECOMMIT", "node": "c8568c45b20b7a1b9e0f4a5dadd1987eb3d6007e239fc9dd224eeb47b71799cf", "ts": 1785720802.581021, "type": "deliver"}
{"from": "4600e7073edcf35149235c417b55aed016ffc4133b445b7a44f86e142a6010ae", "height": 0, "msg_type": "PRECOMMIT", "node": "f08474af8ab0926587a2475f38484edb316eecc339239614a2d1eff9ccd01800", "ts": 1785720802.581066, "type": "deliver"}
{"from": "4600e7073edcf35149235c417b55aed016ffc4133b445b7a44f86e142a6010ae", "height": 0, "msg_type": "PRECOMMIT", "node": "f22393e0df7ce07fe1b9a4b8647ed82c1e636f80a5b858638dba3ccf3f416959", "ts": 1785720802.581109, "type": "deliver"}
{"from": "967fe6e8b6c8221a582c62797d0002f17eee1c8d34def67da5ac8c9fb33b7fd4", "height": 0, "msg_type": "PRECOMMIT", "node": "0772af86d70664e325e22546e3fe7a4c6b82feefae381b62cab85b230fb21719", "ts": 1785720802.581136, "type": "deliver"}
{"from": "967fe6e8b6c8221a582c62797d0002f17eee1c8d34def67da5ac8c9fb33b7fd4", "height": 0, "msg_type": "PRECOMMIT", "node": "13756c2a50bf937f4229883f98ab0b11b0562401f6976befce154a83a086793f", "ts": 1785720802.581164, "type": "deliver"}
{"from": "967fe6e8b6c8221a582c62797d0002f17eee1c8d34def67da5ac8c9fb33b7fd4", "height": 0, "msg_type": "PRECOMMIT", "node": "3fde868ea6caf3041493f50fbcc45ebc3bad7edab4bad774a5dca2b91bec8af0", "ts": 1785720802.581179, "type": "deliver"}
{"from": "967fe6e8b6c8221a582c62797d0002f17eee1c8d34def67da5ac8c9fb33b7fd4", "height": 0, "msg_type": "PRECOMMIT", "node": "4600e7073edcf35149235c417b55aed016ffc4133b445b7a44f86e142a6010ae", "ts": 1785720802.581193, "type": "deliver"}
{"from": "967fe6e8b6c8221a582c62797d0002f17eee1c8d34def67da5ac8c9fb33b7fd4", "height": 0, "msg_type": "PRECOMMIT", "node": "c8568c45b20b7a1b9e0f4a5dadd1987eb3d6007e239fc9dd224eeb47b71799cf", "ts": 1785720802.581207, "type": "deliver"}
{"from": "967fe6e8b6c8221a582c62797d0002f17eee1c8d34def67da5ac8c9fb33b7fd4", "height": 0, "msg_type": "PRECOMMIT", "node": "f08474af8ab0926587a2475f38484edb316eecc339239614a2d1eff9ccd01800", "ts": 1785720802.581221, "type": "deliver"}
{"from": "967fe6e8b6c8221a582c62797d0002f17eee1c8d34def67da5ac8c9fb33b7fd4", "height": 0, "msg_type": "PRECOMMIT", "node": "f22393e0df7ce07fe1b9a4b8647ed82c1e636f80a5b858638dba3ccf3f416959", "ts": 1785720802.581234, "type": "deliver"}
{"from": "c8568c45b20b7a1b9e0f4a5dadd1987eb3d6007e239fc9dd224eeb47b71799cf", "height": 0, "msg_type": "PRECOMMIT", "node": "0772af86d70664e325e22546e3fe7a4c6b82feefae381b62cab85b230fb21719", "ts": 1785720802.581248, "type": "deliver"}
{"from": "c8568c45b20b7a1b9e0f4a5dadd1987eb3d6007e239fc9dd224eeb47b71799cf", "height": 0, "msg_type": "PRECOMMIT", "node": "13756c2a50bf937f4229883f98ab0b11b0562401f6976befce154a83a086793f", "ts": 1785720802.58126, "type": "deliver"}
{"from": "c8568c45b20b7a1b9e0f4a5dadd1987eb3d6007e239fc9dd224eeb47b71799cf", "height": 0, "msg_type": "PRECOMMIT", "node": "3fde868ea6caf3041493f50fbcc45ebc3bad7edab4bad774a5dca2b91bec8af0", "ts": 1785720802.581274, "type": "deliver"}
{"from": "c8568c45b20b7a1b9e0f4a5dadd1987eb3d6007e239fc9dd224eeb47b71799cf", "height": 0, "msg_type": "PRECOMMIT", "node": "4600e7073edcf35149235c417b55aed016ffc4133b445b7a44f86e142a6010ae", "ts": 1785720802.581288, "type": "deliver"}
{"from": "c8568c45b20b7a1b9e0f4a5dadd1987eb3d6007e239fc9dd224eeb47b71799cf", "height": 0, "msg_type": "PRECOMMIT", "node": "967fe6e8b6c8221a582c62797d0002f17eee1c8d34def67da5ac8c9fb33b7fd4", "ts": 1785720802.581301, "type": "deliver"}
{"from": "c8568c45b20b7a1b9e0f4a5dadd1987eb3d6007e239fc9dd224eeb47b71799cf", "height": 0, "msg_type": "PRECOMMIT", "node": "f08474af8ab0926587a2475f38484edb316eecc339239614a2d1eff9ccd01800", "ts": 1785720802.581314, "type": "deliver"}
{"from": "c8568c45b20b7a1b9e0f4a5dadd1987eb3d6007e239fc9dd224eeb47b71799cf", "height": 0, "msg_type": "PRECOMMIT", "node": "f22393e0df7ce07fe1b9a4b8647ed82c1e636f80a5b858638dba3ccf3f416959", "ts": 1785720802.581327, "type": "deliver"}
{"from": "f08474af8ab0926587a2475f38484edb316eecc339239614a2d1eff9ccd01800", "height": 0, "msg_type": "PRECOMMIT", "node": "0772af86d70664e325e22546e3fe7a4c6b82feefae381b62cab85b230fb21719", "ts": 1785720802.581341, "type": "deliver"}
{"from": "f08474af8ab0926587a2475f38484edb316eecc339239614a2d1eff9ccd01800", "height": 0, "msg_type": "PRECOMMIT", "node": "13756c2a50bf937f4229883f98ab0b11b0562401f6976befce154a83a086793f", "ts": 1785720802.581354, "type": "deliver"}
{"from": "f08474af8ab0926587a2475f38484edb316eecc339239614a2d1eff9ccd01800", "height": 0, "msg_type": "PRECOMMIT", "node": "3fde868ea6caf3041493f50fbcc45ebc3bad7edab4bad774a5dca2b91bec8af0", "ts": 1785720802.581369, "type": "deliver"}
{"from": "f08474af8ab0926587a2475f38484edb316eecc339239614a2d1eff9ccd01800", "height": 0, "msg_type": "PRECOMMIT", "node": "4600e7073edcf35149235c417b55aed016ffc4133b445b7a44f86e142a6010ae", "ts": 1785720802.58144, "type": "deliver"}
{"from": "f08474af8ab0926587a2475f38484edb316eecc339239614a2d1eff9ccd01800", "height": 0, "msg_type": "PRECOMMIT", "node": "967fe6e8b6c8221a582c62797d0002f17eee1c8d34def67da5ac8c9fb33b7fd4", "ts": 1785720802.581481, "type": "deliver"}
{"from": "f08474af8ab0926587a2475f38484edb316eecc339239614a2d1eff9ccd01800", "height": 0, "msg_type": "PRECOMMIT", "node": "c8568c45b20b7a1b9e0f4a5dadd1987eb3d6007e239fc9dd224eeb47b71799cf", "ts": 1785720802.581741, "type": "deliver"}
{"from": "f08474af8ab0926587a2475f38484edb316eecc339239614a2d1eff9ccd01800", "height": 0, "msg_type": "PRECOMMIT", "node": "f22393e0df7ce07fe1b9a4b8647ed82c1e636f80a5b858638dba3ccf3f416959", "ts": 1785720802.581792, "type": "deliver"}
{"from": "f22393e0df7ce07fe1b9a4b8647ed82c1e636f80a5b858638dba3ccf3f416959", "height": 0, "msg_type": "PRECOMMIT", "node": "0772af86d70664e325e22546e3fe7a4c6b82feefae381b62cab85b230fb21719", "ts": 1785720802.581834, "type": "deliver"}
{"from": "f22393e0df7ce07fe1b9a4b8647ed82c1e636f80a5b858638dba3ccf3f416959", "height": 0, "msg_type": "PRECOMMIT", "node": "13756c2a50bf937f4229883f98ab0b11b0562401f6976befce154a83a086793f", "ts": 1785720802.581872, "type": "deliver"}
{"from": "f22393e0df7ce07fe1b9a4b8647ed82c1e636f80a5b858638dba3ccf3f416959", "height": 0, "msg_type": "PRECOMMIT", "node": "3fde868ea6caf3041493f50fbcc45ebc3bad7edab4bad774a5dca2b91bec8af0", "ts": 1785720802.581917, "type": "deliver"}
{"from": "f22393e0df7ce07fe1b9a4b8647ed82c1e636f80a5b858638dba3ccf3f416959", "height": 0, "msg_type": "PRECOMMIT", "node": "4600e7073edcf35149235c417b55aed016ffc4133b445b7a44f86e142a6010ae", "ts": 1785720802.58196, "type": "deliver"}
{"from": "f22393e0df7ce07fe1b9a4b8647ed82c1e636f80a5b858638dba3ccf3f416959", "height": 0, "msg_type": "PRECOMMIT", "node": "967fe6e8b6c8221a582c62797d0002f17eee1c8d34def67da5ac8c9fb33b7fd4", "ts": 1785720802.582027, "type": "deliver"}
{"from": "f22393e0df7ce07fe1b9a4b8647ed82c1e636f80a5b858638dba3ccf3f416959", "height": 0, "msg_type": "PRECOMMIT", "node": "c8568c45b20b7a1b9e0f4a5dadd1987eb3d6007e239fc9dd224eeb47b71799cf", "ts": 1785720802.582069, "type": "deliver"}
{"from": "f22393e0df7ce07fe1b9a4b8647ed82c1e636f80a5b858638dba3ccf3f416959", "height": 0, "msg_type": "PRECOMMIT", "node": "f08474af8ab0926587a2475f38484edb316eecc339239614a2d1eff9ccd01800", "ts": 1785720802.582116, "type": "deliver"}
{"from": "13756c2a50bf937f4229883f98ab0b11b0562401f6976befce154a83a086793f", "height": 0, "msg_type": "PRECOMMIT", "node": "0772af86d70664e325e22546e3fe7a4c6b82feefae381b62cab85b230fb21719", "ts": 1785720802.582152, "type": "deliver"}
{"from": "13756c2a50bf937f4229883f98ab0b11b0562401f6976befce154a83a086793f", "height": 0, "msg_type": "PRECOMMIT", "node": "3fde868ea6caf3041493f50fbcc45ebc3bad7edab4bad774a5dca2b91bec8af0", "ts": 1785720802.582186, "type": "deliver"}
{"from": "13756c2a50bf937f4229883f98ab0b11b0562401f6976befce154a83a086793f", "height": 0, "msg_type": "PRECOMMIT", "node": "4600e7073edcf35149235c417b55aed016ffc4133b445b7a44f86e142a6010ae", "ts": 1785720802.582222, "type": "deliver"}
{"from": "13756c2a50bf937f4229883f98ab0b11b0562401f6976befce154a83a086793f", "height": 0, "msg_type": "PRECOMMIT", "node": "967fe6e8b6c8221a582c62797d0002f17eee1c8d34def67da5ac8c9fb33b7fd4", "ts": 1785720802.582257, "type": "deliver"}
{"from": "13756c2a50bf937f4229883f98ab0b11b0562401f6976befce154a83a086793f", "height": 0, "msg_type": "PRECOMMIT", "node": "c8568c45b20b7a1b9e0f4a5dadd1987eb3d6007e239fc9dd224eeb47b71799cf", "ts": 1785720802.582295, "type": "deliver"}
{"from": "13756c2a50bf937f4229883f98ab0b11b0562401f6976befce154a83a086793f", "height": 0, "msg_type": "PRECOMMIT", "node": "f08474af8ab0926587a2475f38484edb316eecc339239614a2d1eff9ccd01800", "ts": 1785720802.582322, "type": "deliver"}
{"from": "13756c2a50bf937f4229883f98ab0b11b0562401f6976befce154a83a086793f", "height": 0, "msg_type": "PRECOMMIT", "node": "f22393e0df7ce07fe1b9a4b8647ed82c1e636f80a5b858638dba3ccf3f416959", "ts": 1785720802.582342, "type": "deliver"}
{"delay": 0.02, "height": 1, "msg_type": "PROPOSAL", "node": "13756c2a50bf937f4229883f98ab0b11b0562401f6976befce154a83a086793f", "to": "0772af86d70664e325e22546e3fe7a4c6b82feefae381b62cab85b230fb21719", "ts": 1785720802.590036, "type": "send"}
{"delay": 0.02, "height": 1, "msg_type": "PROPOSAL", "node": "13756c2a50bf937f4229883f98ab0b11b0562401f6976befce154a83a086793f", "to": "3fde868ea6caf3041493f50fbcc45ebc3bad7edab4bad774a5dca2b91bec8af0", "ts": 1785720802.590065, "type": "send"}
{"delay": 0.02, "height": 1, "msg_type": "PROPOSAL", "node": "13756c2a50bf937f4229883f98ab0b11b0562401f6976befce154a83a086793f", "to": "4600e7073edcf35149235c417b55aed016ffc4133b445b7a44f86e142a6010ae", "ts": 1785720802.59008, "type": "send"}
{"delay": 0.02, "height": 1, "msg_type": "PROPOSAL", "node": "13756c2a50bf937f4229883f98ab0b11b0562401f6976befce154a83a086793f", "to": "967fe6e8b6c8221a582c62797d0002f17eee1c8d34def67da5ac8c9fb33b7fd4", "ts": 1785720802.590168, "type": "send"}
{"delay": 0.02, "height": 1, "msg_type": "PROPOSAL", "node": "13756c2a50bf937f4229883f98ab0b11b0562401f6976befce154a83a086793f", "to": "c8568c45b20b7a1b9e0f4a5dadd1987eb3d6007e239fc9dd224eeb47b71799cf", "ts": 1785720802.590264, "type": "send"}
{"delay": 0.02, "height": 1, "msg_type": "PROPOSAL", "node": "13756c2a50bf937f4229883f98ab0b11b0562401f6976befce154a83a086793f", "to": "f08474af8ab0926587a2475f38484edb316eecc339239614a2d1eff9ccd01800", "ts": 1785720802.590693, "type": "send"}
{"delay": 0.02, "height": 1, "msg_type": "PROPOSAL", "node": "13756c2a50bf937f4229883f98ab0b11b0562401f6976befce154a83a086793f", "to": "f22393e0df7ce07fe1b9a4b8647ed82c1e636f80a5b858638dba3ccf3f416959", "ts": 1785720802.590801, "type": "send"}
{"delay": 0.02, "height": 1, "msg_type": "PREVOTE", "node": "13756c2a50bf937f4229883f98ab0b11b0562401f6976befce154a83a086793f", "to": "0772af86d70664e325e22546e3fe7a4c6b82feefae381b62cab85b230fb21719", "ts": 1785720802.593164, "type": "send"}
{"delay": 0.02, "height": 1, "msg_type": "PREVOTE", "node": "13756c2a50bf937f4229883f98ab0b11b0562401f6976befce154a83a086793f", "to": "3fde868ea6caf3041493f50fbcc45ebc3bad7edab4bad774a5dca2b91bec8af0", "ts": 1785720802.593202, "type": "send"}
{"delay": 0.02, "height": 1, "msg_type": "PREVOTE", "node": "13756c2a50bf937f4229883f98ab0b11b0562401f6976befce154a83a086793f", "to": "4600e7073edcf35149235c417b55aed016ffc4133b445b7a44f86e142a6010ae", "ts": 1785720802.593221, "type": "send"}
{"delay": 0.02, "height": 1, "msg_type": "PREVOTE", "node": "13756c2a50bf937f4229883f98ab0b11b0562401f6976befce154a83a086793f", "to": "967fe6e8b6c8221a582c62797d0002f17eee1c8d34def67da5ac8c9fb33b7fd4", "ts": 1785720802.593283, "type": "send"}
{"delay": 0.02, "height": 1, "msg_type": "PREVOTE", "node": "13756c2a50bf937f4229883f98ab0b11b0562401f6976befce154a83a086793f", "to": "c8568c45b20b7a1b9e0f4a5dadd1987eb3d6007e239fc9dd224eeb47b71799cf", "ts": 1785720802.593746, "type": "send"}
{"delay": 0.02, "height": 1, "msg_type": "PREVOTE", "node": "13756c2a50bf937f4229883f98ab0b11b0562401f6976befce154a83a086793f", "to": "f08474af8ab0926587a2475f38484edb316eecc339239614a2d1eff9ccd01800", "ts": 1785720802.593785, "type": "send"}
{"delay": 0.02, "height": 1, "msg_type": "PREVOTE", "node": "13756c2a50bf937f4229883f98ab0b11b0562401f6976befce154a83a086793f", "to": "f22393e0df7ce07fe1b9a4b8647ed82c1e636f80a5b858638dba3ccf3f416959", "ts": 1785720802.593803, "type": "send"}
{"from": "13756c2a50bf937f4229883f98ab0b11b0562401f6976befce154a83a086793f", "height": 1, "msg_type": "PROPOSAL", "node": "0772af86d70664e325e22546e3fe7a4c6b82feefae381b62cab85b230fb21719", "ts": 1785720802.63738, "type": "deliver"}
{"from": "13756c2a50bf937f4229883f98ab0b11b0562401f6976befce154a83a086793f", "height": 1, "msg_type": "PROPOSAL", "node": "3fde868ea6caf3041493f50fbcc45ebc3bad7edab4bad774a5dca2b91bec8af0", "ts": 1785720802.637492, "type": "deliver"}
{"from": "13756c2a50bf937f4229883f98ab0b11b0562401f6976befce154a83a086793f", "height": 1, "msg_type": "PROPOSAL", "node": "4600e7073edcf35149235c417b55aed016ffc4133b445b7a44f86e142a6010ae", "ts": 1785720802.637573, "type": "deliver"}
{"from": "13756c2a50bf937f4229883f98ab0b11b0562401f6976befce154a83a086793f", "height": 1, "msg_type": "PROPOSAL", "node": "967fe6e8b6c8221a582c62797d0002f17eee1c8d34def67da5ac8c9fb33b7fd4", "ts": 1785720802.637648, "type": "deliver"}
{"from": "13756c2a50bf937f4229883f98ab0b11b0562401f6976befce154a83a086793f", "height": 1, "msg_type": "PROPOSAL", "node": "c8568c45b20b7a1b9e0f4a5dadd1987eb3d6007e239fc9dd224eeb47b71799cf", "ts": 1785720802.637725, "type": "deliver"}
{"from": "13756c2a50bf937f4229883f98ab0b11b0562401f6976befce154a83a086793f", "height": 1, "msg_type": "PROPOSAL", "node": "f08474af8ab0926587a2475f38484edb316eecc339239614a2d1eff9ccd01800", "ts": 1785720802.637798, "type": "deliver"}
{"from": "13756c2a50bf937f4229883f98ab0b11b0562401f6976befce154a83a086793f", "height": 1, "msg_type": "PROPOSAL", "node": "f22393e0df7ce07fe1b9a4b8647ed82c1e636f80a5b858638dba3ccf3f416959", "ts": 1785720802.637864, "type": "deliver"}
{"from": "13756c2a50bf937f4229883f98ab0b11b0562401f6976befce154a83a086793f", "height": 1, "msg_type": "PREVOTE", "node": "0772af86d70664e325e22546e3fe7a4c6b82feefae381b62cab85b230fb21719", "ts": 1785720802.637926, "type": "deliver"}
{"from": "13756c2a50bf937f4229883f98ab0b11b0562401f6976befce154a83a086793f", "height": 1, "msg_type": "PREVOTE", "node": "3fde868ea6caf3041493f50fbcc45ebc3bad7edab4bad774a5dca2b91bec8af0", "ts": 1785720802.637978, "type": "deliver"}
{"from": "13756c2a50bf937f4229883f98ab0b11b0562401f6976befce154a83a086793f", "height": 1, "msg_type": "PREVOTE", "node": "4600e7073edcf35149235c417b55aed016ffc4133b445b7a44f86e142a6010ae", "ts": 1785720802.638055, "type": "deliver"}
{"from": "13756c2a50bf937f4229883f98ab0b11b0562401f6976befce154a83a086793f", "height": 1, "msg_type": "PREVOTE", "node": "967fe6e8b6c8221a582c62797d0002f17eee1c8d34def67da5ac8c9fb33b7fd4", "ts": 1785720802.638117, "type": "deliver"}
{"from": "13756c2a50bf937f4229883f98ab0b11b0562401f6976befce154a83a086793f", "height": 1, "msg_type": "PREVOTE", "node": "c8568c45b20b7a1b9e0f4a5dadd1987eb3d6007e239fc9dd224eeb47b71799cf", "ts": 1785720802.638175, "type": "deliver"}
{"from": "13756c2a50bf937f4229883f98ab0b11b0562401f6976befce154a83a086793f", "height": 1, "msg_type": "PREVOTE", "node": "f08474af8ab0926587a2475f38484edb316eecc339239614a2d1eff9ccd01800", "ts": 1785720802.638231, "type": "deliver"}
{"from": "13756c2a50bf937f4229883f98ab0b11b0562401f6976befce154a83a086793f", "height": 1, "msg_type": "PREVOTE", "node": "f22393e0df7ce07fe1b9a4b8647ed82c1e636f80a5b858638dba3ccf3f416959", "ts": 1785720802.638282, "type": "deliver"}
{"delay": 0.02, "height": 1, "msg_type": "PREVOTE", "node": "0772af86d70664e325e22546e3fe7a4c6b82feefae381b62cab85b230fb21719", "to": "13756c2a50bf937f4229883f98ab0b11b0562401f6976befce154a83a086793f", "ts": 1785720802.64061, "type": "send"}
{"delay": 0.02, "height": 1, "msg_type": "PREVOTE", "node": "0772af86d70664e325e22546e3fe7a4c6b82feefae381b62cab85b230fb21719", "to": "3fde868ea6caf3041493f50fbcc45ebc3bad7edab4bad774a5dca2b91bec8af0", "ts": 1785720802.640697, "type": "send"}
{"delay": 0.02, "height": 1, "msg_type": "PREVOTE", "node": "0772af86d70664e325e22546e3fe7a4c6b82feefae381b62cab85b230fb21719", "to": "4600e7073edcf35149235c417b55aed016ffc4133b445b7a44f86e142a6010ae", "ts": 1785720802.640766, "type": "send"}
{"delay": 0.02, "height": 1, "msg_type": "PREVOTE", "node": "0772af86d70664e325e22546e3fe7a4c6b82feefae381b62cab85b230fb21719", "to": "967fe6e8b6c8221a582c62797d0002f17eee1c8d34def67da5ac8c9fb33b7fd4", "ts": 1785720802.640837, "type": "send"}
{"delay": 0.02, "height": 1, "msg_type": "PREVOTE", "node": "0772af86d70664e325e22546e3fe7a4c6b82feefae381b62cab85b230fb21719", "to": "c8568c45b20b7a1b9e0f4a5dadd1987eb3d6007e239fc9dd224eeb47b71799cf", "ts": 1785720802.6409, "type": "send"}
{"delay": 0.02, "height": 1, "msg_type": "PREVOTE", "node": "0772af86d70664e325e22546e3fe7a4c6b82feefae381b62cab85b230fb21719", "to": "f08474af8ab0926587a2475f38484edb316eecc339239614a2d1eff9ccd01800", "ts": 1785720802.64096, "type": "send"}
{"delay": 0.02, "height": 1, "msg_type": "PREVOTE", "node": "0772af86d70664e325e22546e3fe7a4c6b82feefae381b62cab85b230fb21719", "to": "f22393e0df7ce07fe1b9a4b8647ed82c1e636f80a5b858638dba3ccf3f416959", "ts": 1785720802.64104, "type": "send"}
{"delay": 0.02, "height": 1, "msg_type": "PREVOTE", "node": "3fde868ea6caf3041493f50fbcc45ebc3bad7edab4bad774a5dca2b91bec8af0", "to": "0772af86d70664e325e22546e3fe7a4c6b82feefae381b62cab85b230fb21719", "ts": 1785720802.644345, "type": "send"}
{"delay": 0.02, "height": 1, "msg_type": "PREVOTE", "node": "3fde868ea6caf3041493f50fbcc45ebc3bad7edab4bad774a5dca2b91bec8af0", "to": "13756c2a50bf937f4229883f98ab0b11b0562401f6976befce154a83a086793f", "ts": 1785720802.644428, "type": "send"}
{"delay": 0.02, "height": 1, "msg_type": "PREVOTE", "node": "3fde868ea6caf3041493f50fbcc45ebc3bad7edab4bad774a5dca2b91bec8af0", "to": "4600e7073edcf35149235c417b55aed016ffc4133b445b7a44f86e142a6010ae", "ts": 1785720802.644495, "type": "send"}
{"delay": 0.02, "height": 1, "msg_type": "PREVOTE", "node": "3fde868ea6caf3041493f50fbcc45ebc3bad7edab4bad774a5dca2b91bec8af0", "to": "967fe6e8b6c8221a582c62797d0002f17eee1c8d34def67da5ac8c9fb33b7fd4", "ts": 1785720802.64456, "type": "send"}
{"delay": 0.02, "height": 1, "msg_type": "PREVOTE", "node": "3fde868ea6caf3041493f50fbcc45ebc3bad7edab4bad774a5dca2b91bec8af0", "to": "c8568c45b20b7a1b9e0f4a5dadd1987eb3d6007e239fc9dd224eeb47b71799cf", "ts": 1785720802.644622, "type": "send"}
{"delay": 0.02, "height": 1, "msg_type": "PREVOTE", "node": "3fde868ea6caf3041493f50fbcc45ebc3bad7edab4bad774a5dca2b91bec8af0", "to": "f08474af8ab0926587a2475f38484edb316eecc339239614a2d1eff9ccd01800", "ts": 1785720802.644686, "type": "send"}
{"delay": 0.02, "height": 1, "msg_type": "PREVOTE", "node": "3fde868ea6caf3041493f50fbcc45ebc3bad7edab4bad774a5dca2b91bec8af0", "to": "f22393e0df7ce07fe1b9a4b8647ed82c1e636f80a5b858638dba3ccf3f416959", "ts": 1785720802.644748, "type": "send"}
{"delay": 0.02, "height": 1, "msg_type": "PREVOTE", "node": "4600e7073edcf35149235c417b55aed016ffc4133b445b7a44f86e142a6010ae", "to": "0772af86d70664e325e22546e3fe7a4c6b82feefae381b62cab85b230fb21719", "ts": 1785720802.648003, "type": "send"}
{"delay": 0.02, "height": 1, "msg_type": "PREVOTE", "node": "4600e7073edcf35149235c417b55aed016ffc4133b445b7a44f86e142a6010ae", "to": "13756c2a50bf937f4229883f98ab0b11b0562401f6976befce154a83a086793f", "ts": 1785720802.648091, "type": "send"}
{"delay": 0.02, "height": 1, "msg_type": "PREVOTE", "node": "4600e7073edcf35149235c417b55aed016ffc4133b445b7a44f86e142a6010ae", "to": "3fde868ea6caf3041493f50fbcc45ebc3bad7edab4bad774a5dca2b91bec8af0", "ts": 1785720802.648157, "type": "send"}
{"delay": 0.02, "height": 1, "msg_type": "PREVOTE", "node": "4600e7073edcf35149235c417b55aed016ffc4133b445b7a44f86e142a6010ae", "to": "967fe6e8b6c8221a582c62797d0002f17eee1c8d34def67da5ac8c9fb33b7fd4", "ts": 1785720802.648222, "type": "send"}
{"delay": 0.02, "height": 1, "msg_type": "PREVOTE", "node": "4600e7073edcf35149235c417b55aed016ffc4133b445b7a44f86e142a6010ae", "to": "c8568c45b20b7a1b9e0f4a5dadd1987eb3d6007e239fc9dd224eeb47b71799cf", "ts": 1785720802.648285, "type": "send"}
{"delay": 0.02, "height": 1, "msg_type": "PREVOTE", "node": "4600e7073edcf35149235c417b55aed016ffc4133b445b7a44f86e142a6010ae", "to": "f08474af8ab0926587a2475f38484edb316eecc339239614a2d1eff9ccd01800", "ts": 1785720802.648347, "type": "send"}
{"delay": 0.02, "height": 1, "msg_type": "PREVOTE", "node": "4600e7073edcf35149235c417b55aed016ffc4133b445b7a44f86e142a6010ae", "to": "f22393e0df7ce07fe1b9a4b8647ed82c1e636f80a5b858638dba3ccf3f416959", "ts": 1785720802.648408, "type": "send"}
{"delay": 0.02, "height": 1, "msg_type": "PREVOTE", "node": "967fe6e8b6c8221a582c62797d0002f17eee1c8d34def67da5ac8c9fb33b7fd4", "to": "0772af86d70664e325e22546e3fe7a4c6b82feefae381b62cab85b230fb21719", "ts": 1785720802.652268, "type": "send"}
{"delay": 0.02, "height": 1, "msg_type": "PREVOTE", "node": "967fe6e8b6c8221a582c62797d0002f17eee1c8d34def67da5ac8c9fb33b7fd4", "to": "13756c2a50bf937f4229883f98ab0b11b0562401f6976befce154a83a086793f", "ts": 1785720802.652341, "type": "send"}
{"delay": 0.02, "height": 1, "msg_type": "PREVOTE", "node": "967fe6e8b6c8221a582c62797d0002f17eee1c8d34def67da5ac8c9fb33b7fd4", "to": "3fde868ea6caf3041493f50fbcc45ebc3bad7edab4bad774a5dca2b91bec8af0", "ts": 1785720802.652386, "type": "send"}
{"delay": 0.02, "height": 1, "msg_type": "PREVOTE", "node": "967fe6e8b6c8221a582c62797d0002f17eee1c8d34def67da5ac8c9fb33b7fd4", "to": "4600e7073edcf35149235c417b55aed016ffc4133b445b7a44f86e142a6010ae", "ts": 1785720802.652426, "type": "send"}
{"delay": 0.02, "height": 1, "msg_type": "PREVOTE", "node": "967fe6e8b6c8221a582c62797d0002f17eee1c8d34def67da5ac8c9fb33b7fd4", "to": "c8568c45b20b7a1b9e0f4a5dadd1987eb3d6007e239fc9dd224eeb47b71799cf", "ts": 1785720802.652467, "type": "send"}
{"delay": 0.02, "height": 1, "msg_type": "PREVOTE", "node": "967fe6e8b6c8221a582c62797d0002f17eee1c8d34def67da5ac8c9fb33b7fd4", "to": "f08474af8ab0926587a2475f38484edb316eecc339239614a2d1eff9ccd01800", "ts": 1785720802.652507, "type": "send"}
{"delay": 0.02, "height": 1, "msg_type": "PREVOTE", "node": "967fe6e8b6c8221a582c62797d0002f17eee1c8d34def67da5ac8c9fb33b7fd4", "to": "f22393e0df7ce07fe1b9a4b8647ed82c1e636f80a5b858638dba3ccf3f416959", "ts": 1785720802.652546, "type": "send"}
{"delay": 0.02, "height": 1, "msg_type": "PREVOTE", "node": "c8568c45b20b7a1b9e0f4a5dadd1987eb3d6007e239fc9dd224eeb47b71799cf", "to": "0772af86d70664e325e22546e3fe7a4c6b82feefae381b62cab85b230fb21719", "ts": 1785720802.65462, "type": "send"}
{"delay": 0.02, "height": 1, "msg_type": "PREVOTE", "node": "c8568c45b20b7a1b9e0f4a5dadd1987eb3d6007e239fc9dd224eeb47b71799cf", "to": "13756c2a50bf937f4229883f98ab0b11b0562401f6976befce154a83a086793f", "ts": 1785720802.65467, "type": "send"}
{"delay": 0.02, "height": 1, "msg_type": "PREVOTE", "node": "c8568c45b20b7a1b9e0f4a5dadd1987eb3d6007e239fc9dd224eeb47b71799cf", "to": "3fde868ea6caf3041493f50fbcc45ebc3bad7edab4bad774a5dca2b91bec8af0", "ts": 1785720802.654703, "type": "send"}
{"delay": 0.02, "height": 1, "msg_type": "PREVOTE", "node": "c8568c45b20b7a1b9e0f4a5dadd1987eb3d6007e239fc9dd224eeb47b71799cf", "to": "4600e7073edcf35149235c417b55aed016ffc4133b445b7a44f86e142a6010ae", "ts": 1785720802.654733, "type": "send"}
{"delay": 0.02, "height": 1, "msg_type": "PREVOTE", "node": "c8568c45b20b7a1b9e0f4a5dadd1987eb3d6007e239fc9dd224eeb47b71799cf", "to": "967fe6e8b6c8221a582c62797d0002f17eee1c8d34def67da5ac8c9fb33b7fd4", "ts": 1785720802.65476, "type": "send"}
{"delay": 0.02, "height": 1, "msg_type": "PREVOTE", "node": "c8568c45b20b7a1b9e0f4a5dadd1987eb3d6007e239fc9dd224eeb47b71799cf", "to": "f08474af8ab0926587a2475f38484edb316eecc339239614a2d1eff9ccd01800", "ts": 1785720802.654787, "type": "send"}
{"delay": 0.02, "height": 1, "msg_type": "PREVOTE", "node": "c8568c45b20b7a1b9e0f4a5dadd1987eb3d6007e239fc9dd224eeb47b71799cf", "to": "f22393e0df7ce07fe1b9a4b8647ed82c1e636f80a5b858638dba3ccf3f416959", "ts": 1785720802.654815, "type": "send"}
{"delay": 0.02, "height": 1, "msg_type": "PREVOTE", "node": "f08474af8ab0926587a2475f38484edb316eecc339239614a2d1eff9ccd01800", "to": "0772af86d70664e325e22546e3fe7a4c6b82feefae381b62cab85b230fb21719", "ts": 1785720802.656745, "type": "send"}
{"delay": 0.02, "height": 1, "msg_type": "PREVOTE", "node": "f08474af8ab0926587a2475f38484edb316eecc339239614a2d1eff9ccd01800", "to": "13756c2a50bf937f4229883f98ab0b11b0562401f6976befce154a83a086793f", "ts": 1785720802.656792, "type": "send"}
{"delay": 0.02, "height": 1, "msg_type": "PREVOTE", "node": "f08474af8ab0926587a2475f38484edb316eecc339239614a2d1eff9ccd01800", "to": "3fde868ea6caf3041493f50fbcc45ebc3bad7edab4bad774a5dca2b91bec8af0", "ts": 1785720802.656823, "type": "send"}
{"delay": 0.02, "height": 1, "msg_type": "PREVOTE", "node": "f08474af8ab0926587a2475f38484edb316eecc339239614a2d1eff9ccd01800", "to": "4600e7073edcf35149235c417b55aed016ffc4133b445b7a44f86e142a6010ae", "ts": 1785720802.656851, "type": "send"}
{"delay": 0.02, "height": 1, "msg_type": "PREVOTE", "node": "f08474af8ab0926587a2475f38484edb316eecc339239614a2d1eff9ccd01800", "to": "967fe6e8b6c8221a582c62797d0002f17eee1c8d34def67da5ac8c9fb33b7fd4", "ts": 1785720802.656878, "type": "send"}
{"delay": 0.02, "height": 1, "msg_type": "PREVOTE", "node": "f08474af8ab0926587a2475f38484edb316eecc339239614a2d1eff9ccd01800", "to": "c8568c45b20b7a1b9e0f4a5dadd1987eb3d6007e239fc9dd224eeb47b71799cf", "ts": 1785720802.656905, "type": "send"}
{"delay": 0.02, "height": 1, "msg_type": "PREVOTE", "node": "f08474af8ab0926587a2475f38484edb316eecc339239614a2d1eff9ccd01800", "to": "f22393e0df7ce07fe1b9a4b8647ed82c1e636f80a5b858638dba3ccf3f416959", "ts": 1785720802.656932, "type": "send"}
{"delay": 0.02, "height": 1, "msg_type": "PREVOTE", "node": "f22393e0df7ce07fe1b9a4b8647ed82c1e636f80a5b858638dba3ccf3f416959", "to": "0772af86d70664e325e22546e3fe7a4c6b82feefae381b62cab85b230fb21719", "ts": 1785720802.658841, "type": "send"}
{"delay": 0.02, "height": 1, "msg_type": "PREVOTE", "node": "f22393e0df7ce07fe1b9a4b8647ed82c1e636f80a5b858638dba3ccf3f416959", "to": "13756c2a50bf937f4229883f98ab0b11b0562401f6976befce154a83a086793f", "ts": 1785720802.658893, "type": "send"}
{"delay": 0.02, "height": 1, "msg_type": "PREVOTE", "node": "f22393e0df7ce07fe1b9a4b8647ed82c1e636f80a5b858638dba3ccf3f416959", "to": "3fde868ea6caf3041493f50fbcc45ebc3bad7edab4bad774a5dca2b91bec8af0", "ts": 1785720802.658948, "type": "send"}
{"delay": 0.02, "height": 1, "msg_type": "PREVOTE", "node": "f22393e0df7ce07fe1b9a4b8647ed82c1e636f80a5b858638dba3ccf3f416959", "to": "4600e7073edcf35149235c417b55aed016ffc4133b445b7a44f86e142a6010ae", "ts": 1785720802.659009, "type": "send"}
{"delay": 0.02, "height": 1, "msg_type": "PREVOTE", "node": "f22393e0df7ce07fe1b9a4b8647ed82c1e636f80a5b858638dba3ccf3f416959", "to": "967fe6e8b6c8221a582c62797d0002f17eee1c8d34def67da5ac8c9fb33b7fd4", "ts": 1785720802.659049, "type": "send"}
{"delay": 0.02, "height": 1, "msg_type": "PREVOTE", "node": "f22393e0df7ce07fe1b9a4b8647ed82c1e636f80a5b858638dba3ccf3f416959", "to": "c8568c45b20b7a1b9e0f4a5dadd1987eb3d6007e239fc9dd224eeb47b71799cf", "ts": 1785720802.659077, "type": "send"}
{"delay": 0.02, "height": 1, "msg_type": "PREVOTE", "node": "f22393e0df7ce07fe1b9a4b8647ed82c1e636f80a5b858638dba3ccf3f416959", "to": "f08474af8ab0926587a2475f38484edb316eecc339239614a2d1eff9ccd01800", "ts": 1785720802.659105, "type": "send"}
{"from": "0772af86d70664e325e22546e3fe7a4c6b82feefae381b62cab85b230fb21719", "height": 1, "msg_type": "PREVOTE", "node": "13756c2a50bf937f4229883f98ab0b11b0562401f6976befce154a83a086793f", "ts": 1785720802.683837, "type": "deliver"}
{"from": "0772af86d70664e325e22546e3fe7a4c6b82feefae381b62cab85b230fb21719", "height": 1, "msg_type": "PREVOTE", "node": "3fde868ea6caf3041493f50fbcc45ebc3bad7edab4bad774a5dca2b91bec8af0", "ts": 1785720802.683896, "type": "deliver"}
{"from": "0772af86d70664e325e22546e3fe7a4c6b82feefae381b62cab85b230fb21719", "height": 1, "msg_type": "PREVOTE", "node": "4600e7073edcf35149235c417b55aed016ffc4133b445b7a44f86e142a6010ae", "ts": 1785720802.683927, "type": "deliver"}
{"from": "0772af86d70664e325e22546e3fe7a4c6b82feefae381b62cab85b230fb21719", "height": 1, "msg_type": "PREVOTE", "node": "967fe6e8b6c8221a582c62797d0002f17eee1c8d34def67da5ac8c9fb33b7fd4", "ts": 1785720802.683952, "type": "deliver"}
{"from": "0772af86d70664e325e22546e3fe7a4c6b82feefae381b62cab85b230fb21719", "height": 1, "msg_type": "PREVOTE", "node": "c8568c45b20b7a1b9e0f4a5dadd1987eb3d6007e239fc9dd224eeb47b71799cf", "ts": 1785720802.684011, "type": "deliver"}
{"from": "0772af86d70664e325e22546e3fe7a4c6b82feefae381b62cab85b230fb21719", "height": 1, "msg_type": "PREVOTE", "node": "f08474af8ab0926587a2475f38484edb316eecc339239614a2d1eff9ccd01800", "ts": 1785720802.684038, "type": "deliver"}
{"from": "0772af86d70664e325e22546e3fe7a4c6b82feefae381b62cab85b230fb21719", "height": 1, "msg_type": "PREVOTE", "node": "f22393e0df7ce07fe1b9a4b8647ed82c1e636f80a5b858638dba3ccf3f416959", "ts": 1785720802.684069, "type": "deliver"}
{"from": "3fde868ea6caf3041493f50fbcc45ebc3bad7edab4bad774a5dca2b91bec8af0", "height": 1, "msg_type": "PREVOTE", "node": "0772af86d70664e325e22546e3fe7a4c6b82feefae381b62cab85b230fb21719", "ts": 1785720802.684139, "type": "deliver"}
{"from": "3fde868ea6caf3041493f50fbcc45ebc3bad7edab4bad774a5dca2b91bec8af0", "height": 1, "msg_type": "PREVOTE", "node": "13756c2a50bf937f4229883f98ab0b11b0562401f6976befce154a83a086793f", "ts": 1785720802.684174, "type": "deliver"}
{"from": "3fde868ea6caf3041493f50fbcc45ebc3bad7edab4bad774a5dca2b91bec8af0", "height": 1, "msg_type": "PREVOTE", "node": "4600e7073edcf35149235c417b55aed016ffc4133b445b7a44f86e142a6010ae", "ts": 1785720802.684195, "type": "deliver"}
{"from": "3fde868ea6caf3041493f50fbcc45ebc3bad7edab4bad774a5dca2b91bec8af0", "height": 1, "msg_type": "PREVOTE", "node": "967fe6e8b6c8221a582c62797d0002f17eee1c8d34def67da5ac8c9fb33b7fd4", "ts": 1785720802.684213, "type": "deliver"}
{"from": "3fde868ea6caf3041493f50fbcc45ebc3bad7edab4bad774a5dca2b91bec8af0", "height": 1, "msg_type": "PREVOTE", "node": "c8568c45b20b7a1b9e0f4a5dadd1987eb3d6007e239fc9dd224eeb47b71799cf", "ts": 1785720802.684232, "type": "deliver"}
{"from": "3fde868ea6caf3041493f50fbcc45ebc3bad7edab4bad774a5dca2b91bec8af0", "height": 1, "msg_type": "PREVOTE", "node": "f08474af8ab0926587a2475f38484edb316eecc339239614a2d1eff9ccd01800", "ts": 1785720802.684249, "type": "deliver"}
{"from": "3fde868ea6caf3041493f50fbcc45ebc3bad7edab4bad774a5dca2b91bec8af0", "height": 1, "msg_type": "PREVOTE", "node": "f22393e0df7ce07fe1b9a4b8647ed82c1e636f80a5b858638dba3ccf3f416959", "ts": 1785720802.684267, "type": "deliver"}
{"from": "4600e7073edcf35149235c417b55aed016ffc4133b445b7a44f86e142a6010ae", "height": 1, "msg_type": "PREVOTE", "node": "0772af86d70664e325e22546e3fe7a4c6b82feefae381b62cab85b230fb21719", "ts": 1785720802.684284, "type": "deliver"}
{"from": "4600e7073edcf35149235c417b55aed016ffc4133b445b7a44f86e142a6010ae", "height": 1, "msg_type": "PREVOTE", "node": "13756c2a50bf937f4229883f98ab0b11b0562401f6976befce154a83a086793f", "ts": 1785720802.684317, "type": "deliver"}
{"from": "4600e7073edcf35149235c417b55aed016ffc4133b445b7a44f86e142a6010ae", "height": 1, "msg_type": "PREVOTE", "node": "3fde868ea6caf3041493f50fbcc45ebc3bad7edab4bad774a5dca2b91bec8af0", "ts": 1785720802.684336, "type": "deliver"}
{"from": "4600e7073edcf35149235c417b55aed016ffc4133b445b7a44f86e142a6010ae", "height": 1, "msg_type": "PREVOTE", "node": "967fe6e8b6c8221a582c62797d0002f17eee1c8d34def67da5ac8c9fb33b7fd4", "ts": 1785720802.684354, "type": "deliver"}
{"from": "4600e7073edcf35149235c417b55aed016ffc4133b445b7a44f86e142a6010ae", "height": 1, "msg_type": "PREVOTE", "node": "c8568c45b20b7a1b9e0f4a5dadd1987eb3d6007e239fc9dd224eeb47b71799cf", "ts": 1785720802.684372, "type": "deliver"}
{"from": "4600e7073edcf35149235c417b55aed016ffc4133b445b7a44f86e142a6010ae", "height": 1, "msg_type": "PREVOTE", "node": "f08474af8ab0926587a2475f38484edb316eecc339239614a2d1eff9ccd01800", "ts": 1785720802.684389, "type": "deliver"}
{"from": "4600e7073edcf35149235c417b55aed016ffc4133b445b7a44f86e142a6010ae", "height": 1, "msg_type": "PREVOTE", "node": "f22393e0df7ce07fe1b9a4b8647ed82c1e636f80a5b858638dba3ccf3f416959", "ts": 1785720802.684407, "type": "deliver"}
{"from": "967fe6e8b6c8221a582c62797d0002f17eee1c8d34def67da5ac8c9fb33b7fd4", "height": 1, "msg_type": "PREVOTE", "node": "0772af86d70664e325e22546e3fe7a4c6b82feefae381b62cab85b230fb21719", "ts": 1785720802.684424, "type": "deliver"}
{"from": "967fe6e8b6c8221a582c62797d0002f17eee1c8d34def67da5ac8c9fb33b7fd4", "height": 1, "msg_type": "PREVOTE", "node": "13756c2a50bf937f4229883f98ab0b11b0562401f6976befce154a83a086793f", "ts": 1785720802.684442, "type": "deliver"}
{"from": "967fe6e8b6c8221a582c62797d0002f17eee1c8d34def67da5ac8c9fb33b7fd4", "height": 1, "msg_type": "PREVOTE", "node": "3fde868ea6caf3041493f50fbcc45ebc3bad7edab4bad774a5dca2b91bec8af0", "ts": 1785720802.684459, "type": "deliver"}
{"from": "967fe6e8b6c8221a582c62797d0002f17eee1c8d34def67da5ac8c9fb33b7fd4", "height": 1, "msg_type": "PREVOTE", "node": "4600e7073edcf35149235c417b55aed016ffc4133b445b7a44f86e142a6010ae", "ts": 1785720802.684477, "type": "deliver"}
{"from": "967fe6e8b6c8221a582c62797d0002f17eee1c8d34def67da5ac8c9fb33b7fd4", "height": 1, "msg_type": "PREVOTE", "node": "c8568c45b20b7a1b9e0f4a5dadd1987eb3d6007e239fc9dd224eeb47b71799cf", "ts": 1785720802.684494, "type": "deliver"}
{"from": "967fe6e8b6c8221a582c62797d0002f17eee1c8d34def67da5ac8c9fb33b7fd4", "height": 1, "msg_type": "PREVOTE", "node": "f08474af8ab0926587a2475f38484edb316eecc339239614a2d1eff9ccd01800", "ts": 1785720802.684512, "type": "deliver"}
{"from": "967fe6e8b6c8221a582c62797d0002f17eee1c8d34def67da5ac8c9fb33b7fd4", "height": 1, "msg_type": "PREVOTE", "node": "f22393e0df7ce07fe1b9a4b8647ed82c1e636f80a5b858638dba3ccf3f416959", "ts": 1785720802.684529, "type": "deliver"}
{"from": "c8568c45b20b7a1b9e0f4a5dadd1987eb3d6007e239fc9dd224eeb47b71799cf", "height": 1, "msg_type": "PREVOTE", "node": "0772af86d70664e325e22546e3fe7a4c6b82feefae381b62cab85b230fb21719", "ts": 1785720802.684547, "type": "deliver"}
{"from": "c8568c45b20b7a1b9e0f4a5dadd1987eb3d6007e239fc9dd224eeb47b71799cf", "height": 1, "msg_type": "PREVOTE", "node": "13756c2a50bf937f4229883f98ab0b11b0562401f6976befce154a83a086793f", "ts": 1785720802.684564, "type": "deliver"}
{"from": "c8568c45b20b7a1b9e0f4a5dadd1987eb3d6007e239fc9dd224eeb47b71799cf", "height": 1, "msg_type": "PREVOTE", "node": "3fde868ea6caf3041493f50fbcc45ebc3bad7edab4bad774a5dca2b91bec8af0", "ts": 1785720802.684582, "type": "deliver"}
{"from": "c8568c45b20b7a1b9e0f4a5dadd1987eb3d6007e239fc9dd224eeb47b71799cf", "height": 1, "msg_type": "PREVOTE", "node": "4600e7073edcf35149235c417b55aed016ffc4133b445b7a44f86e142a6010ae", "ts": 1785720802.684599, "type": "deliver"}
{"from": "c8568c45b20b7a1b9e0f4a5dadd1987eb3d6007e239fc9dd224eeb47b71799cf", "height": 1, "msg_type": "PREVOTE", "node": "967fe6e8b6c8221a582c62797d0002f17eee1c8d34def67da5ac8c9fb33b7fd4", "ts": 1785720802.684616, "type": "deliver"}
{"from": "c8568c45b20b7a1b9e0f4a5dadd1987eb3d6007e239fc9dd224eeb47b71799cf", "height": 1, "msg_type": "PREVOTE", "node": "f08474af8ab0926587a2475f38484edb316eecc339239614a2d1eff9ccd01800", "ts": 1785720802.684634, "type": "deliver"}
{"from": "c8568c45b20b7a1b9e0f4a5dadd1987eb3d6007e239fc9dd224eeb47b71799cf", "height": 1, "msg_type": "PREVOTE", "node": "f22393e0df7ce07fe1b9a4b8647ed82c1e636f80a5b858638dba3ccf3f416959", "ts": 1785720802.684651, "type": "deliver"}
{"from": "f08474af8ab0926587a2475f38484edb316eecc339239614a2d1eff9ccd01800", "height": 1, "msg_type": "PREVOTE", "node": "0772af86d70664e325e22546e3fe7a4c6b82feefae381b62cab85b230fb21719", "ts": 1785720802.684678, "type": "deliver"}
{"from": "f08474af8ab0926587a2475f38484edb316eecc339239614a2d1eff9ccd01800", "height": 1, "msg_type": "PREVOTE", "node": "13756c2a50bf937f4229883f98ab0b11b0562401f6976befce154a83a086793f", "ts": 1785720802.684696, "type": "deliver"}
{"from": "f08474af8ab0926587a2475f38484edb316eecc339239614a2d1eff9ccd01800", "height": 1, "msg_type": "PREVOTE", "node": "3fde868ea6caf3041493f50fbcc45ebc3bad7edab4bad774a5dca2b91bec8af0", "ts": 1785720802.684714, "type": "deliver"}
{"from": "f08474af8ab0926587a2475f38484edb316eecc339239614a2d1eff9ccd01800", "height": 1, "msg_type": "PREVOTE", "node": "4600e7073edcf35149235c417b55aed016ffc4133b445b7a44f86e142a6010ae", "ts": 1785720802.684738, "type": "deliver"}
{"from": "f08474af8ab0926587a2475f38484edb316eecc339239614a2d1eff9ccd01800", "height": 1, "msg_type": "PREVOTE", "node": "967fe6e8b6c8221a582c62797d0002f17eee1c8d34def67da5ac8c9fb33b7fd4", "ts": 1785720802.684757, "type": "deliver"}
{"from": "f08474af8ab0926587a2475f38484edb316eecc339239614a2d1eff9ccd01800", "height": 1, "msg_type": "PREVOTE", "node": "c8568c45b20b7a1b9e0f4a5dadd1987eb3d6007e239fc9dd224eeb47b71799cf", "ts": 1785720802.684774, "type": "deliver"}
{"from": "f08474af8ab0926587a2475f38484edb316eecc339239614a2d1eff9ccd01800", "height": 1, "msg_type": "PREVOTE", "node": "f22393e0df7ce07fe1b9a4b8647ed82c1e636f80a5b858638dba3ccf3f416959", "ts": 1785720802.684792, "type": "deliver"}
{"from": "f22393e0df7ce07fe1b9a4b8647ed82c1e636f80a5b858638dba3ccf3f416959", "height": 1, "msg_type": "PREVOTE", "node": "0772af86d70664e325e22546e3fe7a4c6b82feefae381b62cab85b230fb21719", "ts": 1785720802.68481, "type": "deliver"}
{"from": "f22393e0df7ce07fe1b9a4b8647ed82c1e636f80a5b858638dba3ccf3f416959", "height": 1, "msg_type": "PREVOTE", "node": "13756c2a50bf937f4229883f98ab0b11b0562401f6976befce154a83a086793f", "ts": 1785720802.684828, "type": "deliver"}
{"from": "f22393e0df7ce07fe1b9a4b8647ed82c1e636f80a5b858638dba3ccf3f416959", "height": 1, "msg_type": "PREVOTE", "node": "3fde868ea6caf3041493f50fbcc45ebc3bad7edab4bad774a5dca2b91bec8af0", "ts": 1785720802.684846, "type": "deliver"}
{"from": "f22393e0df7ce07fe1b9a4b8647ed82c1e636f80a5b858638dba3ccf3f416959", "height": 1, "msg_type": "PREVOTE", "node": "4600e7073edcf35149235c417b55aed016ffc4133b445b7a44f86e142a6010ae", "ts": 1785720802.684863, "type": "deliver"}
{"from": "f22393e0df7ce07fe1b9a4b8647ed82c1e636f80a5b858638dba3ccf3f416959", "height": 1, "msg_type": "PREVOTE", "node": "967fe6e8b6c8221a582c62797d0002f17eee1c8d34def67da5ac8c9fb33b7fd4", "ts": 1785720802.684881, "type": "deliver"}
{"from": "f22393e0df7ce07fe1b9a4b8647ed82c1e636f80a5b858638dba3ccf3f416959", "height": 1, "msg_type": "PREVOTE", "node": "c8568c45b20b7a1b9e0f4a5dadd1987eb3d6007e239fc9dd224eeb47b71799cf", "ts": 1785720802.684899, "type": "deliver"}
{"from": "f22393e0df7ce07fe1b9a4b8647ed82c1e636f80a5b858638dba3ccf3f416959", "height": 1, "msg_type": "PREVOTE", "node": "f08474af8ab0926587a2475f38484edb316eecc339239614a2d1eff9ccd01800", "ts": 1785720802.684916, "type": "deliver"}
{"delay": 0.02, "height": 1, "msg_type": "PRECOMMIT", "node": "13756c2a50bf937f4229883f98ab0b11b0562401f6976befce154a83a086793f", "to": "0772af86d70664e325e22546e3fe7a4c6b82feefae381b62cab85b230fb21719", "ts": 1785720802.687541, "type": "send"}
{"delay": 0.02, "height": 1, "msg_type": "PRECOMMIT", "node": "13756c2a50bf937f4229883f98ab0b11b0562401f6976befce154a83a086793f", "to": "3fde868ea6caf3041493f50fbcc45ebc3bad7edab4bad774a5dca2b91bec8af0", "ts": 1785720802.687612, "type": "send"}
{"delay": 0.02, "height": 1, "msg_type": "PRECOMMIT", "node": "13756c2a50bf937f4229883f98ab0b11b0562401f6976befce154a83a086793f", "to": "4600e7073edcf35149235c417b55aed016ffc4133b445b7a44f86e142a6010ae", "ts": 1785720802.687659, "type": "send"}
{"delay": 0.02, "height": 1, "msg_type": "PRECOMMIT", "node": "13756c2a50bf937f4229883f98ab0b11b0562401f6976befce154a83a086793f", "to": "967fe6e8b6c8221a582c62797d0002f17eee1c8d34def67da5ac8c9fb33b7fd4", "ts": 1785720802.687701, "type": "send"}
{"delay": 0.02, "height": 1, "msg_type": "PRECOMMIT", "node": "13756c2a50bf937f4229883f98ab0b11b0562401f6976befce154a83a086793f", "to": "c8568c45b20b7a1b9e0f4a5dadd1987eb3d6007e239fc9dd224eeb47b71799cf", "ts": 1785720802.687743, "type": "send"}
{"delay": 0.02, "height": 1, "msg_type": "PRECOMMIT", "node": "13756c2a50bf937f4229883f98ab0b11b0562401f6976befce154a83a086793f", "to": "f08474af8ab0926587a2475f38484edb316eecc339239614a2d1eff9ccd01800", "ts": 1785720802.687799, "type": "send"}
{"delay": 0.02, "height": 1, "msg_type": "PRECOMMIT", "node": "13756c2a50bf937f4229883f98ab0b11b0562401f6976befce154a83a086793f", "to": "f22393e0df7ce07fe1b9a4b8647ed82c1e636f80a5b858638dba3ccf3f416959", "ts": 1785720802.68784, "type": "send"}
{"delay": 0.02, "height": 1, "msg_type": "PRECOMMIT", "node": "3fde868ea6caf3041493f50fbcc45ebc3bad7edab4bad774a5dca2b91bec8af0", "to": "0772af86d70664e325e22546e3fe7a4c6b82feefae381b62cab85b230fb21719", "ts": 1785720802.69381, "type": "send"}
{"delay": 0.02, "height": 1, "msg_type": "PRECOMMIT", "node": "3fde868ea6caf3041493f50fbcc45ebc3bad7edab4bad774a5dca2b91bec8af0", "to": "13756c2a50bf937f4229883f98ab0b11b0562401f6976befce154a83a086793f", "ts": 1785720802.693884, "type": "send"}
{"delay": 0.02, "height": 1, "msg_type": "PRECOMMIT", "node": "3fde868ea6caf3041493f50fbcc45ebc3bad7edab4bad774a5dca2b91bec8af0", "to": "4600e7073edcf35149235c417b55aed016ffc4133b445b7a44f86e142a6010ae", "ts": 1785720802.693931, "type": "send"}
{"delay": 0.02, "height": 1, "msg_type": "PRECOMMIT", "node": "3fde868ea6caf3041493f50fbcc45ebc3bad7edab4bad774a5dca2b91bec8af0", "to": "967fe6e8b6c8221a582c62797d0002f17eee1c8d34def67da5ac8c9fb33b7fd4", "ts": 1785720802.69398, "type": "send"}
{"delay": 0.02, "height": 1, "msg_type": "PRECOMMIT", "node": "3fde868ea6caf3041493f50fbcc45ebc3bad7edab4bad774a5dca2b91bec8af0", "to": "c8568c45b20b7a1b9e0f4a5dadd1987eb3d6007e239fc9dd224eeb47b71799cf", "ts": 1785720802.694048, "type": "send"}
{"delay": 0.02, "height": 1, "msg_type": "PRECOMMIT", "node": "3fde868ea6caf3041493f50fbcc45ebc3bad7edab4bad774a5dca2b91bec8af0", "to": "f08474af8ab0926587a2475f38484edb316eecc339239614a2d1eff9ccd01800", "ts": 1785720802.694097, "type": "send"}
{"delay": 0.02, "height": 1, "msg_type": "PRECOMMIT", "node": "3fde868ea6caf3041493f50fbcc45ebc3bad7edab4bad774a5dca2b91bec8af0", "to": "f22393e0df7ce07fe1b9a4b8647ed82c1e636f80a5b858638dba3ccf3f416959", "ts": 1785720802.694133, "type": "send"}
{"delay": 0.02, "height": 1, "msg_type": "PRECOMMIT", "node": "4600e7073edcf35149235c417b55aed016ffc4133b445b7a44f86e142a6010ae", "to": "0772af86d70664e325e22546e3fe7a4c6b82feefae381b62cab85b230fb21719", "ts": 1785720802.698695, "type": "send"}
{"delay": 0.02, "height": 1, "msg_type": "PRECOMMIT", "node": "4600e7073edcf35149235c417b55aed016ffc4133b445b7a44f86e142a6010ae", "to": "13756c2a50bf937f4229883f98ab0b11b0562401f6976befce154a83a086793f", "ts": 1785720802.698748, "type": "send"}
{"delay": 0.02, "height": 1, "msg_type": "PRECOMMIT", "node": "4600e7073edcf35149235c417b55aed016ffc4133b445b7a44f86e142a6010ae", "to": "3fde868ea6caf3041493f50fbcc45ebc3bad7edab4bad774a5dca2b91bec8af0", "ts": 1785720802.698774, "type": "send"}
{"delay": 0.02, "height": 1, "msg_type": "PRECOMMIT", "node": "4600e7073edcf35149235c417b55aed016ffc4133b445b7a44f86e142a6010ae", "to": "967fe6e8b6c8221a582c62797d0002f17eee1c8d34def67da5ac8c9fb33b7fd4", "ts": 1785720802.698795, "type": "send"}
{"delay": 0.02, "height": 1, "msg_type": "PRECOMMIT", "node": "4600e7073edcf35149235c417b55aed016ffc4133b445b7a44f86e142a6010ae", "to": "c8568c45b20b7a1b9e0f4a5dadd1987eb3d6007e239fc9dd224eeb47b71799cf", "ts": 1785720802.698815, "type": "send"}
{"delay": 0.02, "height": 1, "msg_type": "PRECOMMIT", "node": "4600e7073edcf35149235c417b55aed016ffc4133b445b7a44f86e142a6010ae", "to": "f08474af8ab0926587a2475f38484edb316eecc339239614a2d1eff9ccd01800", "ts": 1785720802.698834, "type": "send"}
{"delay": 0.02, "height": 1, "msg_type": "PRECOMMIT", "node": "4600e7073edcf35149235c417b55aed016ffc4133b445b7a44f86e142a6010ae", "to": "f22393e0df7ce07fe1b9a4b8647ed82c1e636f80a5b858638dba3ccf3f416959", "ts": 1785720802.698853, "type": "send"}
{"delay": 0.02, "height": 1, "msg_type": "PRECOMMIT", "node": "967fe6e8b6c8221a582c62797d0002f17eee1c8d34def67da5ac8c9fb33b7fd4", "to": "0772af86d70664e325e22546e3fe7a4c6b82feefae381b62cab85b230fb21719", "ts": 1785720802.701958, "type": "send"}
{"delay": 0.02, "height": 1, "msg_type": "PRECOMMIT", "node": "967fe6e8b6c8221a582c62797d0002f17eee1c8d34def67da5ac8c9fb33b7fd4", "to": "13756c2a50bf937f4229883f98ab0b11b0562401f6976befce154a83a086793f", "ts": 1785720802.702035, "type": "send"}
{"delay": 0.02, "height": 1, "msg_type": "PRECOMMIT", "node": "967fe6e8b6c8221a582c62797d0002f17eee1c8d34def67da5ac8c9fb33b7fd4", "to": "3fde868ea6caf3041493f50fbcc45ebc3bad7edab4bad774a5dca2b91bec8af0", "ts": 1785720802.702096, "type": "send"}
{"delay": 0.02, "height": 1, "msg_type": "PRECOMMIT", "node": "967fe6e8b6c8221a582c62797d0002f17eee1c8d34def67da5ac8c9fb33b7fd4", "to": "4600e7073edcf35149235c417b55aed016ffc4133b445b7a44f86e142a6010ae", "ts": 1785720802.702151, "type": "send"}
{"delay": 0.02, "height": 1, "msg_type": "PRECOMMIT", "node": "967fe6e8b6c8221a582c62797d0002f17eee1c8d34def67da5ac8c9fb33b7fd4", "to": "c8568c45b20b7a1b9e0f4a5dadd1987eb3d6007e239fc9dd224eeb47b71799cf", "ts": 1785720802.702293, "type": "send"}
{"delay": 0.02, "height": 1, "msg_type": "PRECOMMIT", "node": "967fe6e8b6c8221a582c62797d0002f17eee1c8d34def67da5ac8c9fb33b7fd4", "to": "f08474af8ab0926587a2475f38484edb316eecc339239614a2d1eff9ccd01800", "ts": 1785720802.702335, "type": "send"}
{"delay": 0.02, "height": 1, "msg_type": "PRECOMMIT", "node": "967fe6e8b6c8221a582c62797d0002f17eee1c8d34def67da5ac8c9fb33b7fd4", "to": "f22393e0df7ce07fe1b9a4b8647ed82c1e636f80a5b858638dba3ccf3f416959", "ts": 1785720802.702365, "type": "send"}
{"delay": 0.02, "height": 1, "msg_type": "PRECOMMIT", "node": "c8568c45b20b7a1b9e0f4a5dadd1987eb3d6007e239fc9dd224eeb47b71799cf", "to": "0772af86d70664e325e22546e3fe7a4c6b82feefae381b62cab85b230fb21719", "ts": 1785720802.706013, "type": "send"}
{"delay": 0.02, "height": 1, "msg_type": "PRECOMMIT", "node": "c8568c45b20b7a1b9e0f4a5dadd1987eb3d6007e239fc9dd224eeb47b71799cf", "to": "13756c2a50bf937f4229883f98ab0b11b0562401f6976befce154a83a086793f", "ts": 1785720802.706061, "type": "send"}
{"delay": 0.02, "height": 1, "msg_type": "PRECOMMIT", "node": "c8568c45b20b7a1b9e0f4a5dadd1987eb3d6007e239fc9dd224eeb47b71799cf", "to": "3fde868ea6caf3041493f50fbcc45ebc3bad7edab4bad774a5dca2b91bec8af0", "ts": 1785720802.706084, "type": "send"}
{"delay": 0.02, "height": 1, "msg_type": "PRECOMMIT", "node": "c8568c45b20b7a1b9e0f4a5dadd1987eb3d6007e239fc9dd224eeb47b71799cf", "to": "4600e7073edcf35149235c417b55aed016ffc4133b445b7a44f86e142a6010ae", "ts": 1785720802.706105, "type": "send"}
{"delay": 0.02, "height": 1, "msg_type": "PRECOMMIT", "node": "c8568c45b20b7a1b9e0f4a5dadd1987eb3d6007e239fc9dd224eeb47b71799cf", "to": "967fe6e8b6c8221a582c62797d0002f17eee1c8d34def67da5ac8c9fb33b7fd4", "ts": 1785720802.706124, "type": "send"}
{"delay": 0.02, "height": 1, "msg_type": "PRECOMMIT", "node": "c8568c45b20b7a1b9e0f4a5dadd1987eb3d6007e239fc9dd224eeb47b71799cf", "to": "f08474af8ab0926587a2475f38484edb316eecc339239614a2d1eff9ccd01800", "ts": 1785720802.706146, "type": "send"}
{"delay": 0.02, "height": 1, "msg_type": "PRECOMMIT", "node": "c8568c45b20b7a1b9e0f4a5dadd1987eb3d6007e239fc9dd224eeb47b71799cf", "to": "f22393e0df7ce07fe1b9a4b8647ed82c1e636f80a5b858638dba3ccf3f416959", "ts": 1785720802.706165, "type": "send"}
{"delay": 0.02, "height": 1, "msg_type": "PRECOMMIT", "node": "f08474af8ab0926587a2475f38484edb316eecc339239614a2d1eff9ccd01800", "to": "0772af86d70664e325e22546e3fe7a4c6b82feefae381b62cab85b230fb21719", "ts": 1785720802.709828, "type": "send"}
{"delay": 0.02, "height": 1, "msg_type": "PRECOMMIT", "node": "f08474af8ab0926587a2475f38484edb316eecc339239614a2d1eff9ccd01800", "to": "13756c2a50bf937f4229883f98ab0b11b0562401f6976befce154a83a086793f", "ts": 1785720802.709883, "type": "send"}
{"delay": 0.02, "height": 1, "msg_type": "PRECOMMIT", "node": "f08474af8ab0926587a2475f38484edb316eecc339239614a2d1eff9ccd01800", "to": "3fde868ea6caf3041493f50fbcc45ebc3bad7edab4bad774a5dca2b91bec8af0", "ts": 1785720802.70992, "type": "send"}
{"delay": 0.02, "height": 1, "msg_type": "PRECOMMIT", "node": "f08474af8ab0926587a2475f38484edb316eecc339239614a2d1eff9ccd01800", "to": "4600e7073edcf35149235c417b55aed016ffc4133b445b7a44f86e142a6010ae", "ts": 1785720802.709947, "type": "send"}
{"delay": 0.02, "height": 1, "msg_type": "PRECOMMIT", "node": "f08474af8ab0926587a2475f38484edb316eecc339239614a2d1eff9ccd01800", "to": "967fe6e8b6c8221a582c62797d0002f17eee1c8d34def67da5ac8c9fb33b7fd4", "ts": 1785720802.709974, "type": "send"}
{"delay": 0.02, "height": 1, "msg_type": "PRECOMMIT", "node": "f08474af8ab0926587a2475f38484edb316eecc339239614a2d1eff9ccd01800", "to": "c8568c45b20b7a1b9e0f4a5dadd1987eb3d6007e239fc9dd224eeb47b71799cf", "ts": 1785720802.710011, "type": "send"}
{"delay": 0.02, "height": 1, "msg_type": "PRECOMMIT", "node": "f08474af8ab0926587a2475f38484edb316eecc339239614a2d1eff9ccd01800", "to": "f22393e0df7ce07fe1b9a4b8647ed82c1e636f80a5b858638dba3ccf3f416959", "ts": 1785720802.710034, "type": "send"}
{"delay": 0.02, "height": 1, "msg_type": "PRECOMMIT", "node": "f22393e0df7ce07fe1b9a4b8647ed82c1e636f80a5b858638dba3ccf3f416959", "to": "0772af86d70664e325e22546e3fe7a4c6b82feefae381b62cab85b230fb21719", "ts": 1785720802.71539, "type": "send"}
{"delay": 0.02, "height": 1, "msg_type": "PRECOMMIT", "node": "f22393e0df7ce07fe1b9a4b8647ed82c1e636f80a5b858638dba3ccf3f416959", "to": "13756c2a50bf937f4229883f98ab0b11b0562401f6976befce154a83a086793f", "ts": 1785720802.715438, "type": "send"}
{"delay": 0.02, "height": 1, "msg_type": "PRECOMMIT", "node": "f22393e0df7ce07fe1b9a4b8647ed82c1e636f80a5b858638dba3ccf3f416959", "to": "3fde868ea6caf3041493f50fbcc45ebc3bad7edab4bad774a5dca2b91bec8af0", "ts": 1785720802.715462, "type": "send"}
{"delay": 0.02, "height": 1, "msg_type": "PRECOMMIT", "node": "f22393e0df7ce07fe1b9a4b8647ed82c1e636f80a5b858638dba3ccf3f416959", "to": "4600e7073edcf35149235c417b55aed016ffc4133b445b7a44f86e142a6010ae", "ts": 1785720802.715483, "type": "send"}
{"delay": 0.02, "height": 1, "msg_type": "PRECOMMIT", "node": "f22393e0df7ce07fe1b9a4b8647ed82c1e636f80a5b858638dba3ccf3f416959", "to": "967fe6e8b6c8221a582c62797d0002f17eee1c8d34def67da5ac8c9fb33b7fd4", "ts": 1785720802.715502, "type": "send"}
{"delay": 0.02, "height": 1, "msg_type": "PRECOMMIT", "node": "f22393e0df7ce07fe1b9a4b8647ed82c1e636f80a5b858638dba3ccf3f416959", "to": "c8568c45b20b7a1b9e0f4a5dadd1987eb3d6007e239fc9dd224eeb47b71799cf", "ts": 1785720802.715521, "type": "send"}
{"delay": 0.02, "height": 1, "msg_type": "PRECOMMIT", "node": "f22393e0df7ce07fe1b9a4b8647ed82c1e636f80a5b858638dba3ccf3f416959", "to": "f08474af8ab0926587a2475f38484edb316eecc339239614a2d1eff9ccd01800", "ts": 1785720802.715539, "type": "send"}
{"delay": 0.02, "height": 1, "msg_type": "PRECOMMIT", "node": "0772af86d70664e325e22546e3fe7a4c6b82feefae381b62cab85b230fb21719", "to": "13756c2a50bf937f4229883f98ab0b11b0562401f6976befce154a83a086793f", "ts": 1785720802.719038, "type": "send"}
{"delay": 0.02, "height": 1, "msg_type": "PRECOMMIT", "node": "0772af86d70664e325e22546e3fe7a4c6b82feefae381b62cab85b230fb21719", "to": "3fde868ea6caf3041493f50fbcc45ebc3bad7edab4bad774a5dca2b91bec8af0", "ts": 1785720802.719088, "type": "send"}
{"delay": 0.02, "height": 1, "msg_type": "PRECOMMIT", "node": "0772af86d70664e325e22546e3fe7a4c6b82feefae381b62cab85b230fb21719", "to": "4600e7073edcf35149235c417b55aed016ffc4133b445b7a44f86e142a6010ae", "ts": 1785720802.719112, "type": "send"}
{"delay": 0.02, "height": 1, "msg_type": "PRECOMMIT", "node": "0772af86d70664e325e22546e3fe7a4c6b82feefae381b62cab85b230fb21719", "to": "967fe6e8b6c8221a582c62797d0002f17eee1c8d34def67da5ac8c9fb33b7fd4", "ts": 1785720802.719133, "type": "send"}
{"delay": 0.02, "height": 1, "msg_type": "PRECOMMIT", "node": "0772af86d70664e325e22546e3fe7a4c6b82feefae381b62cab85b230fb21719", "to": "c8568c45b20b7a1b9e0f4a5dadd1987eb3d6007e239fc9dd224eeb47b71799cf", "ts": 1785720802.719151, "type": "send"}
{"delay": 0.02, "height": 1, "msg_type": "PRECOMMIT", "node": "0772af86d70664e325e22546e3fe7a4c6b82feefae381b62cab85b230fb21719", "to": "f08474af8ab0926587a2475f38484edb316eecc339239614a2d1eff9ccd01800", "ts": 1785720802.719171, "type": "send"}
{"delay": 0.02, "height": 1, "msg_type": "PRECOMMIT", "node": "0772af86d70664e325e22546e3fe7a4c6b82feefae381b62cab85b230fb21719", "to": "f22393e0df7ce07fe1b9a4b8647ed82c1e636f80a5b858638dba3ccf3f416959", "ts": 1785720802.719189, "type": "send"}
{"from": "13756c2a50bf937f4229883f98ab0b11b0562401f6976befce154a83a086793f", "height": 1, "msg_type": "PRECOMMIT", "node": "0772af86d70664e325e22546e3fe7a4c6b82feefae381b62cab85b230fb21719", "ts": 1785720802.745526, "type": "deliver"}
{"from": "13756c2a50bf937f4229883f98ab0b11b0562401f6976befce154a83a086793f", "height": 1, "msg_type": "PRECOMMIT", "node": "3fde868ea6caf3041493f50fbcc45ebc3bad7edab4bad774a5dca2b91bec8af0", "ts": 1785720802.745578, "type": "deliver"}
{"from": "13756c2a50bf937f4229883f98ab0b11b0562401f6976befce154a83a086793f", "height": 1, "msg_type": "PRECOMMIT", "node": "4600e7073edcf35149235c417b55aed016ffc4133b445b7a44f86e142a6010ae", "ts": 1785720802.745607, "type": "deliver"}
{"from": "13756c2a50bf937f4229883f98ab0b11b0562401f6976befce154a83a086793f", "height": 1, "msg_type": "PRECOMMIT", "node": "967fe6e8b6c8221a582c62797d0002f17eee1c8d34def67da5ac8c9fb33b7fd4", "ts": 1785720802.745632, "type": "deliver"}
{"from": "13756c2a50bf937f4229883f98ab0b11b0562401f6976befce154a83a086793f", "height": 1, "msg_type": "PRECOMMIT", "node": "c8568c45b20b7a1b9e0f4a5dadd1987eb3d6007e239fc9dd224eeb47b71799cf", "ts": 1785720802.745656, "type": "deliver"}
{"from": "13756c2a50bf937f4229883f98ab0b11b0562401f6976befce154a83a086793f", "height": 1, "msg_type": "PRECOMMIT", "node": "f08474af8ab0926587a2475f38484edb316eecc339239614a2d1eff9ccd01800", "ts": 1785720802.745764, "type": "deliver"}
{"from": "13756c2a50bf937f4229883f98ab0b11b0562401f6976befce154a83a086793f", "height": 1, "msg_type": "PRECOMMIT", "node": "f22393e0df7ce07fe1b9a4b8647ed82c1e636f80a5b858638dba3ccf3f416959", "ts": 1785720802.745797, "type": "deliver"}
{"from": "3fde868ea6caf3041493f50fbcc45ebc3bad7edab4bad774a5dca2b91bec8af0", "height": 1, "msg_type": "PRECOMMIT", "node": "0772af86d70664e325e22546e3fe7a4c6b82feefae381b62cab85b230fb21719", "ts": 1785720802.745823, "type": "deliver"}
{"from": "3fde868ea6caf3041493f50fbcc45ebc3bad7edab4bad774a5dca2b91bec8af0", "height": 1, "msg_type": "PRECOMMIT", "node": "13756c2a50bf937f4229883f98ab0b11b0562401f6976befce154a83a086793f", "ts": 1785720802.745843, "type": "deliver"}
{"from": "3fde868ea6caf3041493f50fbcc45ebc3bad7edab4bad774a5dca2b91bec8af0", "height": 1, "msg_type": "PRECOMMIT", "node": "4600e7073edcf35149235c417b55aed016ffc4133b445b7a44f86e142a6010ae", "ts": 1785720802.745866, "type": "deliver"}
{"from": "3fde868ea6caf3041493f50fbcc45ebc3bad7edab4bad774a5dca2b91bec8af0", "height": 1, "msg_type": "PRECOMMIT", "node": "967fe6e8b6c8221a582c62797d0002f17eee1c8d34def67da5ac8c9fb33b7fd4", "ts": 1785720802.745884, "type": "deliver"}
{"from": "3fde868ea6caf3041493f50fbcc45ebc3bad7edab4bad774a5dca2b91bec8af0", "height": 1, "msg_type": "PRECOMMIT", "node": "c8568c45b20b7a1b9e0f4a5dadd1987eb3d6007e239fc9dd224eeb47b71799cf", "ts": 1785720802.745901, "type": "deliver"}
{"from": "3fde868ea6caf3041493f50fbcc45ebc3bad7edab4bad774a5dca2b91bec8af0", "height": 1, "msg_type": "PRECOMMIT", "node": "f08474af8ab0926587a2475f38484edb316eecc339239614a2d1eff9ccd01800", "ts": 1785720802.745918, "type": "deliver"}
{"from": "3fde868ea6caf3041493f50fbcc45ebc3bad7edab4bad774a5dca2b91bec8af0", "height": 1, "msg_type": "PRECOMMIT", "node": "f22393e0df7ce07fe1b9a4b8647ed82c1e636f80a5b858638dba3ccf3f416959", "ts": 1785720802.745935, "type": "deliver"}
{"from": "4600e7073edcf35149235c417b55aed016ffc4133b445b7a44f86e142a6010ae", "height": 1, "msg_type": "PRECOMMIT", "node": "0772af86d70664e325e22546e3fe7a4c6b82feefae381b62cab85b230fb21719", "ts": 1785720802.745953, "type": "deliver"}
{"from": "4600e7073edcf35149235c417b55aed016ffc4133b445b7a44f86e142a6010ae", "height": 1, "msg_type": "PRECOMMIT", "node": "13756c2a50bf937f4229883f98ab0b11b0562401f6976befce154a83a086793f", "ts": 1785720802.745971, "type": "deliver"}
{"from": "4600e7073edcf35149235c417b55aed016ffc4133b445b7a44f86e142a6010ae", "height": 1, "msg_type": "PRECOMMIT", "node": "3fde868ea6caf3041493f50fbcc45ebc3bad7edab4bad774a5dca2b91bec8af0", "ts": 1785720802.745998, "type": "deliver"}
{"from": "4600e7073edcf35149235c417b55aed016ffc4133b445b7a44f86e142a6010ae", "height": 1, "msg_type": "PRECOMMIT", "node": "967fe6e8b6c8221a582c62797d0002f17eee1c8d34def67da5ac8c9fb33b7fd4", "ts": 1785720802.746016, "type": "deliver"}
{"from": "4600e7073edcf35149235c417b55aed016ffc4133b445b7a44f86e142a6010ae", "height": 1, "msg_type": "PRECOMMIT", "node": "c8568c45b20b7a1b9e0f4a5dadd1987eb3d6007e239fc9dd224eeb47b71799cf", "ts": 1785720802.746034, "type": "deliver"}
{"from": "4600e7073edcf35149235c417b55aed016ffc4133b445b7a44f86e142a6010ae", "height": 1, "msg_type": "PRECOMMIT", "node": "f08474af8ab0926587a2475f38484edb316eecc339239614a2d1eff9ccd01800", "ts": 1785720802.746051, "type": "deliver"}
{"from": "4600e7073edcf35149235c417b55aed016ffc4133b445b7a44f86e142a6010ae", "height": 1, "msg_type": "PRECOMMIT", "node": "f22393e0df7ce07fe1b9a4b8647ed82c1e636f80a5b858638dba3ccf3f416959", "ts": 1785720802.746634, "type": "deliver"}
{"from": "967fe6e8b6c8221a582c62797d0002f17eee1c8d34def67da5ac8c9fb33b7fd4", "height": 1, "msg_type": "PRECOMMIT", "node": "0772af86d70664e325e22546e3fe7a4c6b82feefae381b62cab85b230fb21719", "ts": 1785720802.746657, "type": "deliver"}
{"from": "967fe6e8b6c8221a582c62797d0002f17eee1c8d34def67da5ac8c9fb33b7fd4", "height": 1, "msg_type": "PRECOMMIT", "node": "13756c2a50bf937f4229883f98ab0b11b0562401f6976befce154a83a086793f", "ts": 1785720802.746676, "type": "deliver"}
{"from": "967fe6e8b6c8221a582c62797d0002f17eee1c8d34def67da5ac8c9fb33b7fd4", "height": 1, "msg_type": "PRECOMMIT", "node": "3fde868ea6caf3041493f50fbcc45ebc3bad7edab4bad774a5dca2b91bec8af0", "ts": 1785720802.746823, "type": "deliver"}
{"from": "967fe6e8b6c8221a582c62797d0002f17eee1c8d34def67da5ac8c9fb33b7fd4", "height": 1, "msg_type": "PRECOMMIT", "node": "4600e7073edcf35149235c417b55aed016ffc4133b445b7a44f86e142a6010ae", "ts": 1785720802.746854, "type": "deliver"}
{"from": "967fe6e8b6c8221a582c62797d0002f17eee1c8d34def67da5ac8c9fb33b7fd4", "height": 1, "msg_type": "PRECOMMIT", "node": "c8568c45b20b7a1b9e0f4a5dadd1987eb3d6007e239fc9dd224eeb47b71799cf", "ts": 1785720802.74687, "type": "deliver"}
{"from": "967fe6e8b6c8221a582c62797d0002f17eee1c8d34def67da5ac8c9fb33b7fd4", "height": 1, "msg_type": "PRECOMMIT", "node": "f08474af8ab0926587a2475f38484edb316eecc339239614a2d1eff9ccd01800", "ts": 1785720802.746884, "type": "deliver"}
{"from": "967fe6e8b6c8221a582c62797d0002f17eee1c8d34def67da5ac8c9fb33b7fd4", "height": 1, "msg_type": "PRECOMMIT", "node": "f22393e0df7ce07fe1b9a4b8647ed82c1e636f80a5b858638dba3ccf3f416959", "ts": 1785720802.746897, "type": "deliver"}
{"from": "c8568c45b20b7a1b9e0f4a5dadd1987eb3d6007e239fc9dd224eeb47b71799cf", "height": 1, "msg_type": "PRECOMMIT", "node": "0772af86d70664e325e22546e3fe7a4c6b82feefae381b62cab85b230fb21719", "ts": 1785720802.746912, "type": "deliver"}
{"from": "c8568c45b20b7a1b9e0f4a5dadd1987eb3d6007e239fc9dd224eeb47b71799cf", "height": 1, "msg_type": "PRECOMMIT", "node": "13756c2a50bf937f4229883f98ab0b11b0562401f6976befce154a83a086793f", "ts": 1785720802.746925, "type": "deliver"}
{"from": "c8568c45b20b7a1b9e0f4a5dadd1987eb3d6007e239fc9dd224eeb47b71799cf", "height": 1, "msg_type": "PRECOMMIT", "node": "3fde868ea6caf3041493f50fbcc45ebc3bad7edab4bad774a5dca2b91bec8af0", "ts": 1785720802.746939, "type": "deliver"}
{"from": "c8568c45b20b7a1b9e0f4a5dadd1987eb3d6007e239fc9dd224eeb47b71799cf", "height": 1, "msg_type": "PRECOMMIT", "node": "4600e7073edcf35149235c417b55aed016ffc4133b445b7a44f86e142a6010ae", "ts": 1785720802.746951, "type": "deliver"}
{"from": "c8568c45b20b7a1b9e0f4a5dadd1987eb3d6007e239fc9dd224eeb47b71799cf", "height": 1, "msg_type": "PRECOMMIT", "node": "967fe6e8b6c8221a582c62797d0002f17eee1c8d34def67da5ac8c9fb33b7fd4", "ts": 1785720802.746962, "type": "deliver"}
{"from": "c8568c45b20b7a1b9e0f4a5dadd1987eb3d6007e239fc9dd224eeb47b71799cf", "height": 1, "msg_type": "PRECOMMIT", "node": "f08474af8ab0926587a2475f38484edb316eecc339239614a2d1eff9ccd01800", "ts": 1785720802.746974, "type": "deliver"}
{"from": "c8568c45b20b7a1b9e0f4a5dadd1987eb3d6007e239fc9dd224eeb47b71799cf", "height": 1, "msg_type": "PRECOMMIT", "node": "f22393e0df7ce07fe1b9a4b8647ed82c1e636f80a5b858638dba3ccf3f416959", "ts": 1785720802.746993, "type": "deliver"}
{"from": "f08474af8ab0926587a2475f38484edb316eecc339239614a2d1eff9ccd01800", "height": 1, "msg_type": "PRECOMMIT", "node": "0772af86d70664e325e22546e3fe7a4c6b82feefae381b62cab85b230fb21719", "ts": 1785720802.747008, "type": "deliver"}
{"from": "f08474af8ab0926587a2475f38484edb316eecc339239614a2d1eff9ccd01800", "height": 1, "msg_type": "PRECOMMIT", "node": "13756c2a50bf937f4229883f98ab0b11b0562401f6976befce154a83a086793f", "ts": 1785720802.747021, "type": "deliver"}
{"from": "f08474af8ab0926587a2475f38484edb316eecc339239614a2d1eff9ccd01800", "height": 1, "msg_type": "PRECOMMIT", "node": "3fde868ea6caf3041493f50fbcc45ebc3bad7edab4bad774a5dca2b91bec8af0", "ts": 1785720802.747042, "type": "deliver"}
{"from": "f08474af8ab0926587a2475f38484edb316eecc339239614a2d1eff9ccd01800", "height": 1, "msg_type": "PRECOMMIT", "node": "4600e7073edcf35149235c417b55aed016ffc4133b445b7a44f86e142a6010ae", "ts": 1785720802.747061, "type": "deliver"}
{"from": "f08474af8ab0926587a2475f38484edb316eecc339239614a2d1eff9ccd01800", "height": 1, "msg_type": "PRECOMMIT", "node": "967fe6e8b6c8221a582c62797d0002f17eee1c8d34def67da5ac8c9fb33b7fd4", "ts": 1785720802.747074, "type": "deliver"}
{"from": "f08474af8ab0926587a2475f38484edb316eecc339239614a2d1eff9ccd01800", "height": 1, "msg_type": "PRECOMMIT", "node": "c8568c45b20b7a1b9e0f4a5dadd1987eb3d6007e239fc9dd224eeb47b71799cf", "ts": 1785720802.747087, "type": "deliver"}
{"from": "f08474af8ab0926587a2475f38484edb316eecc339239614a2d1eff9ccd01800", "height": 1, "msg_type": "PRECOMMIT", "node": "f22393e0df7ce07fe1b9a4b8647ed82c1e636f80a5b858638dba3ccf3f416959", "ts": 1785720802.747099, "type": "deliver"}
{"from": "f22393e0df7ce07fe1b9a4b8647ed82c1e636f80a5b858638dba3ccf3f416959", "height": 1, "msg_type": "PRECOMMIT", "node": "0772af86d70664e325e22546e3fe7a4c6b82feefae381b62cab85b230fb21719", "ts": 1785720802.747113, "type": "deliver"}
{"from": "f22393e0df7ce07fe1b9a4b8647ed82c1e636f80a5b858638dba3ccf3f416959", "height": 1, "msg_type": "PRECOMMIT", "node": "13756c2a50bf937f4229883f98ab0b11b0562401f6976befce154a83a086793f", "ts": 1785720802.747129, "type": "deliver"}
{"from": "f22393e0df7ce07fe1b9a4b8647ed82c1e636f80a5b858638dba3ccf3f416959", "height": 1, "msg_type": "PRECOMMIT", "node": "3fde868ea6caf3041493f50fbcc45ebc3bad7edab4bad774a5dca2b91bec8af0", "ts": 1785720802.747143, "type": "deliver"}
{"from": "f22393e0df7ce07fe1b9a4b8647ed82c1e636f80a5b858638dba3ccf3f416959", "height": 1, "msg_type": "PRECOMMIT", "node": "4600e7073edcf35149235c417b55aed016ffc4133b445b7a44f86e142a6010ae", "ts": 1785720802.747161, "type": "deliver"}
{"from": "f22393e0df7ce07fe1b9a4b8647ed82c1e636f80a5b858638dba3ccf3f416959", "height": 1, "msg_type": "PRECOMMIT", "node": "967fe6e8b6c8221a582c62797d0002f17eee1c8d34def67da5ac8c9fb33b7fd4", "ts": 1785720802.747179, "type": "deliver"}
{"from": "f22393e0df7ce07fe1b9a4b8647ed82c1e636f80a5b858638dba3ccf3f416959", "height": 1, "msg_type": "PRECOMMIT", "node": "c8568c45b20b7a1b9e0f4a5dadd1987eb3d6007e239fc9dd224eeb47b71799cf", "ts": 1785720802.7472, "type": "deliver"}
{"from": "f22393e0df7ce07fe1b9a4b8647ed82c1e636f80a5b858638dba3ccf3f416959", "height": 1, "msg_type": "PRECOMMIT", "node": "f08474af8ab0926587a2475f38484edb316eecc339239614a2d1eff9ccd01800", "ts": 1785720802.747219, "type": "deliver"}
{"from": "0772af86d70664e325e22546e3fe7a4c6b82feefae381b62cab85b230fb21719", "height": 1, "msg_type": "PRECOMMIT", "node": "13756c2a50bf937f4229883f98ab0b11b0562401f6976befce154a83a086793f", "ts": 1785720802.747239, "type": "deliver"}
{"from": "0772af86d70664e325e22546e3fe7a4c6b82feefae381b62cab85b230fb21719", "height": 1, "msg_type": "PRECOMMIT", "node": "3fde868ea6caf3041493f50fbcc45ebc3bad7edab4bad774a5dca2b91bec8af0", "ts": 1785720802.747259, "type": "deliver"}
{"from": "0772af86d70664e325e22546e3fe7a4c6b82feefae381b62cab85b230fb21719", "height": 1, "msg_type": "PRECOMMIT", "node": "4600e7073edcf35149235c417b55aed016ffc4133b445b7a44f86e142a6010ae", "ts": 1785720802.747277, "type": "deliver"}
{"from": "0772af86d70664e325e22546e3fe7a4c6b82feefae381b62cab85b230fb21719", "height": 1, "msg_type": "PRECOMMIT", "node": "967fe6e8b6c8221a582c62797d0002f17eee1c8d34def67da5ac8c9fb33b7fd4", "ts": 1785720802.747295, "type": "deliver"}
{"from": "0772af86d70664e325e22546e3fe7a4c6b82feefae381b62cab85b230fb21719", "height": 1, "msg_type": "PRECOMMIT", "node": "c8568c45b20b7a1b9e0f4a5dadd1987eb3d6007e239fc9dd224eeb47b71799cf", "ts": 1785720802.747314, "type": "deliver"}
{"from": "0772af86d70664e325e22546e3fe7a4c6b82feefae381b62cab85b230fb21719", "height": 1, "msg_type": "PRECOMMIT", "node": "f08474af8ab0926587a2475f38484edb316eecc339239614a2d1eff9ccd01800", "ts": 1785720802.747333, "type": "deliver"}
{"from": "0772af86d70664e325e22546e3fe7a4c6b82feefae381b62cab85b230fb21719", "height": 1, "msg_type": "PRECOMMIT", "node": "f22393e0df7ce07fe1b9a4b8647ed82c1e636f80a5b858638dba3ccf3f416959", "ts": 1785720802.747353, "type": "deliver"}
{"delay": 0.02, "height": 2, "msg_type": "PROPOSAL", "node": "3fde868ea6caf3041493f50fbcc45ebc3bad7edab4bad774a5dca2b91bec8af0", "to": "0772af86d70664e325e22546e3fe7a4c6b82feefae381b62cab85b230fb21719", "ts": 1785720802.750908, "type": "send"}
{"delay": 0.02, "height": 2, "msg_type": "PROPOSAL", "node": "3fde868ea6caf3041493f50fbcc45ebc3bad7edab4bad774a5dca2b91bec8af0", "to": "13756c2a50bf937f4229883f98ab0b11b0562401f6976befce154a83a086793f", "ts": 1785720802.750935, "type": "send"}
{"delay": 0.02, "height": 2, "msg_type": "PROPOSAL", "node": "3fde868ea6caf3041493f50fbcc45ebc3bad7edab4bad774a5dca2b91bec8af0", "to": "4600e7073edcf35149235c417b55aed016ffc4133b445b7a44f86e142a6010ae", "ts": 1785720802.750953, "type": "send"}
{"delay": 0.02, "height": 2, "msg_type": "PROPOSAL", "node": "3fde868ea6caf3041493f50fbcc45ebc3bad7edab4bad774a5dca2b91bec8af0", "to": "967fe6e8b6c8221a582c62797d0002f17eee1c8d34def67da5ac8c9fb33b7fd4", "ts": 1785720802.750969, "type": "send"}
{"delay": 0.02, "height": 2, "msg_type": "PROPOSAL", "node": "3fde868ea6caf3041493f50fbcc45ebc3bad7edab4bad774a5dca2b91bec8af0", "to": "c8568c45b20b7a1b9e0f4a5dadd1987eb3d6007e239fc9dd224eeb47b71799cf", "ts": 1785720802.750994, "type": "send"}
{"delay": 0.02, "height": 2, "msg_type": "PROPOSAL", "node": "3fde868ea6caf3041493f50fbcc45ebc3bad7edab4bad774a5dca2b91bec8af0", "to": "f08474af8ab0926587a2475f38484edb316eecc339239614a2d1eff9ccd01800", "ts": 1785720802.751012, "type": "send"}
{"delay": 0.02, "height": 2, "msg_type": "PROPOSAL", "node": "3fde868ea6caf3041493f50fbcc45ebc3bad7edab4bad774a5dca2b91bec8af0", "to": "f22393e0df7ce07fe1b9a4b8647ed82c1e636f80a5b858638dba3ccf3f416959", "ts": 1785720802.751028, "type": "send"}
{"delay": 0.02, "height": 2, "msg_type": "PREVOTE", "node": "3fde868ea6caf3041493f50fbcc45ebc3bad7edab4bad774a5dca2b91bec8af0", "to": "0772af86d70664e325e22546e3fe7a4c6b82feefae381b62cab85b230fb21719", "ts": 1785720802.751668, "type": "send"}
{"delay": 0.02, "height": 2, "msg_type": "PREVOTE", "node": "3fde868ea6caf3041493f50fbcc45ebc3bad7edab4bad774a5dca2b91bec8af0", "to": "13756c2a50bf937f4229883f98ab0b11b0562401f6976befce154a83a086793f", "ts": 1785720802.751698, "type": "send"}
{"delay": 0.02, "height": 2, "msg_type": "PREVOTE", "node": "3fde868ea6caf3041493f50fbcc45ebc3bad7edab4bad774a5dca2b91bec8af0", "to": "4600e7073edcf35149235c417b55aed016ffc4133b445b7a44f86e142a6010ae", "ts": 1785720802.751716, "type": "send"}
{"delay": 0.02, "height": 2, "msg_type": "PREVOTE", "node": "3fde868ea6caf3041493f50fbcc45ebc3bad7edab4bad774a5dca2b91bec8af0", "to": "967fe6e8b6c8221a582c62797d0002f17eee1c8d34def67da5ac8c9fb33b7fd4", "ts": 1785720802.751734, "type": "send"}
{"delay": 0.02, "height": 2, "msg_type": "PREVOTE", "node": "3fde868ea6caf3041493f50fbcc45ebc3bad7edab4bad774a5dca2b91bec8af0", "to": "c8568c45b20b7a1b9e0f4a5dadd1987eb3d6007e239fc9dd224eeb47b71799cf", "ts": 1785720802.75175, "type": "send"}
{"delay": 0.02, "height": 2, "msg_type": "PREVOTE", "node": "3fde868ea6caf3041493f50fbcc45ebc3bad7edab4bad774a5dca2b91bec8af0", "to": "f08474af8ab0926587a2475f38484edb316eecc339239614a2d1eff9ccd01800", "ts": 1785720802.751766, "type": "send"}
{"delay": 0.02, "height": 2, "msg_type": "PREVOTE", "node": "3fde868ea6caf3041493f50fbcc45ebc3bad7edab4bad774a5dca2b91bec8af0", "to": "f22393e0df7ce07fe1b9a4b8647ed82c1e636f80a5b858638dba3ccf3f416959", "ts": 1785720802.751782, "type": "send"}
{"from": "3fde868ea6caf3041493f50fbcc45ebc3bad7edab4bad774a5dca2b91bec8af0", "height": 2, "msg_type": "PROPOSAL", "node": "0772af86d70664e325e22546e3fe7a4c6b82feefae381b62cab85b230fb21719", "ts": 1785720802.794328, "type": "deliver"}
{"from": "3fde868ea6caf3041493f50fbcc45ebc3bad7edab4bad774a5dca2b91bec8af0", "height": 2, "msg_type": "PROPOSAL", "node": "13756c2a50bf937f4229883f98ab0b11b0562401f6976befce154a83a086793f", "ts": 1785720802.794388, "type": "deliver"}
{"from": "3fde868ea6caf3041493f50fbcc45ebc3bad7edab4bad774a5dca2b91bec8af0", "height": 2, "msg_type": "PROPOSAL", "node": "4600e7073edcf35149235c417b55aed016ffc4133b445b7a44f86e142a6010ae", "ts": 1785720802.794412, "type": "deliver"}
{"from": "3fde868ea6caf3041493f50fbcc45ebc3bad7edab4bad774a5dca2b91bec8af0", "height": 2, "msg_type": "PROPOSAL", "node": "967fe6e8b6c8221a582c62797d0002f17eee1c8d34def67da5ac8c9fb33b7fd4", "ts": 1785720802.794438, "type": "deliver"}
{"from": "3fde868ea6caf3041493f50fbcc45ebc3bad7edab4bad774a5dca2b91bec8af0", "height": 2, "msg_type": "PROPOSAL", "node": "c8568c45b20b7a1b9e0f4a5dadd1987eb3d6007e239fc9dd224eeb47b71799cf", "ts": 1785720802.794467, "type": "deliver"}
{"from": "3fde868ea6caf3041493f50fbcc45ebc3bad7edab4bad774a5dca2b91bec8af0", "height": 2, "msg_type": "PROPOSAL", "node": "f08474af8ab0926587a2475f38484edb316eecc339239614a2d1eff9ccd01800", "ts": 1785720802.794491, "type": "deliver"}
{"from": "3fde868ea6caf3041493f50fbcc45ebc3bad7edab4bad774a5dca2b91bec8af0", "height": 2, "msg_type": "PROPOSAL", "node": "f22393e0df7ce07fe1b9a4b8647ed82c1e636f80a5b858638dba3ccf3f416959", "ts": 1785720802.794514, "type": "deliver"}
{"from": "3fde868ea6caf3041493f50fbcc45ebc3bad7edab4bad774a5dca2b91bec8af0", "height": 2, "msg_type": "PREVOTE", "node": "0772af86d70664e325e22546e3fe7a4c6b82feefae381b62cab85b230fb21719", "ts": 1785720802.794549, "type": "deliver"}
{"from": "3fde868ea6caf3041493f50fbcc45ebc3bad7edab4bad774a5dca2b91bec8af0", "height": 2, "msg_type": "PREVOTE", "node": "13756c2a50bf937f4229883f98ab0b11b0562401f6976befce154a83a086793f", "ts": 1785720802.794566, "type": "deliver"}
{"from": "3fde868ea6caf3041493f50fbcc45ebc3bad7edab4bad774a5dca2b91bec8af0", "height": 2, "msg_type": "PREVOTE", "node": "4600e7073edcf35149235c417b55aed016ffc4133b445b7a44f86e142a6010ae", "ts": 1785720802.794581, "type": "deliver"}
{"from": "3fde868ea6caf3041493f50fbcc45ebc3bad7edab4bad774a5dca2b91bec8af0", "height": 2, "msg_type": "PREVOTE", "node": "967fe6e8b6c8221a582c62797d0002f17eee1c8d34def67da5ac8c9fb33b7fd4", "ts": 1785720802.79461, "type": "deliver"}
{"from": "3fde868ea6caf3041493f50fbcc45ebc3bad7edab4bad774a5dca2b91bec8af0", "height": 2, "msg_type": "PREVOTE", "node": "c8568c45b20b7a1b9e0f4a5dadd1987eb3d6007e239fc9dd224eeb47b71799cf", "ts": 1785720802.794633, "type": "deliver"}
{"from": "3fde868ea6caf3041493f50fbcc45ebc3bad7edab4bad774a5dca2b91bec8af0", "height": 2, "msg_type": "PREVOTE", "node": "f08474af8ab0926587a2475f38484edb316eecc339239614a2d1eff9ccd01800", "ts": 1785720802.794649, "type": "deliver"}
{"from": "3fde868ea6caf3041493f50fbcc45ebc3bad7edab4bad774a5dca2b91bec8af0", "height": 2, "msg_type": "PREVOTE", "node": "f22393e0df7ce07fe1b9a4b8647ed82c1e636f80a5b858638dba3ccf3f416959", "ts": 1785720802.795292, "type": "deliver"}
{"delay": 0.02, "height": 2, "msg_type": "PREVOTE", "node": "0772af86d70664e325e22546e3fe7a4c6b82feefae381b62cab85b230fb21719", "to": "13756c2a50bf937f4229883f98ab0b11b0562401f6976befce154a83a086793f", "ts": 1785720802.795961, "type": "send"}
{"delay": 0.02, "height": 2, "msg_type": "PREVOTE", "node": "0772af86d70664e325e22546e3fe7a4c6b82feefae381b62cab85b230fb21719", "to": "3fde868ea6caf3041493f50fbcc45ebc3bad7edab4bad774a5dca2b91bec8af0", "ts": 1785720802.795996, "type": "send"}
{"delay": 0.02, "height": 2, "msg_type": "PREVOTE", "node": "0772af86d70664e325e22546e3fe7a4c6b82feefae381b62cab85b230fb21719", "to": "4600e7073edcf35149235c417b55aed016ffc4133b445b7a44f86e142a6010ae", "ts": 1785720802.796029, "type": "send"}
{"delay": 0.02, "height": 2, "msg_type": "PREVOTE", "node": "0772af86d70664e325e22546e3fe7a4c6b82feefae381b62cab85b230fb21719", "to": "967fe6e8b6c8221a582c62797d0002f17eee1c8d34def67da5ac8c9fb33b7fd4", "ts": 1785720802.79611, "type": "send"}
{"delay": 0.02, "height": 2, "msg_type": "PREVOTE", "node": "0772af86d70664e325e22546e3fe7a4c6b82feefae381b62cab85b230fb21719", "to": "c8568c45b20b7a1b9e0f4a5dadd1987eb3d6007e239fc9dd224eeb47b71799cf", "ts": 1785720802.796128, "type": "send"}
{"delay": 0.02, "height": 2, "msg_type": "PREVOTE", "node": "0772af86d70664e325e22546e3fe7a4c6b82feefae381b62cab85b230fb21719", "to": "f08474af8ab0926587a2475f38484edb316eecc339239614a2d1eff9ccd01800", "ts": 1785720802.796144, "type": "send"}
{"delay": 0.02, "height": 2, "msg_type": "PREVOTE", "node": "0772af86d70664e325e22546e3fe7a4c6b82feefae381b62cab85b230fb21719", "to": "f22393e0df7ce07fe1b9a4b8647ed82c1e636f80a5b858638dba3ccf3f416959", "ts": 1785720802.79616, "type": "send"}
{"delay": 0.02, "height": 2, "msg_type": "PREVOTE", "node": "13756c2a50bf937f4229883f98ab0b11b0562401f6976befce154a83a086793f", "to": "0772af86d70664e325e22546e3fe7a4c6b82feefae381b62cab85b230fb21719", "ts": 1785720802.798224, "type": "send"}
{"delay": 0.02, "height": 2, "msg_type": "PREVOTE", "node": "13756c2a50bf937f4229883f98ab0b11b0562401f6976befce154a83a086793f", "to": "3fde868ea6caf3041493f50fbcc45ebc3bad7edab4bad774a5dca2b91bec8af0", "ts": 1785720802.798257, "type": "send"}
{"delay": 0.02, "height": 2, "msg_type": "PREVOTE", "node": "13756c2a50bf937f4229883f98ab0b11b0562401f6976befce154a83a086793f", "to": "4600e7073edcf35149235c417b55aed016ffc4133b445b7a44f86e142a6010ae", "ts": 1785720802.798273, "type": "send"}
{"delay": 0.02, "height": 2, "msg_type": "PREVOTE", "node": "13756c2a50bf937f4229883f98ab0b11b0562401f6976befce154a83a086793f", "to": "967fe6e8b6c8221a582c62797d0002f17eee1c8d34def67da5ac8c9fb33b7fd4", "ts": 1785720802.798287, "type": "send"}
{"delay": 0.02, "height": 2, "msg_type": "PREVOTE", "node": "13756c2a50bf937f4229883f98ab0b11b0562401f6976befce154a83a086793f", "to": "c8568c45b20b7a1b9e0f4a5dadd1987eb3d6007e239fc9dd224eeb47b71799cf", "ts": 1785720802.798301, "type": "send"}
{"delay": 0.02, "height": 2, "msg_type": "PREVOTE", "node": "13756c2a50bf937f4229883f98ab0b11b0562401f6976befce154a83a086793f", "to": "f08474af8ab0926587a2475f38484edb316eecc339239614a2d1eff9ccd01800", "ts": 1785720802.798315, "type": "send"}
{"delay": 0.02, "height": 2, "msg_type": "PREVOTE", "node": "13756c2a50bf937f4229883f98ab0b11b0562401f6976befce154a83a086793f", "to": "f22393e0df7ce07fe1b9a4b8647ed82c1e636f80a5b858638dba3ccf3f416959", "ts": 1785720802.798328, "type": "send"}
{"delay": 0.02, "height": 2, "msg_type": "PREVOTE", "node": "4600e7073edcf35149235c417b55aed016ffc4133b445b7a44f86e142a6010ae", "to": "0772af86d70664e325e22546e3fe7a4c6b82feefae381b62cab85b230fb21719", "ts": 1785720802.799126, "type": "send"}
{"delay": 0.02, "height": 2, "msg_type": "PREVOTE", "node": "4600e7073edcf35149235c417b55aed016ffc4133b445b7a44f86e142a6010ae", "to": "13756c2a50bf937f4229883f98ab0b11b0562401f6976befce154a83a086793f", "ts": 1785720802.799152, "type": "send"}
{"delay": 0.02, "height": 2, "msg_type": "PREVOTE", "node": "4600e7073edcf35149235c417b55aed016ffc4133b445b7a44f86e142a6010ae", "to": "3fde868ea6caf3041493f50fbcc45ebc3bad7edab4bad774a5dca2b91bec8af0", "ts": 1785720802.799167, "type": "send"}
{"delay": 0.02, "height": 2, "msg_type": "PREVOTE", "node": "4600e7073edcf35149235c417b55aed016ffc4133b445b7a44f86e142a6010ae", "to": "967fe6e8b6c8221a582c62797d0002f17eee1c8d34def67da5ac8c9fb33b7fd4", "ts": 1785720802.799185, "type": "send"}
{"delay": 0.02, "height": 2, "msg_type": "PREVOTE", "node": "4600e7073edcf35149235c417b55aed016ffc4133b445b7a44f86e142a6010ae", "to": "c8568c45b20b7a1b9e0f4a5dadd1987eb3d6007e239fc9dd224eeb47b71799cf", "ts": 1785720802.7992, "type": "send"}
{"delay": 0.02, "height": 2, "msg_type": "PREVOTE", "node": "4600e7073edcf35149235c417b55aed016ffc4133b445b7a44f86e142a6010ae", "to": "f08474af8ab0926587a2475f38484edb316eecc339239614a2d1eff9ccd01800", "ts": 1785720802.799214, "type": "send"}
{"delay": 0.02, "height": 2, "msg_type": "PREVOTE", "node": "4600e7073edcf35149235c417b55aed016ffc4133b445b7a44f86e142a6010ae", "to": "f22393e0df7ce07fe1b9a4b8647ed82c1e636f80a5b858638dba3ccf3f416959", "ts": 1785720802.799227, "type": "send"}
{"delay": 0.02, "height": 2, "msg_type": "PREVOTE", "node": "967fe6e8b6c8221a582c62797d0002f17eee1c8d34def67da5ac8c9fb33b7fd4", "to": "0772af86d70664e325e22546e3fe7a4c6b82feefae381b62cab85b230fb21719", "ts": 1785720802.800138, "type": "send"}
{"delay": 0.02, "height": 2, "msg_type": "PREVOTE", "node": "967fe6e8b6c8221a582c62797d0002f17eee1c8d34def67da5ac8c9fb33b7fd4", "to": "13756c2a50bf937f4229883f98ab0b11b0562401f6976befce154a83a086793f", "ts": 1785720802.800168, "type": "send"}
{"delay": 0.02, "height": 2, "msg_type": "PREVOTE", "node": "967fe6e8b6c8221a582c62797d0002f17eee1c8d34def67da5ac8c9fb33b7fd4", "to": "3fde868ea6caf3041493f50fbcc45ebc3bad7edab4bad774a5dca2b91bec8af0", "ts": 1785720802.800187, "type": "send"}
{"delay": 0.02, "height": 2, "msg_type": "PREVOTE", "node": "967fe6e8b6c8221a582c62797d0002f17eee1c8d34def67da5ac8c9fb33b7fd4", "to": "4600e7073edcf35149235c417b55aed016ffc4133b445b7a44f86e142a6010ae", "ts": 1785720802.800205, "type": "send"}
{"delay": 0.02, "height": 2, "msg_type": "PREVOTE", "node": "967fe6e8b6c8221a582c62797d0002f17eee1c8d34def67da5ac8c9fb33b7fd4", "to": "c8568c45b20b7a1b9e0f4a5dadd1987eb3d6007e239fc9dd224eeb47b71799cf", "ts": 1785720802.800227, "type": "send"}
{"delay": 0.02, "height": 2, "msg_type": "PREVOTE", "node": "967fe6e8b6c8221a582c62797d0002f17eee1c8d34def67da5ac8c9fb33b7fd4", "to": "f08474af8ab0926587a2475f38484edb316eecc339239614a2d1eff9ccd01800", "ts": 1785720802.800243, "type": "send"}
{"delay": 0.02, "height": 2, "msg_type": "PREVOTE", "node": "967fe6e8b6c8221a582c62797d0002f17eee1c8d34def67da5ac8c9fb33b7fd4", "to": "f22393e0df7ce07fe1b9a4b8647ed82c1e636f80a5b858638dba3ccf3f416959", "ts": 1785720802.800261, "type": "send"}
{"delay": 0.02, "height": 2, "msg_type": "PREVOTE", "node": "c8568c45b20b7a1b9e0f4a5dadd1987eb3d6007e239fc9dd224eeb47b71799cf", "to": "0772af86d70664e325e22546e3fe7a4c6b82feefae381b62cab85b230fb21719", "ts": 1785720802.803014, "type": "send"}
{"delay": 0.02, "height": 2, "msg_type": "PREVOTE", "node": "c8568c45b20b7a1b9e0f4a5dadd1987eb3d6007e239fc9dd224eeb47b71799cf", "to": "13756c2a50bf937f4229883f98ab0b11b0562401f6976befce154a83a086793f", "ts": 1785720802.803053, "type": "send"}
{"delay": 0.02, "height": 2, "msg_type": "PREVOTE", "node": "c8568c45b20b7a1b9e0f4a5dadd1987eb3d6007e239fc9dd224eeb47b71799cf", "to": "3fde868ea6caf3041493f50fbcc45ebc3bad7edab4bad774a5dca2b91bec8af0", "ts": 1785720802.803073, "type": "send"}
{"delay": 0.02, "height": 2, "msg_type": "PREVOTE", "node": "c8568c45b20b7a1b9e0f4a5dadd1987eb3d6007e239fc9dd224eeb47b71799cf", "to": "4600e7073edcf35149235c417b55aed016ffc4133b445b7a44f86e142a6010ae", "ts": 1785720802.803092, "type": "send"}
{"delay": 0.02, "height": 2, "msg_type": "PREVOTE", "node": "c8568c45b20b7a1b9e0f4a5dadd1987eb3d6007e239fc9dd224eeb47b71799cf", "to": "967fe6e8b6c8221a582c62797d0002f17eee1c8d34def67da5ac8c9fb33b7fd4", "ts": 1785720802.803111, "type": "send"}
{"delay": 0.02, "height": 2, "msg_type": "PREVOTE", "node": "c8568c45b20b7a1b9e0f4a5dadd1987eb3d6007e239fc9dd224eeb47b71799cf", "to": "f08474af8ab0926587a2475f38484edb316eecc339239614a2d1eff9ccd01800", "ts": 1785720802.803141, "type": "send"}
{"delay": 0.02, "height": 2, "msg_type": "PREVOTE", "node": "c8568c45b20b7a1b9e0f4a5dadd1987eb3d6007e239fc9dd224eeb47b71799cf", "to": "f22393e0df7ce07fe1b9a4b8647ed82c1e636f80a5b858638dba3ccf3f416959", "ts": 1785720802.803157, "type": "send"}
{"delay": 0.02, "height": 2, "msg_type": "PREVOTE", "node": "f08474af8ab0926587a2475f38484edb316eecc339239614a2d1eff9ccd01800", "to": "0772af86d70664e325e22546e3fe7a4c6b82feefae381b62cab85b230fb21719", "ts": 1785720802.804339, "type": "send"}
{"delay": 0.02, "height": 2, "msg_type": "PREVOTE", "node": "f08474af8ab0926587a2475f38484edb316eecc339239614a2d1eff9ccd01800", "to": "13756c2a50bf937f4229883f98ab0b11b0562401f6976befce154a83a086793f", "ts": 1785720802.804375, "type": "send"}
{"delay": 0.02, "height": 2, "msg_type": "PREVOTE", "node": "f08474af8ab0926587a2475f38484edb316eecc339239614a2d1eff9ccd01800", "to": "3fde868ea6caf3041493f50fbcc45ebc3bad7edab4bad774a5dca2b91bec8af0", "ts": 1785720802.804395, "type": "send"}
{"delay": 0.02, "height": 2, "msg_type": "PREVOTE", "node": "f08474af8ab0926587a2475f38484edb316eecc339239614a2d1eff9ccd01800", "to": "4600e7073edcf35149235c417b55aed016ffc4133b445b7a44f86e142a6010ae", "ts": 1785720802.80441, "type": "send"}
{"delay": 0.02, "height": 2, "msg_type": "PREVOTE", "node": "f08474af8ab0926587a2475f38484edb316eecc339239614a2d1eff9ccd01800", "to": "967fe6e8b6c8221a582c62797d0002f17eee1c8d34def67da5ac8c9fb33b7fd4", "ts": 1785720802.804425, "type": "send"}
{"delay": 0.02, "height": 2, "msg_type": "PREVOTE", "node": "f08474af8ab0926587a2475f38484edb316eecc339239614a2d1eff9ccd01800", "to": "c8568c45b20b7a1b9e0f4a5dadd1987eb3d6007e239fc9dd224eeb47b71799cf", "ts": 1785720802.804439, "type": "send"}
{"delay": 0.02, "height": 2, "msg_type": "PREVOTE", "node": "f08474af8ab0926587a2475f38484edb316eecc339239614a2d1eff9ccd01800", "to": "f22393e0df7ce07fe1b9a4b8647ed82c1e636f80a5b858638dba3ccf3f416959", "ts": 1785720802.804454, "type": "send"}
{"delay": 0.02, "height": 2, "msg_type": "PREVOTE", "node": "f22393e0df7ce07fe1b9a4b8647ed82c1e636f80a5b858638dba3ccf3f416959", "to": "0772af86d70664e325e22546e3fe7a4c6b82feefae381b62cab85b230fb21719", "ts": 1785720802.821652, "type": "send"}
{"delay": 0.02, "height": 2, "msg_type": "PREVOTE", "node": "f22393e0df7ce07fe1b9a4b8647ed82c1e636f80a5b858638dba3ccf3f416959", "to": "13756c2a50bf937f4229883f98ab0b11b0562401f6976befce154a83a086793f", "ts": 1785720802.822131, "type": "send"}
{"delay": 0.02, "height": 2, "msg_type": "PREVOTE", "node": "f22393e0df7ce07fe1b9a4b8647ed82c1e636f80a5b858638dba3ccf3f416959", "to": "3fde868ea6caf3041493f50fbcc45ebc3bad7edab4bad774a5dca2b91bec8af0", "ts": 1785720802.824968, "type": "send"}
{"delay": 0.02, "height": 2, "msg_type": "PREVOTE", "node": "f22393e0df7ce07fe1b9a4b8647ed82c1e636f80a5b858638dba3ccf3f416959", "to": "4600e7073edcf35149235c417b55aed016ffc4133b445b7a44f86e142a6010ae", "ts": 1785720802.825473, "type": "send"}
{"delay": 0.02, "height": 2, "msg_type": "PREVOTE", "node": "f22393e0df7ce07fe1b9a4b8647ed82c1e636f80a5b858638dba3ccf3f416959", "to": "967fe6e8b6c8221a582c62797d0002f17eee1c8d34def67da5ac8c9fb33b7fd4", "ts": 1785720802.82733, "type": "send"}
{"delay": 0.02, "height": 2, "msg_type": "PREVOTE", "node": "f22393e0df7ce07fe1b9a4b8647ed82c1e636f80a5b858638dba3ccf3f416959", "to": "c8568c45b20b7a1b9e0f4a5dadd1987eb3d6007e239fc9dd224eeb47b71799cf", "ts": 1785720802.827419, "type": "send"}
{"delay": 0.02, "height": 2, "msg_type": "PREVOTE", "node": "f22393e0df7ce07fe1b9a4b8647ed82c1e636f80a5b858638dba3ccf3f416959", "to": "f08474af8ab0926587a2475f38484edb316eecc339239614a2d1eff9ccd01800", "ts": 1785720802.828065, "type": "send"}
{"from": "0772af86d70664e325e22546e3fe7a4c6b82feefae381b62cab85b230fb21719", "height": 2, "msg_type": "PREVOTE", "node": "13756c2a50bf937f4229883f98ab0b11b0562401f6976befce154a83a086793f", "ts": 1785720802.859393, "type": "deliver"}
{"from": "0772af86d70664e325e22546e3fe7a4c6b82feefae381b62cab85b230fb21719", "height": 2, "msg_type": "PREVOTE", "node": "3fde868ea6caf3041493f50fbcc45ebc3bad7edab4bad774a5dca2b91bec8af0", "ts": 1785720802.859438, "type": "deliver"}
{"from": "0772af86d70664e325e22546e3fe7a4c6b82feefae381b62cab85b230fb21719", "height": 2, "msg_type": "PREVOTE", "node": "4600e7073edcf35149235c417b55aed016ffc4133b445b7a44f86e142a6010ae", "ts": 1785720802.859458, "type": "deliver"}
{"from": "0772af86d70664e325e22546e3fe7a4c6b82feefae381b62cab85b230fb21719", "height": 2, "msg_type": "PREVOTE", "node": "967fe6e8b6c8221a582c62797d0002f17eee1c8d34def67da5ac8c9fb33b7fd4", "ts": 1785720802.859475, "type": "deliver"}
{"from": "0772af86d70664e325e22546e3fe7a4c6b82feefae381b62cab85b230fb21719", "height": 2, "msg_type": "PREVOTE", "node": "c8568c45b20b7a1b9e0f4a5dadd1987eb3d6007e239fc9dd224eeb47b71799cf", "ts": 1785720802.859499, "type": "deliver"}
{"from": "0772af86d70664e325e22546e3fe7a4c6b82feefae381b62cab85b230fb21719", "height": 2, "msg_type": "PREVOTE", "node": "f08474af8ab0926587a2475f38484edb316eecc339239614a2d1eff9ccd01800", "ts": 1785720802.859554, "type": "deliver"}
{"from": "0772af86d70664e325e22546e3fe7a4c6b82feefae381b62cab85b230fb21719", "height": 2, "msg_type": "PREVOTE", "node": "f22393e0df7ce07fe1b9a4b8647ed82c1e636f80a5b858638dba3ccf3f416959", "ts": 1785720802.859575, "type": "deliver"}
{"from": "13756c2a50bf937f4229883f98ab0b11b0562401f6976befce154a83a086793f", "height": 2, "msg_type": "PREVOTE", "node": "0772af86d70664e325e22546e3fe7a4c6b82feefae381b62cab85b230fb21719", "ts": 1785720802.859591, "type": "deliver"}
{"from": "13756c2a50bf937f4229883f98ab0b11b0562401f6976befce154a83a086793f", "height": 2, "msg_type": "PREVOTE", "node": "3fde868ea6caf3041493f50fbcc45ebc3bad7edab4bad774a5dca2b91bec8af0", "ts": 1785720802.859606, "type": "deliver"}
{"from": "13756c2a50bf937f4229883f98ab0b11b0562401f6976befce154a83a086793f", "height": 2, "msg_type": "PREVOTE", "node": "4600e7073edcf35149235c417b55aed016ffc4133b445b7a44f86e142a6010ae", "ts": 1785720802.859618, "type": "deliver"}
{"from": "13756c2a50bf937f4229883f98ab0b11b0562401f6976befce154a83a086793f", "height": 2, "msg_type": "PREVOTE", "node": "967fe6e8b6c8221a582c62797d0002f17eee1c8d34def67da5ac8c9fb33b7fd4", "ts": 1785720802.859635, "type": "deliver"}
{"from": "13756c2a50bf937f4229883f98ab0b11b0562401f6976befce154a83a086793f", "height": 2, "msg_type": "PREVOTE", "node": "c8568c45b20b7a1b9e0f4a5dadd1987eb3d6007e239fc9dd224eeb47b71799cf", "ts": 1785720802.85965, "type": "deliver"}
{"from": "13756c2a50bf937f4229883f98ab0b11b0562401f6976befce154a83a086793f", "height": 2, "msg_type": "PREVOTE", "node": "f08474af8ab0926587a2475f38484edb316eecc339239614a2d1eff9ccd01800", "ts": 1785720802.859703, "type": "deliver"}
{"from": "13756c2a50bf937f4229883f98ab0b11b0562401f6976befce154a83a086793f", "height": 2, "msg_type": "PREVOTE", "node": "f22393e0df7ce07fe1b9a4b8647ed82c1e636f80a5b858638dba3ccf3f416959", "ts": 1785720802.859718, "type": "deliver"}
{"from": "4600e7073edcf35149235c417b55aed016ffc4133b445b7a44f86e142a6010ae", "height": 2, "msg_type": "PREVOTE", "node": "0772af86d70664e325e22546e3fe7a4c6b82feefae381b62cab85b230fb21719", "ts": 1785720802.859732, "type": "deliver"}
{"from": "4600e7073edcf35149235c417b55aed016ffc4133b445b7a44f86e142a6010ae", "height": 2, "msg_type": "PREVOTE", "node": "13756c2a50bf937f4229883f98ab0b11b0562401f6976befce154a83a086793f", "ts": 1785720802.859746, "type": "deliver"}
{"from": "4600e7073edcf35149235c417b55aed016ffc4133b445b7a44f86e142a6010ae", "height": 2, "msg_type": "PREVOTE", "node": "3fde868ea6caf3041493f50fbcc45ebc3bad7edab4bad774a5dca2b91bec8af0", "ts": 1785720802.859762, "type": "deliver"}
{"from": "4600e7073edcf35149235c417b55aed016ffc4133b445b7a44f86e142a6010ae", "height": 2, "msg_type": "PREVOTE", "node": "967fe6e8b6c8221a582c62797d0002f17eee1c8d34def67da5ac8c9fb33b7fd4", "ts": 1785720802.859779, "type": "deliver"}
{"from": "4600e7073edcf35149235c417b55aed016ffc4133b445b7a44f86e142a6010ae", "height": 2, "msg_type": "PREVOTE", "node": "c8568c45b20b7a1b9e0f4a5dadd1987eb3d6007e239fc9dd224eeb47b71799cf", "ts": 1785720802.859843, "type": "deliver"}
{"from": "4600e7073edcf35149235c417b55aed016ffc4133b445b7a44f86e142a6010ae", "height": 2, "msg_type": "PREVOTE", "node": "f08474af8ab0926587a2475f38484edb316eecc339239614a2d1eff9ccd01800", "ts": 1785720802.859867, "type": "deliver"}
{"from": "4600e7073edcf35149235c417b55aed016ffc4133b445b7a44f86e142a6010ae", "height": 2, "msg_type": "PREVOTE", "node": "f22393e0df7ce07fe1b9a4b8647ed82c1e636f80a5b858638dba3ccf3f416959", "ts": 1785720802.859886, "type": "deliver"}
{"from": "967fe6e8b6c8221a582c62797d0002f17eee1c8d34def67da5ac8c9fb33b7fd4", "height": 2, "msg_type": "PREVOTE", "node": "0772af86d70664e325e22546e3fe7a4c6b82feefae381b62cab85b230fb21719", "ts": 1785720802.859902, "type": "deliver"}
{"from": "967fe6e8b6c8221a582c62797d0002f17eee1c8d34def67da5ac8c9fb33b7fd4", "height": 2, "msg_type": "PREVOTE", "node": "13756c2a50bf937f4229883f98ab0b11b0562401f6976befce154a83a086793f", "ts": 1785720802.859916, "type": "deliver"}
{"from": "967fe6e8b6c8221a582c62797d0002f17eee1c8d34def67da5ac8c9fb33b7fd4", "height": 2, "msg_type": "PREVOTE", "node": "3fde868ea6caf3041493f50fbcc45ebc3bad7edab4bad774a5dca2b91bec8af0", "ts": 1785720802.85993, "type": "deliver"}
{"from": "967fe6e8b6c8221a582c62797d0002f17eee1c8d34def67da5ac8c9fb33b7fd4", "height": 2, "msg_type": "PREVOTE", "node": "4600e7073edcf35149235c417b55aed016ffc4133b445b7a44f86e142a6010ae", "ts": 1785720802.859944, "type": "deliver"}
{"from": "967fe6e8b6c8221a582c62797d0002f17eee1c8d34def67da5ac8c9fb33b7fd4", "height": 2, "msg_type": "PREVOTE", "node": "c8568c45b20b7a1b9e0f4a5dadd1987eb3d6007e239fc9dd224eeb47b71799cf", "ts": 1785720802.860015, "type": "deliver"}
{"from": "967fe6e8b6c8221a582c62797d0002f17eee1c8d34def67da5ac8c9fb33b7fd4", "height": 2, "msg_type": "PREVOTE", "node": "f08474af8ab0926587a2475f38484edb316eecc339239614a2d1eff9ccd01800", "ts": 1785720802.860039, "type": "deliver"}
{"from": "967fe6e8b6c8221a582c62797d0002f17eee1c8d34def67da5ac8c9fb33b7fd4", "height": 2, "msg_type": "PREVOTE", "node": "f22393e0df7ce07fe1b9a4b8647ed82c1e636f80a5b858638dba3ccf3f416959", "ts": 1785720802.860055, "type": "deliver"}
{"from": "c8568c45b20b7a1b9e0f4a5dadd1987eb3d6007e239fc9dd224eeb47b71799cf", "height": 2, "msg_type": "PREVOTE", "node": "0772af86d70664e325e22546e3fe7a4c6b82feefae381b62cab85b230fb21719", "ts": 1785720802.86007, "type": "deliver"}
{"from": "c8568c45b20b7a1b9e0f4a5dadd1987eb3d6007e239fc9dd224eeb47b71799cf", "height": 2, "msg_type": "PREVOTE", "node": "13756c2a50bf937f4229883f98ab0b11b0562401f6976befce154a83a086793f", "ts": 1785720802.860084, "type": "deliver"}
{"from": "c8568c45b20b7a1b9e0f4a5dadd1987eb3d6007e239fc9dd224eeb47b71799cf", "height": 2, "msg_type": "PREVOTE", "node": "3fde868ea6caf3041493f50fbcc45ebc3bad7edab4bad774a5dca2b91bec8af0", "ts": 1785720802.860099, "type": "deliver"}
{"from": "c8568c45b20b7a1b9e0f4a5dadd1987eb3d6007e239fc9dd224eeb47b71799cf", "height": 2, "msg_type": "PREVOTE", "node": "4600e7073edcf35149235c417b55aed016ffc4133b445b7a44f86e142a6010ae", "ts": 1785720802.860113, "type": "deliver"}
{"from": "c8568c45b20b7a1b9e0f4a5dadd1987eb3d6007e239fc9dd224eeb47b71799cf", "height": 2, "msg_type": "PREVOTE", "node": "967fe6e8b6c8221a582c62797d0002f17eee1c8d34def67da5ac8c9fb33b7fd4", "ts": 1785720802.860134, "type": "deliver"}
{"from": "c8568c45b20b7a1b9e0f4a5dadd1987eb3d6007e239fc9dd224eeb47b71799cf", "height": 2, "msg_type": "PREVOTE", "node": "f08474af8ab0926587a2475f38484edb316eecc339239614a2d1eff9ccd01800", "ts": 1785720802.860147, "type": "deliver"}
{"from": "c8568c45b20b7a1b9e0f4a5dadd1987eb3d6007e239fc9dd224eeb47b71799cf", "height": 2, "msg_type": "PREVOTE", "node": "f22393e0df7ce07fe1b9a4b8647ed82c1e636f80a5b858638dba3ccf3f416959", "ts": 1785720802.860159, "type": "deliver"}
{"from": "f08474af8ab0926587a2475f38484edb316eecc339239614a2d1eff9ccd01800", "height": 2, "msg_type": "PREVOTE", "node": "0772af86d70664e325e22546e3fe7a4c6b82feefae381b62cab85b230fb21719", "ts": 1785720802.860172, "type": "deliver"}
{"from": "f08474af8ab0926587a2475f38484edb316eecc339239614a2d1eff9ccd01800", "height": 2, "msg_type": "PREVOTE", "node": "13756c2a50bf937f4229883f98ab0b11b0562401f6976befce154a83a086793f", "ts": 1785720802.86023, "type": "deliver"}
{"from": "f08474af8ab0926587a2475f38484edb316eecc339239614a2d1eff9ccd01800", "height": 2, "msg_type": "PREVOTE", "node": "3fde868ea6caf3041493f50fbcc45ebc3bad7edab4bad774a5dca2b91bec8af0", "ts": 1785720802.860246, "type": "deliver"}
{"from": "f08474af8ab0926587a2475f38484edb316eecc339239614a2d1eff9ccd01800", "height": 2, "msg_type": "PREVOTE", "node": "4600e7073edcf35149235c417b55aed016ffc4133b445b7a44f86e142a6010ae", "ts": 1785720802.860259, "type": "deliver"}
{"from": "f08474af8ab0926587a2475f38484edb316eecc339239614a2d1eff9ccd01800", "height": 2, "msg_type": "PREVOTE", "node": "967fe6e8b6c8221a582c62797d0002f17eee1c8d34def67da5ac8c9fb33b7fd4", "ts": 1785720802.860272, "type": "deliver"}
{"from": "f08474af8ab0926587a2475f38484edb316eecc339239614a2d1eff9ccd01800", "height": 2, "msg_type": "PREVOTE", "node": "c8568c45b20b7a1b9e0f4a5dadd1987eb3d6007e239fc9dd224eeb47b71799cf", "ts": 1785720802.860289, "type": "deliver"}
{"from": "f08474af8ab0926587a2475f38484edb316eecc339239614a2d1eff9ccd01800", "height": 2, "msg_type": "PREVOTE", "node": "f22393e0df7ce07fe1b9a4b8647ed82c1e636f80a5b858638dba3ccf3f416959", "ts": 1785720802.860302, "type": "deliver"}
{"from": "f22393e0df7ce07fe1b9a4b8647ed82c1e636f80a5b858638dba3ccf3f416959", "height": 2, "msg_type": "PREVOTE", "node": "0772af86d70664e325e22546e3fe7a4c6b82feefae381b62cab85b230fb21719", "ts": 1785720802.860316, "type": "deliver"}
{"from": "f22393e0df7ce07fe1b9a4b8647ed82c1e636f80a5b858638dba3ccf3f416959", "height": 2, "msg_type": "PREVOTE", "node": "13756c2a50bf937f4229883f98ab0b11b0562401f6976befce154a83a086793f", "ts": 1785720802.860343, "type": "deliver"}
{"from": "f22393e0df7ce07fe1b9a4b8647ed82c1e636f80a5b858638dba3ccf3f416959", "height": 2, "msg_type": "PREVOTE", "node": "3fde868ea6caf3041493f50fbcc45ebc3bad7edab4bad774a5dca2b91bec8af0", "ts": 1785720802.860362, "type": "deliver"}
{"from": "f22393e0df7ce07fe1b9a4b8647ed82c1e636f80a5b858638dba3ccf3f416959", "height": 2, "msg_type": "PREVOTE", "node": "4600e7073edcf35149235c417b55aed016ffc4133b445b7a44f86e142a6010ae", "ts": 1785720802.860376, "type": "deliver"}
{"from": "f22393e0df7ce07fe1b9a4b8647ed82c1e636f80a5b858638dba3ccf3f416959", "height": 2, "msg_type": "PREVOTE", "node": "967fe6e8b6c8221a582c62797d0002f17eee1c8d34def67da5ac8c9fb33b7fd4", "ts": 1785720802.860389, "type": "deliver"}
{"from": "f22393e0df7ce07fe1b9a4b8647ed82c1e636f80a5b858638dba3ccf3f416959", "height": 2, "msg_type": "PREVOTE", "node": "c8568c45b20b7a1b9e0f4a5dadd1987eb3d6007e239fc9dd224eeb47b71799cf", "ts": 1785720802.860402, "type": "deliver"}
{"from": "f22393e0df7ce07fe1b9a4b8647ed82c1e636f80a5b858638dba3ccf3f416959", "height": 2, "msg_type": "PREVOTE", "node": "f08474af8ab0926587a2475f38484edb316eecc339239614a2d1eff9ccd01800", "ts": 1785720802.860418, "type": "deliver"}
{"delay": 0.02, "height": 2, "msg_type": "PRECOMMIT", "node": "13756c2a50bf937f4229883f98ab0b11b0562401f6976befce154a83a086793f", "to": "0772af86d70664e325e22546e3fe7a4c6b82feefae381b62cab85b230fb21719", "ts": 1785720802.862266, "type": "send"}
{"delay": 0.02, "height": 2, "msg_type": "PRECOMMIT", "node": "13756c2a50bf937f4229883f98ab0b11b0562401f6976befce154a83a086793f", "to": "3fde868ea6caf3041493f50fbcc45ebc3bad7edab4bad774a5dca2b91bec8af0", "ts": 1785720802.862316, "type": "send"}
{"delay": 0.02, "height": 2, "msg_type": "PRECOMMIT", "node": "13756c2a50bf937f4229883f98ab0b11b0562401f6976befce154a83a086793f", "to": "4600e7073edcf35149235c417b55aed016ffc4133b445b7a44f86e142a6010ae", "ts": 1785720802.862446, "type": "send"}
{"delay": 0.02, "height": 2, "msg_type": "PRECOMMIT", "node": "13756c2a50bf937f4229883f98ab0b11b0562401f6976befce154a83a086793f", "to": "967fe6e8b6c8221a582c62797d0002f17eee1c8d34def67da5ac8c9fb33b7fd4", "ts": 1785720802.862473, "type": "send"}
{"delay": 0.02, "height": 2, "msg_type": "PRECOMMIT", "node": "13756c2a50bf937f4229883f98ab0b11b0562401f6976befce154a83a086793f", "to": "c8568c45b20b7a1b9e0f4a5dadd1987eb3d6007e239fc9dd224eeb47b71799cf", "ts": 1785720802.86249, "type": "send"}
{"delay": 0.02, "height": 2, "msg_type": "PRECOMMIT", "node": "13756c2a50bf937f4229883f98ab0b11b0562401f6976befce154a83a086793f", "to": "f08474af8ab0926587a2475f38484edb316eecc339239614a2d1eff9ccd01800", "ts": 1785720802.862505, "type": "send"}
{"delay": 0.02, "height": 2, "msg_type": "PRECOMMIT", "node": "13756c2a50bf937f4229883f98ab0b11b0562401f6976befce154a83a086793f", "to": "f22393e0df7ce07fe1b9a4b8647ed82c1e636f80a5b858638dba3ccf3f416959", "ts": 1785720802.862533, "type": "send"}
{"delay": 0.02, "height": 2, "msg_type": "PRECOMMIT", "node": "3fde868ea6caf3041493f50fbcc45ebc3bad7edab4bad774a5dca2b91bec8af0", "to": "0772af86d70664e325e22546e3fe7a4c6b82feefae381b62cab85b230fb21719", "ts": 1785720802.865133, "type": "send"}
{"delay": 0.02, "height": 2, "msg_type": "PRECOMMIT", "node": "3fde868ea6caf3041493f50fbcc45ebc3bad7edab4bad774a5dca2b91bec8af0", "to": "13756c2a50bf937f4229883f98ab0b11b0562401f6976befce154a83a086793f", "ts": 1785720802.865164, "type": "send"}
{"delay": 0.02, "height": 2, "msg_type": "PRECOMMIT", "node": "3fde868ea6caf3041493f50fbcc45ebc3bad7edab4bad774a5dca2b91bec8af0", "to": "4600e7073edcf35149235c417b55aed016ffc4133b445b7a44f86e142a6010ae", "ts": 1785720802.86518, "type": "send"}
{"delay": 0.02, "height": 2, "msg_type": "PRECOMMIT", "node": "3fde868ea6caf3041493f50fbcc45ebc3bad7edab4bad774a5dca2b91bec8af0", "to": "967fe6e8b6c8221a582c62797d0002f17eee1c8d34def67da5ac8c9fb33b7fd4", "ts": 1785720802.865196, "type": "send"}
{"delay": 0.02, "height": 2, "msg_type": "PRECOMMIT", "node": "3fde868ea6caf3041493f50fbcc45ebc3bad7edab4bad774a5dca2b91bec8af0", "to": "c8568c45b20b7a1b9e0f4a5dadd1987eb3d6007e239fc9dd224eeb47b71799cf", "ts": 1785720802.86521, "type": "send"}
{"delay": 0.02, "height": 2, "msg_type": "PRECOMMIT", "node": "3fde868ea6caf3041493f50fbcc45ebc3bad7edab4bad774a5dca2b91bec8af0", "to": "f08474af8ab0926587a2475f38484edb316eecc339239614a2d1eff9ccd01800", "ts": 1785720802.865225, "type": "send"}
{"delay": 0.02, "height": 2, "msg_type": "PRECOMMIT", "node": "3fde868ea6caf3041493f50fbcc45ebc3bad7edab4bad774a5dca2b91bec8af0", "to": "f22393e0df7ce07fe1b9a4b8647ed82c1e636f80a5b858638dba3ccf3f416959", "ts": 1785720802.865239, "type": "send"}
{"delay": 0.02, "height": 2, "msg_type": "PRECOMMIT", "node": "4600e7073edcf35149235c417b55aed016ffc4133b445b7a44f86e142a6010ae", "to": "0772af86d70664e325e22546e3fe7a4c6b82feefae381b62cab85b230fb21719", "ts": 1785720802.869858, "type": "send"}
{"delay": 0.02, "height": 2, "msg_type": "PRECOMMIT", "node": "4600e7073edcf35149235c417b55aed016ffc4133b445b7a44f86e142a6010ae", "to": "13756c2a50bf937f4229883f98ab0b11b0562401f6976befce154a83a086793f", "ts": 1785720802.869897, "type": "send"}
{"delay": 0.02, "height": 2, "msg_type": "PRECOMMIT", "node": "4600e7073edcf35149235c417b55aed016ffc4133b445b7a44f86e142a6010ae", "to": "3fde868ea6caf3041493f50fbcc45ebc3bad7edab4bad774a5dca2b91bec8af0", "ts": 1785720802.869918, "type": "send"}
{"delay": 0.02, "height": 2, "msg_type": "PRECOMMIT", "node": "4600e7073edcf35149235c417b55aed016ffc4133b445b7a44f86e142a6010ae", "to": "967fe6e8b6c8221a582c62797d0002f17eee1c8d34def67da5ac8c9fb33b7fd4", "ts": 1785720802.869936, "type": "send"}
{"delay": 0.02, "height": 2, "msg_type": "PRECOMMIT", "node": "4600e7073edcf35149235c417b55aed016ffc4133b445b7a44f86e142a6010ae", "to": "c8568c45b20b7a1b9e0f4a5dadd1987eb3d6007e239fc9dd224eeb47b71799cf", "ts": 1785720802.87001, "type": "send"}
{"delay": 0.02, "height": 2, "msg_type": "PRECOMMIT", "node": "4600e7073edcf35149235c417b55aed016ffc4133b445b7a44f86e142a6010ae", "to": "f08474af8ab0926587a2475f38484edb316eecc339239614a2d1eff9ccd01800", "ts": 1785720802.870049, "type": "send"}
{"delay": 0.02, "height": 2, "msg_type": "PRECOMMIT", "node": "4600e7073edcf35149235c417b55aed016ffc4133b445b7a44f86e142a6010ae", "to": "f22393e0df7ce07fe1b9a4b8647ed82c1e636f80a5b858638dba3ccf3f416959", "ts": 1785720802.870067, "type": "send"}
{"delay": 0.02, "height": 2, "msg_type": "PRECOMMIT", "node": "967fe6e8b6c8221a582c62797d0002f17eee1c8d34def67da5ac8c9fb33b7fd4", "to": "0772af86d70664e325e22546e3fe7a4c6b82feefae381b62cab85b230fb21719", "ts": 1785720802.873091, "type": "send"}
{"delay": 0.02, "height": 2, "msg_type": "PRECOMMIT", "node": "967fe6e8b6c8221a582c62797d0002f17eee1c8d34def67da5ac8c9fb33b7fd4", "to": "13756c2a50bf937f4229883f98ab0b11b0562401f6976befce154a83a086793f", "ts": 1785720802.873122, "type": "send"}
{"delay": 0.02, "height": 2, "msg_type": "PRECOMMIT", "node": "967fe6e8b6c8221a582c62797d0002f17eee1c8d34def67da5ac8c9fb33b7fd4", "to": "3fde868ea6caf3041493f50fbcc45ebc3bad7edab4bad774a5dca2b91bec8af0", "ts": 1785720802.873145, "type": "send"}
{"delay": 0.02, "height": 2, "msg_type": "PRECOMMIT", "node": "967fe6e8b6c8221a582c62797d0002f17eee1c8d34def67da5ac8c9fb33b7fd4", "to": "4600e7073edcf35149235c417b55aed016ffc4133b445b7a44f86e142a6010ae", "ts": 1785720802.87316, "type": "send"}
{"delay": 0.02, "height": 2, "msg_type": "PRECOMMIT", "node": "967fe6e8b6c8221a582c62797d0002f17eee1c8d34def67da5ac8c9fb33b7fd4", "to": "c8568c45b20b7a1b9e0f4a5dadd1987eb3d6007e239fc9dd224eeb47b71799cf", "ts": 1785720802.873174, "type": "send"}
{"delay": 0.02, "height": 2, "msg_type": "PRECOMMIT", "node": "967fe6e8b6c8221a582c62797d0002f17eee1c8d34def67da5ac8c9fb33b7fd4", "to": "f08474af8ab0926587a2475f38484edb316eecc339239614a2d1eff9ccd01800", "ts": 1785720802.873188, "type": "send"}
{"delay": 0.02, "height": 2, "msg_type": "PRECOMMIT", "node": "967fe6e8b6c8221a582c62797d0002f17eee1c8d34def67da5ac8c9fb33b7fd4", "to": "f22393e0df7ce07fe1b9a4b8647ed82c1e636f80a5b858638dba3ccf3f416959", "ts": 1785720802.873202, "type": "send"}
{"delay": 0.02, "height": 2, "msg_type": "PRECOMMIT", "node": "c8568c45b20b7a1b9e0f4a5dadd1987eb3d6007e239fc9dd224eeb47b71799cf", "to": "0772af86d70664e325e22546e3fe7a4c6b82feefae381b62cab85b230fb21719", "ts": 1785720802.875024, "type": "send"}
{"delay": 0.02, "height": 2, "msg_type": "PRECOMMIT", "node": "c8568c45b20b7a1b9e0f4a5dadd1987eb3d6007e239fc9dd224eeb47b71799cf", "to": "13756c2a50bf937f4229883f98ab0b11b0562401f6976befce154a83a086793f", "ts": 1785720802.875055, "type": "send"}
{"delay": 0.02, "height": 2, "msg_type": "PRECOMMIT", "node": "c8568c45b20b7a1b9e0f4a5dadd1987eb3d6007e239fc9dd224eeb47b71799cf", "to": "3fde868ea6caf3041493f50fbcc45ebc3bad7edab4bad774a5dca2b91bec8af0", "ts": 1785720802.875073, "type": "send"}
{"delay": 0.02, "height": 2, "msg_type": "PRECOMMIT", "node": "c8568c45b20b7a1b9e0f4a5dadd1987eb3d6007e239fc9dd224eeb47b71799cf", "to": "4600e7073edcf35149235c417b55aed016ffc4133b445b7a44f86e142a6010ae", "ts": 1785720802.875089, "type": "send"}
{"delay": 0.02, "height": 2, "msg_type": "PRECOMMIT", "node": "c8568c45b20b7a1b9e0f4a5dadd1987eb3d6007e239fc9dd224eeb47b71799cf", "to": "967fe6e8b6c8221a582c62797d0002f17eee1c8d34def67da5ac8c9fb33b7fd4", "ts": 1785720802.875104, "type": "send"}
{"delay": 0.02, "height": 2, "msg_type": "PRECOMMIT", "node": "c8568c45b20b7a1b9e0f4a5dadd1987eb3d6007e239fc9dd224eeb47b71799cf", "to": "f08474af8ab0926587a2475f38484edb316eecc339239614a2d1eff9ccd01800", "ts": 1785720802.875126, "type": "send"}
{"delay": 0.02, "height": 2, "msg_type": "PRECOMMIT", "node": "c8568c45b20b7a1b9e0f4a5dadd1987eb3d6007e239fc9dd224eeb47b71799cf", "to": "f22393e0df7ce07fe1b9a4b8647ed82c1e636f80a5b858638dba3ccf3f416959", "ts": 1785720802.875142, "type": "send"}
{"delay": 0.02, "height": 2, "msg_type": "PRECOMMIT", "node": "f08474af8ab0926587a2475f38484edb316eecc339239614a2d1eff9ccd01800", "to": "0772af86d70664e325e22546e3fe7a4c6b82feefae381b62cab85b230fb21719", "ts": 1785720802.879589, "type": "send"}
{"delay": 0.02, "height": 2, "msg_type": "PRECOMMIT", "node": "f08474af8ab0926587a2475f38484edb316eecc339239614a2d1eff9ccd01800", "to": "13756c2a50bf937f4229883f98ab0b11b0562401f6976befce154a83a086793f", "ts": 1785720802.87962, "type": "send"}
{"delay": 0.02, "height": 2, "msg_type": "PRECOMMIT", "node": "f08474af8ab0926587a2475f38484edb316eecc339239614a2d1eff9ccd01800", "to": "3fde868ea6caf3041493f50fbcc45ebc3bad7edab4bad774a5dca2b91bec8af0", "ts": 1785720802.879635, "type": "send"}
{"delay": 0.02, "height": 2, "msg_type": "PRECOMMIT", "node": "f08474af8ab0926587a2475f38484edb316eecc339239614a2d1eff9ccd01800", "to": "4600e7073edcf35149235c417b55aed016ffc4133b445b7a44f86e142a6010ae", "ts": 1785720802.879649, "type": "send"}
{"delay": 0.02, "height": 2, "msg_type": "PRECOMMIT", "node": "f08474af8ab0926587a2475f38484edb316eecc339239614a2d1eff9ccd01800", "to": "967fe6e8b6c8221a582c62797d0002f17eee1c8d34def67da5ac8c9fb33b7fd4", "ts": 1785720802.879663, "type": "send"}
{"delay": 0.02, "height": 2, "msg_type": "PRECOMMIT", "node": "f08474af8ab0926587a2475f38484edb316eecc339239614a2d1eff9ccd01800", "to": "c8568c45b20b7a1b9e0f4a5dadd1987eb3d6007e239fc9dd224eeb47b71799cf", "ts": 1785720802.879676, "type": "send"}
{"delay": 0.02, "height": 2, "msg_type": "PRECOMMIT", "node": "f08474af8ab0926587a2475f38484edb316eecc339239614a2d1eff9ccd01800", "to": "f22393e0df7ce07fe1b9a4b8647ed82c1e636f80a5b858638dba3ccf3f416959", "ts": 1785720802.879689, "type": "send"}
{"delay": 0.02, "height": 2, "msg_type": "PRECOMMIT", "node": "f22393e0df7ce07fe1b9a4b8647ed82c1e636f80a5b858638dba3ccf3f416959", "to": "0772af86d70664e325e22546e3fe7a4c6b82feefae381b62cab85b230fb21719", "ts": 1785720802.882026, "type": "send"}
{"delay": 0.02, "height": 2, "msg_type": "PRECOMMIT", "node": "f22393e0df7ce07fe1b9a4b8647ed82c1e636f80a5b858638dba3ccf3f416959", "to": "13756c2a50bf937f4229883f98ab0b11b0562401f6976befce154a83a086793f", "ts": 1785720802.882057, "type": "send"}
{"delay": 0.02, "height": 2, "msg_type": "PRECOMMIT", "node": "f22393e0df7ce07fe1b9a4b8647ed82c1e636f80a5b858638dba3ccf3f416959", "to": "3fde868ea6caf3041493f50fbcc45ebc3bad7edab4bad774a5dca2b91bec8af0", "ts": 1785720802.882072, "type": "send"}
{"delay": 0.02, "height": 2, "msg_type": "PRECOMMIT", "node": "f22393e0df7ce07fe1b9a4b8647ed82c1e636f80a5b858638dba3ccf3f416959", "to": "4600e7073edcf35149235c417b55aed016ffc4133b445b7a44f86e142a6010ae", "ts": 1785720802.882105, "type": "send"}
{"delay": 0.02, "height": 2, "msg_type": "PRECOMMIT", "node": "f22393e0df7ce07fe1b9a4b8647ed82c1e636f80a5b858638dba3ccf3f416959", "to": "967fe6e8b6c8221a582c62797d0002f17eee1c8d34def67da5ac8c9fb33b7fd4", "ts": 1785720802.882159, "type": "send"}
{"delay": 0.02, "height": 2, "msg_type": "PRECOMMIT", "node": "f22393e0df7ce07fe1b9a4b8647ed82c1e636f80a5b858638dba3ccf3f416959", "to": "c8568c45b20b7a1b9e0f4a5dadd1987eb3d6007e239fc9dd224eeb47b71799cf", "ts": 1785720802.882196, "type": "send"}
{"delay": 0.02, "height": 2, "msg_type": "PRECOMMIT", "node": "f22393e0df7ce07fe1b9a4b8647ed82c1e636f80a5b858638dba3ccf3f416959", "to": "f08474af8ab0926587a2475f38484edb316eecc339239614a2d1eff9ccd01800", "ts": 1785720802.882213, "type": "send"}
{"delay": 0.02, "height": 2, "msg_type": "PRECOMMIT", "node": "0772af86d70664e325e22546e3fe7a4c6b82feefae381b62cab85b230fb21719", "to": "13756c2a50bf937f4229883f98ab0b11b0562401f6976befce154a83a086793f", "ts": 1785720802.886235, "type": "send"}
{"delay": 0.02, "height": 2, "msg_type": "PRECOMMIT", "node": "0772af86d70664e325e22546e3fe7a4c6b82feefae381b62cab85b230fb21719", "to": "3fde868ea6caf3041493f50fbcc45ebc3bad7edab4bad774a5dca2b91bec8af0", "ts": 1785720802.886268, "type": "send"}
{"delay": 0.02, "height": 2, "msg_type": "PRECOMMIT", "node": "0772af86d70664e325e22546e3fe7a4c6b82feefae381b62cab85b230fb21719", "to": "4600e7073edcf35149235c417b55aed016ffc4133b445b7a44f86e142a6010ae", "ts": 1785720802.88629, "type": "send"}
{"delay": 0.02, "height": 2, "msg_type": "PRECOMMIT", "node": "0772af86d70664e325e22546e3fe7a4c6b82feefae381b62cab85b230fb21719", "to": "967fe6e8b6c8221a582c62797d0002f17eee1c8d34def67da5ac8c9fb33b7fd4", "ts": 1785720802.886307, "type": "send"}
{"delay": 0.02, "height": 2, "msg_type": "PRECOMMIT", "node": "0772af86d70664e325e22546e3fe7a4c6b82feefae381b62cab85b230fb21719", "to": "c8568c45b20b7a1b9e0f4a5dadd1987eb3d6007e239fc9dd224eeb47b71799cf", "ts": 1785720802.886339, "type": "send"}
{"delay": 0.02, "height": 2, "msg_type": "PRECOMMIT", "node": "0772af86d70664e325e22546e3fe7a4c6b82feefae381b62cab85b230fb21719", "to": "f08474af8ab0926587a2475f38484edb316eecc339239614a2d1eff9ccd01800", "ts": 1785720802.886355, "type": "send"}
{"delay": 0.02, "height": 2, "msg_type": "PRECOMMIT", "node": "0772af86d70664e325e22546e3fe7a4c6b82feefae381b62cab85b230fb21719", "to": "f22393e0df7ce07fe1b9a4b8647ed82c1e636f80a5b858638dba3ccf3f416959", "ts": 1785720802.886373, "type": "send"}
{"from": "13756c2a50bf937f4229883f98ab0b11b0562401f6976befce154a83a086793f", "height": 2, "msg_type": "PRECOMMIT", "node": "0772af86d70664e325e22546e3fe7a4c6b82feefae381b62cab85b230fb21719", "ts": 1785720802.921521, "type": "deliver"}
{"from": "13756c2a50bf937f4229883f98ab0b11b0562401f6976befce154a83a086793f", "height": 2, "msg_type": "PRECOMMIT", "node": "3fde868ea6caf3041493f50fbcc45ebc3bad7edab4bad774a5dca2b91bec8af0", "ts": 1785720802.921562, "type": "deliver"}
{"from": "13756c2a50bf937f4229883f98ab0b11b0562401f6976befce154a83a086793f", "height": 2, "msg_type": "PRECOMMIT", "node": "4600e7073edcf35149235c417b55aed016ffc4133b445b7a44f86e142a6010ae", "ts": 1785720802.921587, "type": "deliver"}
{"from": "13756c2a50bf937f4229883f98ab0b11b0562401f6976befce154a83a086793f", "height": 2, "msg_type": "PRECOMMIT", "node": "967fe6e8b6c8221a582c62797d0002f17eee1c8d34def67da5ac8c9fb33b7fd4", "ts": 1785720802.921608, "type": "deliver"}
{"from": "13756c2a50bf937f4229883f98ab0b11b0562401f6976befce154a83a086793f", "height": 2, "msg_type": "PRECOMMIT", "node": "c8568c45b20b7a1b9e0f4a5dadd1987eb3d6007e239fc9dd224eeb47b71799cf", "ts": 1785720802.921629, "type": "deliver"}
{"from": "13756c2a50bf937f4229883f98ab0b11b0562401f6976befce154a83a086793f", "height": 2, "msg_type": "PRECOMMIT", "node": "f08474af8ab0926587a2475f38484edb316eecc339239614a2d1eff9ccd01800", "ts": 1785720802.92165, "type": "deliver"}
{"from": "13756c2a50bf937f4229883f98ab0b11b0562401f6976befce154a83a086793f", "height": 2, "msg_type": "PRECOMMIT", "node": "f22393e0df7ce07fe1b9a4b8647ed82c1e636f80a5b858638dba3ccf3f416959", "ts": 1785720802.921671, "type": "deliver"}
{"from": "3fde868ea6caf3041493f50fbcc45ebc3bad7edab4bad774a5dca2b91bec8af0", "height": 2, "msg_type": "PRECOMMIT", "node": "0772af86d70664e325e22546e3fe7a4c6b82feefae381b62cab85b230fb21719", "ts": 1785720802.921691, "type": "deliver"}
{"from": "3fde868ea6caf3041493f50fbcc45ebc3bad7edab4bad774a5dca2b91bec8af0", "height": 2, "msg_type": "PRECOMMIT", "node": "13756c2a50bf937f4229883f98ab0b11b0562401f6976befce154a83a086793f", "ts": 1785720802.921703, "type": "deliver"}
{"from": "3fde868ea6caf3041493f50fbcc45ebc3bad7edab4bad774a5dca2b91bec8af0", "height": 2, "msg_type": "PRECOMMIT", "node": "4600e7073edcf35149235c417b55aed016ffc4133b445b7a44f86e142a6010ae", "ts": 1785720802.92172, "type": "deliver"}
{"from": "3fde868ea6caf3041493f50fbcc45ebc3bad7edab4bad774a5dca2b91bec8af0", "height": 2, "msg_type": "PRECOMMIT", "node": "967fe6e8b6c8221a582c62797d0002f17eee1c8d34def67da5ac8c9fb33b7fd4", "ts": 1785720802.921732, "type": "deliver"}
{"from": "3fde868ea6caf3041493f50fbcc45ebc3bad7edab4bad774a5dca2b91bec8af0", "height": 2, "msg_type": "PRECOMMIT", "node": "c8568c45b20b7a1b9e0f4a5dadd1987eb3d6007e239fc9dd224eeb47b71799cf", "ts": 1785720802.921745, "type": "deliver"}
{"from": "3fde868ea6caf3041493f50fbcc45ebc3bad7edab4bad774a5dca2b91bec8af0", "height": 2, "msg_type": "PRECOMMIT", "node": "f08474af8ab0926587a2475f38484edb316eecc339239614a2d1eff9ccd01800", "ts": 1785720802.921757, "type": "deliver"}
{"from": "3fde868ea6caf3041493f50fbcc45ebc3bad7edab4bad774a5dca2b91bec8af0", "height": 2, "msg_type": "PRECOMMIT", "node": "f22393e0df7ce07fe1b9a4b8647ed82c1e636f80a5b858638dba3ccf3f416959", "ts": 1785720802.92177, "type": "deliver"}
{"from": "4600e7073edcf35149235c417b55aed016ffc4133b445b7a44f86e142a6010ae", "height": 2, "msg_type": "PRECOMMIT", "node": "0772af86d70664e325e22546e3fe7a4c6b82feefae381b62cab85b230fb21719", "ts": 1785720802.921782, "type": "deliver"}
{"from": "4600e7073edcf35149235c417b55aed016ffc4133b445b7a44f86e142a6010ae", "height": 2, "msg_type": "PRECOMMIT", "node": "13756c2a50bf937f4229883f98ab0b11b0562401f6976befce154a83a086793f", "ts": 1785720802.921798, "type": "deliver"}
{"from": "4600e7073edcf35149235c417b55aed016ffc4133b445b7a44f86e142a6010ae", "height": 2, "msg_type": "PRECOMMIT", "node": "3fde868ea6caf3041493f50fbcc45ebc3bad7edab4bad774a5dca2b91bec8af0", "ts": 1785720802.921811, "type": "deliver"}
{"from": "4600e7073edcf35149235c417b55aed016ffc4133b445b7a44f86e142a6010ae", "height": 2, "msg_type": "PRECOMMIT", "node": "967fe6e8b6c8221a582c62797d0002f17eee1c8d34def67da5ac8c9fb33b7fd4", "ts": 1785720802.921824, "type": "deliver"}
{"from": "4600e7073edcf35149235c417b55aed016ffc4133b445b7a44f86e142a6010ae", "height": 2, "msg_type": "PRECOMMIT", "node": "c8568c45b20b7a1b9e0f4a5dadd1987eb3d6007e239fc9dd224eeb47b71799cf", "ts": 1785720802.921836, "type": "deliver"}
{"from": "4600e7073edcf35149235c417b55aed016ffc4133b445b7a44f86e142a6010ae", "height": 2, "msg_type": "PRECOMMIT", "node": "f08474af8ab0926587a2475f38484edb316eecc339239614a2d1eff9ccd01800", "ts": 1785720802.926635, "type": "deliver"}
{"from": "4600e7073edcf35149235c417b55aed016ffc4133b445b7a44f86e142a6010ae", "height": 2, "msg_type": "PRECOMMIT", "node": "f22393e0df7ce07fe1b9a4b8647ed82c1e636f80a5b858638dba3ccf3f416959", "ts": 1785720802.926691, "type": "deliver"}
{"from": "967fe6e8b6c8221a582c62797d0002f17eee1c8d34def67da5ac8c9fb33b7fd4", "height": 2, "msg_type": "PRECOMMIT", "node": "0772af86d70664e325e22546e3fe7a4c6b82feefae381b62cab85b230fb21719", "ts": 1785720802.926708, "type": "deliver"}
{"from": "967fe6e8b6c8221a582c62797d0002f17eee1c8d34def67da5ac8c9fb33b7fd4", "height": 2, "msg_type": "PRECOMMIT", "node": "13756c2a50bf937f4229883f98ab0b11b0562401f6976befce154a83a086793f", "ts": 1785720802.926722, "type": "deliver"}
{"from": "967fe6e8b6c8221a582c62797d0002f17eee1c8d34def67da5ac8c9fb33b7fd4", "height": 2, "msg_type": "PRECOMMIT", "node": "3fde868ea6caf3041493f50fbcc45ebc3bad7edab4bad774a5dca2b91bec8af0", "ts": 1785720802.926734, "type": "deliver"}
{"from": "967fe6e8b6c8221a582c62797d0002f17eee1c8d34def67da5ac8c9fb33b7fd4", "height": 2, "msg_type": "PRECOMMIT", "node": "4600e7073edcf35149235c417b55aed016ffc4133b445b7a44f86e142a6010ae", "ts": 1785720802.926746, "type": "deliver"}
{"from": "967fe6e8b6c8221a582c62797d0002f17eee1c8d34def67da5ac8c9fb33b7fd4", "height": 2, "msg_type": "PRECOMMIT", "node": "c8568c45b20b7a1b9e0f4a5dadd1987eb3d6007e239fc9dd224eeb47b71799cf", "ts": 1785720802.926757, "type": "deliver"}
{"from": "967fe6e8b6c8221a582c62797d0002f17eee1c8d34def67da5ac8c9fb33b7fd4", "height": 2, "msg_type": "PRECOMMIT", "node": "f08474af8ab0926587a2475f38484edb316eecc339239614a2d1eff9ccd01800", "ts": 1785720802.926768, "type": "deliver"}
{"from": "967fe6e8b6c8221a582c62797d0002f17eee1c8d34def67da5ac8c9fb33b7fd4", "height": 2, "msg_type": "PRECOMMIT", "node": "f22393e0df7ce07fe1b9a4b8647ed82c1e636f80a5b858638dba3ccf3f416959", "ts": 1785720802.926782, "type": "deliver"}
{"from": "c8568c45b20b7a1b9e0f4a5dadd1987eb3d6007e239fc9dd224eeb47b71799cf", "height": 2, "msg_type": "PRECOMMIT", "node": "0772af86d70664e325e22546e3fe7a4c6b82feefae381b62cab85b230fb21719", "ts": 1785720802.926792, "type": "deliver"}
{"from": "c8568c45b20b7a1b9e0f4a5dadd1987eb3d6007e239fc9dd224eeb47b71799cf", "height": 2, "msg_type": "PRECOMMIT", "node": "13756c2a50bf937f4229883f98ab0b11b0562401f6976befce154a83a086793f", "ts": 1785720802.926803, "type": "deliver"}
{"from": "c8568c45b20b7a1b9e0f4a5dadd1987eb3d6007e239fc9dd224eeb47b71799cf", "height": 2, "msg_type": "PRECOMMIT", "node": "3fde868ea6caf3041493f50fbcc45ebc3bad7edab4bad774a5dca2b91bec8af0", "ts": 1785720802.926816, "type": "deliver"}
{"from": "c8568c45b20b7a1b9e0f4a5dadd1987eb3d6007e239fc9dd224eeb47b71799cf", "height": 2, "msg_type": "PRECOMMIT", "node": "4600e7073edcf35149235c417b55aed016ffc4133b445b7a44f86e142a6010ae", "ts": 1785720802.926827, "type": "deliver"}
{"from": "c8568c45b20b7a1b9e0f4a5dadd1987eb3d6007e239fc9dd224eeb47b71799cf", "height": 2, "msg_type": "PRECOMMIT", "node": "967fe6e8b6c8221a582c62797d0002f17eee1c8d34def67da5ac8c9fb33b7fd4", "ts": 1785720802.926843, "type": "deliver"}
{"from": "c8568c45b20b7a1b9e0f4a5dadd1987eb3d6007e239fc9dd224eeb47b71799cf", "height": 2, "msg_type": "PRECOMMIT", "node": "f08474af8ab0926587a2475f38484edb316eecc339239614a2d1eff9ccd01800", "ts": 1785720802.926854, "type": "deliver"}
{"from": "c8568c45b20b7a1b9e0f4a5dadd1987eb3d6007e239fc9dd224eeb47b71799cf", "height": 2, "msg_type": "PRECOMMIT", "node": "f22393e0df7ce07fe1b9a4b8647ed82c1e636f80a5b858638dba3ccf3f416959", "ts": 1785720802.926864, "type": "deliver"}
{"from": "f08474af8ab0926587a2475f38484edb316eecc339239614a2d1eff9ccd01800", "height": 2, "msg_type": "PRECOMMIT", "node": "0772af86d70664e325e22546e3fe7a4c6b82feefae381b62cab85b230fb21719", "ts": 1785720802.926877, "type": "deliver"}
{"from": "f08474af8ab0926587a2475f38484edb316eecc339239614a2d1eff9ccd01800", "height": 2, "msg_type": "PRECOMMIT", "node": "13756c2a50bf937f4229883f98ab0b11b0562401f6976befce154a83a086793f", "ts": 1785720802.926885, "type": "deliver"}
{"from": "f08474af8ab0926587a2475f38484edb316eecc339239614a2d1eff9ccd01800", "height": 2, "msg_type": "PRECOMMIT", "node": "3fde868ea6caf3041493f50fbcc45ebc3bad7edab4bad774a5dca2b91bec8af0", "ts": 1785720802.926895, "type": "deliver"}
{"from": "f08474af8ab0926587a2475f38484edb316eecc339239614a2d1eff9ccd01800", "height": 2, "msg_type": "PRECOMMIT", "node": "4600e7073edcf35149235c417b55aed016ffc4133b445b7a44f86e142a6010ae", "ts": 1785720802.926904, "type": "deliver"}
{"from": "f08474af8ab0926587a2475f38484edb316eecc339239614a2d1eff9ccd01800", "height": 2, "msg_type": "PRECOMMIT", "node": "967fe6e8b6c8221a582c62797d0002f17eee1c8d34def67da5ac8c9fb33b7fd4", "ts": 1785720802.926913, "type": "deliver"}
{"from": "f08474af8ab0926587a2475f38484edb316eecc339239614a2d1eff9ccd01800", "height": 2, "msg_type": "PRECOMMIT", "node": "c8568c45b20b7a1b9e0f4a5dadd1987eb3d6007e239fc9dd224eeb47b71799cf", "ts": 1785720802.926923, "type": "deliver"}
{"from": "f08474af8ab0926587a2475f38484edb316eecc339239614a2d1eff9ccd01800", "height": 2, "msg_type": "PRECOMMIT", "node": "f22393e0df7ce07fe1b9a4b8647ed82c1e636f80a5b858638dba3ccf3f416959", "ts": 1785720802.926933, "type": "deliver"}
{"from": "f22393e0df7ce07fe1b9a4b8647ed82c1e636f80a5b858638dba3ccf3f416959", "height": 2, "msg_type": "PRECOMMIT", "node": "0772af86d70664e325e22546e3fe7a4c6b82feefae381b62cab85b230fb21719", "ts": 1785720802.926943, "type": "deliver"}
{"from": "f22393e0df7ce07fe1b9a4b8647ed82c1e636f80a5b858638dba3ccf3f416959", "height": 2, "msg_type": "PRECOMMIT", "node": "13756c2a50bf937f4229883f98ab0b11b0562401f6976befce154a83a086793f", "ts": 1785720802.926952, "type": "deliver"}
{"from": "f22393e0df7ce07fe1b9a4b8647ed82c1e636f80a5b858638dba3ccf3f416959", "height": 2, "msg_type": "PRECOMMIT", "node": "3fde868ea6caf3041493f50fbcc45ebc3bad7edab4bad774a5dca2b91bec8af0", "ts": 1785720802.926962, "type": "deliver"}
{"from": "f22393e0df7ce07fe1b9a4b8647ed82c1e636f80a5b858638dba3ccf3f416959", "height": 2, "msg_type": "PRECOMMIT", "node": "4600e7073edcf35149235c417b55aed016ffc4133b445b7a44f86e142a6010ae", "ts": 1785720802.926972, "type": "deliver"}
{"from": "f22393e0df7ce07fe1b9a4b8647ed82c1e636f80a5b858638dba3ccf3f416959", "height": 2, "msg_type": "PRECOMMIT", "node": "967fe6e8b6c8221a582c62797d0002f17eee1c8d34def67da5ac8c9fb33b7fd4", "ts": 1785720802.926982, "type": "deliver"}
{"from": "f22393e0df7ce07fe1b9a4b8647ed82c1e636f80a5b858638dba3ccf3f416959", "height": 2, "msg_type": "PRECOMMIT", "node": "c8568c45b20b7a1b9e0f4a5dadd1987eb3d6007e239fc9dd224eeb47b71799cf", "ts": 1785720802.927001, "type": "deliver"}
{"from": "f22393e0df7ce07fe1b9a4b8647ed82c1e636f80a5b858638dba3ccf3f416959", "height": 2, "msg_type": "PRECOMMIT", "node": "f08474af8ab0926587a2475f38484edb316eecc339239614a2d1eff9ccd01800", "ts": 1785720802.92701, "type": "deliver"}
{"from": "0772af86d70664e325e22546e3fe7a4c6b82feefae381b62cab85b230fb21719", "height": 2, "msg_type": "PRECOMMIT", "node": "13756c2a50bf937f4229883f98ab0b11b0562401f6976befce154a83a086793f", "ts": 1785720802.92702, "type": "deliver"}
{"from": "0772af86d70664e325e22546e3fe7a4c6b82feefae381b62cab85b230fb21719", "height": 2, "msg_type": "PRECOMMIT", "node": "3fde868ea6caf3041493f50fbcc45ebc3bad7edab4bad774a5dca2b91bec8af0", "ts": 1785720802.92703, "type": "deliver"}
{"from": "0772af86d70664e325e22546e3fe7a4c6b82feefae381b62cab85b230fb21719", "height": 2, "msg_type": "PRECOMMIT", "node": "4600e7073edcf35149235c417b55aed016ffc4133b445b7a44f86e142a6010ae", "ts": 1785720802.927039, "type": "deliver"}
{"from": "0772af86d70664e325e22546e3fe7a4c6b82feefae381b62cab85b230fb21719", "height": 2, "msg_type": "PRECOMMIT", "node": "967fe6e8b6c8221a582c62797d0002f17eee1c8d34def67da5ac8c9fb33b7fd4", "ts": 1785720802.927051, "type": "deliver"}
{"from": "0772af86d70664e325e22546e3fe7a4c6b82feefae381b62cab85b230fb21719", "height": 2, "msg_type": "PRECOMMIT", "node": "c8568c45b20b7a1b9e0f4a5dadd1987eb3d6007e239fc9dd224eeb47b71799cf", "ts": 1785720802.92706, "type": "deliver"}
{"from": "0772af86d70664e325e22546e3fe7a4c6b82feefae381b62cab85b230fb21719", "height": 2, "msg_type": "PRECOMMIT", "node": "f08474af8ab0926587a2475f38484edb316eecc339239614a2d1eff9ccd01800", "ts": 1785720802.927073, "type": "deliver"}
{"from": "0772af86d70664e325e22546e3fe7a4c6b82feefae381b62cab85b230fb21719", "height": 2, "msg_type": "PRECOMMIT", "node": "f22393e0df7ce07fe1b9a4b8647ed82c1e636f80a5b858638dba3ccf3f416959", "ts": 1785720802.927082, "type": "deliver"}
{"delay": 0.02, "height": 3, "msg_type": "PROPOSAL", "node": "4600e7073edcf35149235c417b55aed016ffc4133b445b7a44f86e142a6010ae", "to": "0772af86d70664e325e22546e3fe7a4c6b82feefae381b62cab85b230fb21719", "ts": 1785720802.932268, "type": "send"}
{"delay": 0.02, "height": 3, "msg_type": "PROPOSAL", "node": "4600e7073edcf35149235c417b55aed016ffc4133b445b7a44f86e142a6010ae", "to": "13756c2a50bf937f4229883f98ab0b11b0562401f6976befce154a83a086793f", "ts": 1785720802.932297, "type": "send"}
{"delay": 0.02, "height": 3, "msg_type": "PROPOSAL", "node": "4600e7073edcf35149235c417b55aed016ffc4133b445b7a44f86e142a6010ae", "to": "3fde868ea6caf3041493f50fbcc45ebc3bad7edab4bad774a5dca2b91bec8af0", "ts": 1785720802.932316, "type": "send"}
{"delay": 0.02, "height": 3, "msg_type": "PROPOSAL", "node": "4600e7073edcf35149235c417b55aed016ffc4133b445b7a44f86e142a6010ae", "to": "967fe6e8b6c8221a582c62797d0002f17eee1c8d34def67da5ac8c9fb33b7fd4", "ts": 1785720802.932346, "type": "send"}
{"delay": 0.02, "height": 3, "msg_type": "PROPOSAL", "node": "4600e7073edcf35149235c417b55aed016ffc4133b445b7a44f86e142a6010ae", "to": "c8568c45b20b7a1b9e0f4a5dadd1987eb3d6007e239fc9dd224eeb47b71799cf", "ts": 1785720802.932361, "type": "send"}
{"delay": 0.02, "height": 3, "msg_type": "PROPOSAL", "node": "4600e7073edcf35149235c417b55aed016ffc4133b445b7a44f86e142a6010ae", "to": "f08474af8ab0926587a2475f38484edb316eecc339239614a2d1eff9ccd01800", "ts": 1785720802.932379, "type": "send"}
{"delay": 0.02, "height": 3, "msg_type": "PROPOSAL", "node": "4600e7073edcf35149235c417b55aed016ffc4133b445b7a44f86e142a6010ae", "to": "f22393e0df7ce07fe1b9a4b8647ed82c1e636f80a5b858638dba3ccf3f416959", "ts": 1785720802.932395, "type": "send"}
{"delay": 0.02, "height": 3, "msg_type": "PREVOTE", "node": "4600e7073edcf35149235c417b55aed016ffc4133b445b7a44f86e142a6010ae", "to": "0772af86d70664e325e22546e3fe7a4c6b82feefae381b62cab85b230fb21719", "ts": 1785720802.932909, "type": "send"}
{"delay": 0.02, "height": 3, "msg_type": "PREVOTE", "node": "4600e7073edcf35149235c417b55aed016ffc4133b445b7a44f86e142a6010ae", "to": "13756c2a50bf937f4229883f98ab0b11b0562401f6976befce154a83a086793f", "ts": 1785720802.93293, "type": "send"}
{"delay": 0.02, "height": 3, "msg_type": "PREVOTE", "node": "4600e7073edcf35149235c417b55aed016ffc4133b445b7a44f86e142a6010ae", "to": "3fde868ea6caf3041493f50fbcc45ebc3bad7edab4bad774a5dca2b91bec8af0", "ts": 1785720802.932949, "type": "send"}
{"delay": 0.02, "height": 3, "msg_type": "PREVOTE", "node": "4600e7073edcf35149235c417b55aed016ffc4133b445b7a44f86e142a6010ae", "to": "967fe6e8b6c8221a582c62797d0002f17eee1c8d34def67da5ac8c9fb33b7fd4", "ts": 1785720802.932968, "type": "send"}
{"delay": 0.02, "height": 3, "msg_type": "PREVOTE", "node": "4600e7073edcf35149235c417b55aed016ffc4133b445b7a44f86e142a6010ae", "to": "c8568c45b20b7a1b9e0f4a5dadd1987eb3d6007e239fc9dd224eeb47b71799cf", "ts": 1785720802.932986, "type": "send"}
{"delay": 0.02, "height": 3, "msg_type": "PREVOTE", "node": "4600e7073edcf35149235c417b55aed016ffc4133b445b7a44f86e142a6010ae", "to": "f08474af8ab0926587a2475f38484edb316eecc339239614a2d1eff9ccd01800", "ts": 1785720802.933013, "type": "send"}
{"delay": 0.02, "height": 3, "msg_type": "PREVOTE", "node": "4600e7073edcf35149235c417b55aed016ffc4133b445b7a44f86e142a6010ae", "to": "f22393e0df7ce07fe1b9a4b8647ed82c1e636f80a5b858638dba3ccf3f416959", "ts": 1785720802.933033, "type": "send"}
{"from": "4600e7073edcf35149235c417b55aed016ffc4133b445b7a44f86e142a6010ae", "height": 3, "msg_type": "PROPOSAL", "node": "0772af86d70664e325e22546e3fe7a4c6b82feefae381b62cab85b230fb21719", "ts": 1785720802.978175, "type": "deliver"}
{"from": "4600e7073edcf35149235c417b55aed016ffc4133b445b7a44f86e142a6010ae", "height": 3, "msg_type": "PROPOSAL", "node": "13756c2a50bf937f4229883f98ab0b11b0562401f6976befce154a83a086793f", "ts": 1785720802.978215, "type": "deliver"}
{"from": "4600e7073edcf35149235c417b55aed016ffc4133b445b7a44f86e142a6010ae", "height": 3, "msg_type": "PROPOSAL", "node": "3fde868ea6caf3041493f50fbcc45ebc3bad7edab4bad774a5dca2b91bec8af0", "ts": 1785720802.978236, "type": "deliver"}
{"from": "4600e7073edcf35149235c417b55aed016ffc4133b445b7a44f86e142a6010ae", "height": 3, "msg_type": "PROPOSAL", "node": "967fe6e8b6c8221a582c62797d0002f17eee1c8d34def67da5ac8c9fb33b7fd4", "ts": 1785720802.978351, "type": "deliver"}
{"from": "4600e7073edcf35149235c417b55aed016ffc4133b445b7a44f86e142a6010ae", "height": 3, "msg_type": "PROPOSAL", "node": "c8568c45b20b7a1b9e0f4a5dadd1987eb3d6007e239fc9dd224eeb47b71799cf", "ts": 1785720802.978376, "type": "deliver"}
{"from": "4600e7073edcf35149235c417b55aed016ffc4133b445b7a44f86e142a6010ae", "height": 3, "msg_type": "PROPOSAL", "node": "f08474af8ab0926587a2475f38484edb316eecc339239614a2d1eff9ccd01800", "ts": 1785720802.978401, "type": "deliver"}
{"from": "4600e7073edcf35149235c417b55aed016ffc4133b445b7a44f86e142a6010ae", "height": 3, "msg_type": "PROPOSAL", "node": "f22393e0df7ce07fe1b9a4b8647ed82c1e636f80a5b858638dba3ccf3f416959", "ts": 1785720802.978422, "type": "deliver"}
{"from": "4600e7073edcf35149235c417b55aed016ffc4133b445b7a44f86e142a6010ae", "height": 3, "msg_type": "PREVOTE", "node": "0772af86d70664e325e22546e3fe7a4c6b82feefae381b62cab85b230fb21719", "ts": 1785720802.978441, "type": "deliver"}
{"from": "4600e7073edcf35149235c417b55aed016ffc4133b445b7a44f86e142a6010ae", "height": 3, "msg_type": "PREVOTE", "node": "13756c2a50bf937f4229883f98ab0b11b0562401f6976befce154a83a086793f", "ts": 1785720802.978458, "type": "deliver"}
{"from": "4600e7073edcf35149235c417b55aed016ffc4133b445b7a44f86e142a6010ae", "height": 3, "msg_type": "PREVOTE", "node": "3fde868ea6caf3041493f50fbcc45ebc3bad7edab4bad774a5dca2b91bec8af0", "ts": 1785720802.978545, "type": "deliver"}
{"from": "4600e7073edcf35149235c417b55aed016ffc4133b445b7a44f86e142a6010ae", "height": 3, "msg_type": "PREVOTE", "node": "967fe6e8b6c8221a582c62797d0002f17eee1c8d34def67da5ac8c9fb33b7fd4", "ts": 1785720802.97859, "type": "deliver"}
{"from": "4600e7073edcf35149235c417b55aed016ffc4133b445b7a44f86e142a6010ae", "height": 3, "msg_type": "PREVOTE", "node": "c8568c45b20b7a1b9e0f4a5dadd1987eb3d6007e239fc9dd224eeb47b71799cf", "ts": 1785720802.978606, "type": "deliver"}
{"from": "4600e7073edcf35149235c417b55aed016ffc4133b445b7a44f86e142a6010ae", "height": 3, "msg_type": "PREVOTE", "node": "f08474af8ab0926587a2475f38484edb316eecc339239614a2d1eff9ccd01800", "ts": 1785720802.978621, "type": "deliver"}
{"from": "4600e7073edcf35149235c417b55aed016ffc4133b445b7a44f86e142a6010ae", "height": 3, "msg_type": "PREVOTE", "node": "f22393e0df7ce07fe1b9a4b8647ed82c1e636f80a5b858638dba3ccf3f416959", "ts": 1785720802.978635, "type": "deliver"}
{"delay": 0.02, "height": 3, "msg_type": "PREVOTE", "node": "0772af86d70664e325e22546e3fe7a4c6b82feefae381b62cab85b230fb21719", "to": "13756c2a50bf937f4229883f98ab0b11b0562401f6976befce154a83a086793f", "ts": 1785720802.98277, "type": "send"}
{"delay": 0.02, "height": 3, "msg_type": "PREVOTE", "node": "0772af86d70664e325e22546e3fe7a4c6b82feefae381b62cab85b230fb21719", "to": "3fde868ea6caf3041493f50fbcc45ebc3bad7edab4bad774a5dca2b91bec8af0", "ts": 1785720802.98283, "type": "send"}
{"delay": 0.02, "height": 3, "msg_type": "PREVOTE", "node": "0772af86d70664e325e22546e3fe7a4c6b82feefae381b62cab85b230fb21719", "to": "4600e7073edcf35149235c417b55aed016ffc4133b445b7a44f86e142a6010ae", "ts": 1785720802.982854, "type": "send"}
{"delay": 0.02, "height": 3, "msg_type": "PREVOTE", "node": "0772af86d70664e325e22546e3fe7a4c6b82feefae381b62cab85b230fb21719", "to": "967fe6e8b6c8221a582c62797d0002f17eee1c8d34def67da5ac8c9fb33b7fd4", "ts": 1785720802.982875, "type": "send"}
{"delay": 0.02, "height": 3, "msg_type": "PREVOTE", "node": "0772af86d70664e325e22546e3fe7a4c6b82feefae381b62cab85b230fb21719", "to": "c8568c45b20b7a1b9e0f4a5dadd1987eb3d6007e239fc9dd224eeb47b71799cf", "ts": 1785720802.982895, "type": "send"}
{"delay": 0.02, "height": 3, "msg_type": "PREVOTE", "node": "0772af86d70664e325e22546e3fe7a4c6b82feefae381b62cab85b230fb21719", "to": "f08474af8ab0926587a2475f38484edb316eecc339239614a2d1eff9ccd01800", "ts": 1785720802.982912, "type": "send"}
{"delay": 0.02, "height": 3, "msg_type": "PREVOTE", "node": "0772af86d70664e325e22546e3fe7a4c6b82feefae381b62cab85b230fb21719", "to": "f22393e0df7ce07fe1b9a4b8647ed82c1e636f80a5b858638dba3ccf3f416959", "ts": 1785720802.982932, "type": "send"}
{"delay": 0.02, "height": 3, "msg_type": "PREVOTE", "node": "13756c2a50bf937f4229883f98ab0b11b0562401f6976befce154a83a086793f", "to": "0772af86d70664e325e22546e3fe7a4c6b82feefae381b62cab85b230fb21719", "ts": 1785720802.984698, "type": "send"}
{"delay": 0.02, "height": 3, "msg_type": "PREVOTE", "node": "13756c2a50bf937f4229883f98ab0b11b0562401f6976befce154a83a086793f", "to": "3fde868ea6caf3041493f50fbcc45ebc3bad7edab4bad774a5dca2b91bec8af0", "ts": 1785720802.984736, "type": "send"}
{"delay": 0.02, "height": 3, "msg_type": "PREVOTE", "node": "13756c2a50bf937f4229883f98ab0b11b0562401f6976befce154a83a086793f", "to": "4600e7073edcf35149235c417b55aed016ffc4133b445b7a44f86e142a6010ae", "ts": 1785720802.984757, "type": "send"}
{"delay": 0.02, "height": 3, "msg_type": "PREVOTE", "node": "13756c2a50bf937f4229883f98ab0b11b0562401f6976befce154a83a086793f", "to": "967fe6e8b6c8221a582c62797d0002f17eee1c8d34def67da5ac8c9fb33b7fd4", "ts": 1785720802.984776, "type": "send"}
{"delay": 0.02, "height": 3, "msg_type": "PREVOTE", "node": "13756c2a50bf937f4229883f98ab0b11b0562401f6976befce154a83a086793f", "to": "c8568c45b20b7a1b9e0f4a5dadd1987eb3d6007e239fc9dd224eeb47b71799cf", "ts": 1785720802.984794, "type": "send"}
{"delay": 0.02, "height": 3, "msg_type": "PREVOTE", "node": "13756c2a50bf937f4229883f98ab0b11b0562401f6976befce154a83a086793f", "to": "f08474af8ab0926587a2475f38484edb316eecc339239614a2d1eff9ccd01800", "ts": 1785720802.984812, "type": "send"}
{"delay": 0.02, "height": 3, "msg_type": "PREVOTE", "node": "13756c2a50bf937f4229883f98ab0b11b0562401f6976befce154a83a086793f", "to": "f22393e0df7ce07fe1b9a4b8647ed82c1e636f80a5b858638dba3ccf3f416959", "ts": 1785720802.98483, "type": "send"}
{"delay": 0.02, "height": 3, "msg_type": "PREVOTE", "node": "3fde868ea6caf3041493f50fbcc45ebc3bad7edab4bad774a5dca2b91bec8af0", "to": "0772af86d70664e325e22546e3fe7a4c6b82feefae381b62cab85b230fb21719", "ts": 1785720802.986496, "type": "send"}
{"delay": 0.02, "height": 3, "msg_type": "PREVOTE", "node": "3fde868ea6caf3041493f50fbcc45ebc3bad7edab4bad774a5dca2b91bec8af0", "to": "13756c2a50bf937f4229883f98ab0b11b0562401f6976befce154a83a086793f", "ts": 1785720802.986569, "type": "send"}
{"delay": 0.02, "height": 3, "msg_type": "PREVOTE", "node": "3fde868ea6caf3041493f50fbcc45ebc3bad7edab4bad774a5dca2b91bec8af0", "to": "4600e7073edcf35149235c417b55aed016ffc4133b445b7a44f86e142a6010ae", "ts": 1785720802.986624, "type": "send"}
{"delay": 0.02, "height": 3, "msg_type": "PREVOTE", "node": "3fde868ea6caf3041493f50fbcc45ebc3bad7edab4bad774a5dca2b91bec8af0", "to": "967fe6e8b6c8221a582c62797d0002f17eee1c8d34def67da5ac8c9fb33b7fd4", "ts": 1785720802.986644, "type": "send"}
{"delay": 0.02, "height": 3, "msg_type": "PREVOTE", "node": "3fde868ea6caf3041493f50fbcc45ebc3bad7edab4bad774a5dca2b91bec8af0", "to": "c8568c45b20b7a1b9e0f4a5dadd1987eb3d6007e239fc9dd224eeb47b71799cf", "ts": 1785720802.986659, "type": "send"}
{"delay": 0.02, "height": 3, "msg_type": "PREVOTE", "node": "3fde868ea6caf3041493f50fbcc45ebc3bad7edab4bad774a5dca2b91bec8af0", "to": "f08474af8ab0926587a2475f38484edb316eecc339239614a2d1eff9ccd01800", "ts": 1785720802.986677, "type": "send"}
{"delay": 0.02, "height": 3, "msg_type": "PREVOTE", "node": "3fde868ea6caf3041493f50fbcc45ebc3bad7edab4bad774a5dca2b91bec8af0", "to": "f22393e0df7ce07fe1b9a4b8647ed82c1e636f80a5b858638dba3ccf3f416959", "ts": 1785720802.986752, "type": "send"}
{"delay": 0.02, "height": 3, "msg_type": "PREVOTE", "node": "967fe6e8b6c8221a582c62797d0002f17eee1c8d34def67da5ac8c9fb33b7fd4", "to": "0772af86d70664e325e22546e3fe7a4c6b82feefae381b62cab85b230fb21719", "ts": 1785720802.988225, "type": "send"}
{"delay": 0.02, "height": 3, "msg_type": "PREVOTE", "node": "967fe6e8b6c8221a582c62797d0002f17eee1c8d34def67da5ac8c9fb33b7fd4", "to": "13756c2a50bf937f4229883f98ab0b11b0562401f6976befce154a83a086793f", "ts": 1785720802.988266, "type": "send"}
{"delay": 0.02, "height": 3, "msg_type": "PREVOTE", "node": "967fe6e8b6c8221a582c62797d0002f17eee1c8d34def67da5ac8c9fb33b7fd4", "to": "3fde868ea6caf3041493f50fbcc45ebc3bad7edab4bad774a5dca2b91bec8af0", "ts": 1785720802.988285, "type": "send"}
{"delay": 0.02, "height": 3, "msg_type": "PREVOTE", "node": "967fe6e8b6c8221a582c62797d0002f17eee1c8d34def67da5ac8c9fb33b7fd4", "to": "4600e7073edcf35149235c417b55aed016ffc4133b445b7a44f86e142a6010ae", "ts": 1785720802.988304, "type": "send"}
{"delay": 0.02, "height": 3, "msg_type": "PREVOTE", "node": "967fe6e8b6c8221a582c62797d0002f17eee1c8d34def67da5ac8c9fb33b7fd4", "to": "c8568c45b20b7a1b9e0f4a5dadd1987eb3d6007e239fc9dd224eeb47b71799cf", "ts": 1785720802.98833, "type": "send"}
{"delay": 0.02, "height": 3, "msg_type": "PREVOTE", "node": "967fe6e8b6c8221a582c62797d0002f17eee1c8d34def67da5ac8c9fb33b7fd4", "to": "f08474af8ab0926587a2475f38484edb316eecc339239614a2d1eff9ccd01800", "ts": 1785720802.988366, "type": "send"}
{"delay": 0.02, "height": 3, "msg_type": "PREVOTE", "node": "967fe6e8b6c8221a582c62797d0002f17eee1c8d34def67da5ac8c9fb33b7fd4", "to": "f22393e0df7ce07fe1b9a4b8647ed82c1e636f80a5b858638dba3ccf3f416959", "ts": 1785720802.988433, "type": "send"}
{"delay": 0.02, "height": 3, "msg_type": "PREVOTE", "node": "c8568c45b20b7a1b9e0f4a5dadd1987eb3d6007e239fc9dd224eeb47b71799cf", "to": "0772af86d70664e325e22546e3fe7a4c6b82feefae381b62cab85b230fb21719", "ts": 1785720802.98968, "type": "send"}
{"delay": 0.02, "height": 3, "msg_type": "PREVOTE", "node": "c8568c45b20b7a1b9e0f4a5dadd1987eb3d6007e239fc9dd224eeb47b71799cf", "to": "13756c2a50bf937f4229883f98ab0b11b0562401f6976befce154a83a086793f", "ts": 1785720802.989714, "type": "send"}
{"delay": 0.02, "height": 3, "msg_type": "PREVOTE", "node": "c8568c45b20b7a1b9e0f4a5dadd1987eb3d6007e239fc9dd224eeb47b71799cf", "to": "3fde868ea6caf3041493f50fbcc45ebc3bad7edab4bad774a5dca2b91bec8af0", "ts": 1785720802.989732, "type": "send"}
{"delay": 0.02, "height": 3, "msg_type": "PREVOTE", "node": "c8568c45b20b7a1b9e0f4a5dadd1987eb3d6007e239fc9dd224eeb47b71799cf", "to": "4600e7073edcf35149235c417b55aed016ffc4133b445b7a44f86e142a6010ae", "ts": 1785720802.989771, "type": "send"}
{"delay": 0.02, "height": 3, "msg_type": "PREVOTE", "node": "c8568c45b20b7a1b9e0f4a5dadd1987eb3d6007e239fc9dd224eeb47b71799cf", "to": "967fe6e8b6c8221a582c62797d0002f17eee1c8d34def67da5ac8c9fb33b7fd4", "ts": 1785720802.989796, "type": "send"}
{"delay": 0.02, "height": 3, "msg_type": "PREVOTE", "node": "c8568c45b20b7a1b9e0f4a5dadd1987eb3d6007e239fc9dd224eeb47b71799cf", "to": "f08474af8ab0926587a2475f38484edb316eecc339239614a2d1eff9ccd01800", "ts": 1785720802.989813, "type": "send"}
{"delay": 0.02, "height": 3, "msg_type": "PREVOTE", "node": "c8568c45b20b7a1b9e0f4a5dadd1987eb3d6007e239fc9dd224eeb47b71799cf", "to": "f22393e0df7ce07fe1b9a4b8647ed82c1e636f80a5b858638dba3ccf3f416959", "ts": 1785720802.989828, "type": "send"}
{"delay": 0.02, "height": 3, "msg_type": "PREVOTE", "node": "f08474af8ab0926587a2475f38484edb316eecc339239614a2d1eff9ccd01800", "to": "0772af86d70664e325e22546e3fe7a4c6b82feefae381b62cab85b230fb21719", "ts": 1785720802.990853, "type": "send"}
{"delay": 0.02, "height": 3, "msg_type": "PREVOTE", "node": "f08474af8ab0926587a2475f38484edb316eecc339239614a2d1eff9ccd01800", "to": "13756c2a50bf937f4229883f98ab0b11b0562401f6976befce154a83a086793f", "ts": 1785720802.990881, "type": "send"}
{"delay": 0.02, "height": 3, "msg_type": "PREVOTE", "node": "f08474af8ab0926587a2475f38484edb316eecc339239614a2d1eff9ccd01800", "to": "3fde868ea6caf3041493f50fbcc45ebc3bad7edab4bad774a5dca2b91bec8af0", "ts": 1785720802.990897, "type": "send"}
{"delay": 0.02, "height": 3, "msg_type": "PREVOTE", "node": "f08474af8ab0926587a2475f38484edb316eecc339239614a2d1eff9ccd01800", "to": "4600e7073edcf35149235c417b55aed016ffc4133b445b7a44f86e142a6010ae", "ts": 1785720802.990917, "type": "send"}
{"delay": 0.02, "height": 3, "msg_type": "PREVOTE", "node": "f08474af8ab0926587a2475f38484edb316eecc339239614a2d1eff9ccd01800", "to": "967fe6e8b6c8221a582c62797d0002f17eee1c8d34def67da5ac8c9fb33b7fd4", "ts": 1785720802.990931, "type": "send"}
{"delay": 0.02, "height": 3, "msg_type": "PREVOTE", "node": "f08474af8ab0926587a2475f38484edb316eecc339239614a2d1eff9ccd01800", "to": "c8568c45b20b7a1b9e0f4a5dadd1987eb3d6007e239fc9dd224eeb47b71799cf", "ts": 1785720802.990945, "type": "send"}
{"delay": 0.02, "height": 3, "msg_type": "PREVOTE", "node": "f08474af8ab0926587a2475f38484edb316eecc339239614a2d1eff9ccd01800", "to": "f22393e0df7ce07fe1b9a4b8647ed82c1e636f80a5b858638dba3ccf3f416959", "ts": 1785720802.990978, "type": "send"}
{"delay": 0.02, "height": 3, "msg_type": "PREVOTE", "node": "f22393e0df7ce07fe1b9a4b8647ed82c1e636f80a5b858638dba3ccf3f416959", "to": "0772af86d70664e325e22546e3fe7a4c6b82feefae381b62cab85b230fb21719", "ts": 1785720802.991825, "type": "send"}
{"delay": 0.02, "height": 3, "msg_type": "PREVOTE", "node": "f22393e0df7ce07fe1b9a4b8647ed82c1e636f80a5b858638dba3ccf3f416959", "to": "13756c2a50bf937f4229883f98ab0b11b0562401f6976befce154a83a086793f", "ts": 1785720802.991851, "type": "send"}
{"delay": 0.02, "height": 3, "msg_type": "PREVOTE", "node": "f22393e0df7ce07fe1b9a4b8647ed82c1e636f80a5b858638dba3ccf3f416959", "to": "3fde868ea6caf3041493f50fbcc45ebc3bad7edab4bad774a5dca2b91bec8af0", "ts": 1785720802.991866, "type": "send"}
{"delay": 0.02, "height": 3, "msg_type": "PREVOTE", "node": "f22393e0df7ce07fe1b9a4b8647ed82c1e636f80a5b858638dba3ccf3f416959", "to": "4600e7073edcf35149235c417b55aed016ffc4133b445b7a44f86e142a6010ae", "ts": 1785720802.99188, "type": "send"}
{"delay": 0.02, "height": 3, "msg_type": "PREVOTE", "node": "f22393e0df7ce07fe1b9a4b8647ed82c1e636f80a5b858638dba3ccf3f416959", "to": "967fe6e8b6c8221a582c62797d0002f17eee1c8d34def67da5ac8c9fb33b7fd4", "ts": 1785720802.991894, "type": "send"}
{"delay": 0.02, "height": 3, "msg_type": "PREVOTE", "node": "f22393e0df7ce07fe1b9a4b8647ed82c1e636f80a5b858638dba3ccf3f416959", "to": "c8568c45b20b7a1b9e0f4a5dadd1987eb3d6007e239fc9dd224eeb47b71799cf", "ts": 1785720802.991907, "type": "send"}
{"delay": 0.02, "height": 3, "msg_type": "PREVOTE", "node": "f22393e0df7ce07fe1b9a4b8647ed82c1e636f80a5b858638dba3ccf3f416959", "to": "f08474af8ab0926587a2475f38484edb316eecc339239614a2d1eff9ccd01800", "ts": 1785720802.99192, "type": "send"}
{"from": "0772af86d70664e325e22546e3fe7a4c6b82feefae381b62cab85b230fb21719", "height": 3, "msg_type": "PREVOTE", "node": "13756c2a50bf937f4229883f98ab0b11b0562401f6976befce154a83a086793f", "ts": 1785720803.024524, "type": "deliver"}
{"from": "0772af86d70664e325e22546e3fe7a4c6b82feefae381b62cab85b230fb21719", "height": 3, "msg_type": "PREVOTE", "node": "3fde868ea6caf3041493f50fbcc45ebc3bad7edab4bad774a5dca2b91bec8af0", "ts": 1785720803.024549, "type": "deliver"}
{"from": "0772af86d70664e325e22546e3fe7a4c6b82feefae381b62cab85b230fb21719", "height": 3, "msg_type": "PREVOTE", "node": "4600e7073edcf35149235c417b55aed016ffc4133b445b7a44f86e142a6010ae", "ts": 1785720803.024559, "type": "deliver"}
{"from": "0772af86d70664e325e22546e3fe7a4c6b82feefae381b62cab85b230fb21719", "height": 3, "msg_type": "PREVOTE", "node": "967fe6e8b6c8221a582c62797d0002f17eee1c8d34def67da5ac8c9fb33b7fd4", "ts": 1785720803.024569, "type": "deliver"}
{"from": "0772af86d70664e325e22546e3fe7a4c6b82feefae381b62cab85b230fb21719", "height": 3, "msg_type": "PREVOTE", "node": "c8568c45b20b7a1b9e0f4a5dadd1987eb3d6007e239fc9dd224eeb47b71799cf", "ts": 1785720803.024578, "type": "deliver"}
{"from": "0772af86d70664e325e22546e3fe7a4c6b82feefae381b62cab85b230fb21719", "height": 3, "msg_type": "PREVOTE", "node": "f08474af8ab0926587a2475f38484edb316eecc339239614a2d1eff9ccd01800", "ts": 1785720803.024586, "type": "deliver"}
{"from": "0772af86d70664e325e22546e3fe7a4c6b82feefae381b62cab85b230fb21719", "height": 3, "msg_type": "PREVOTE", "node": "f22393e0df7ce07fe1b9a4b8647ed82c1e636f80a5b858638dba3ccf3f416959", "ts": 1785720803.024595, "type": "deliver"}
{"from": "13756c2a50bf937f4229883f98ab0b11b0562401f6976befce154a83a086793f", "height": 3, "msg_type": "PREVOTE", "node": "0772af86d70664e325e22546e3fe7a4c6b82feefae381b62cab85b230fb21719", "ts": 1785720803.024603, "type": "deliver"}
{"from": "13756c2a50bf937f4229883f98ab0b11b0562401f6976befce154a83a086793f", "height": 3, "msg_type": "PREVOTE", "node": "3fde868ea6caf3041493f50fbcc45ebc3bad7edab4bad774a5dca2b91bec8af0", "ts": 1785720803.024615, "type": "deliver"}
{"from": "13756c2a50bf937f4229883f98ab0b11b0562401f6976befce154a83a086793f", "height": 3, "msg_type": "PREVOTE", "node": "4600e7073edcf35149235c417b55aed016ffc4133b445b7a44f86e142a6010ae", "ts": 1785720803.024622, "type": "deliver"}
{"from": "13756c2a50bf937f4229883f98ab0b11b0562401f6976befce154a83a086793f", "height": 3, "msg_type": "PREVOTE", "node": "967fe6e8b6c8221a582c62797d0002f17eee1c8d34def67da5ac8c9fb33b7fd4", "ts": 1785720803.024628, "type": "deliver"}
{"from": "13756c2a50bf937f4229883f98ab0b11b0562401f6976befce154a83a086793f", "height": 3, "msg_type": "PREVOTE", "node": "c8568c45b20b7a1b9e0f4a5dadd1987eb3d6007e239fc9dd224eeb47b71799cf", "ts": 1785720803.024634, "type": "deliver"}
{"from": "13756c2a50bf937f4229883f98ab0b11b0562401f6976befce154a83a086793f", "height": 3, "msg_type": "PREVOTE", "node": "f08474af8ab0926587a2475f38484edb316eecc339239614a2d1eff9ccd01800", "ts": 1785720803.02464, "type": "deliver"}
{"from": "13756c2a50bf937f4229883f98ab0b11b0562401f6976befce154a83a086793f", "height": 3, "msg_type": "PREVOTE", "node": "f22393e0df7ce07fe1b9a4b8647ed82c1e636f80a5b858638dba3ccf3f416959", "ts": 1785720803.024646, "type": "deliver"}
{"from": "3fde868ea6caf3041493f50fbcc45ebc3bad7edab4bad774a5dca2b91bec8af0", "height": 3, "msg_type": "PREVOTE", "node": "0772af86d70664e325e22546e3fe7a4c6b82feefae381b62cab85b230fb21719", "ts": 1785720803.024652, "type": "deliver"}
{"from": "3fde868ea6caf3041493f50fbcc45ebc3bad7edab4bad774a5dca2b91bec8af0", "height": 3, "msg_type": "PREVOTE", "node": "13756c2a50bf937f4229883f98ab0b11b0562401f6976befce154a83a086793f", "ts": 1785720803.024658, "type": "deliver"}
{"from": "3fde868ea6caf3041493f50fbcc45ebc3bad7edab4bad774a5dca2b91bec8af0", "height": 3, "msg_type": "PREVOTE", "node": "4600e7073edcf35149235c417b55aed016ffc4133b445b7a44f86e142a6010ae", "ts": 1785720803.024664, "type": "deliver"}
{"from": "3fde868ea6caf3041493f50fbcc45ebc3bad7edab4bad774a5dca2b91bec8af0", "height": 3, "msg_type": "PREVOTE", "node": "967fe6e8b6c8221a582c62797d0002f17eee1c8d34def67da5ac8c9fb33b7fd4", "ts": 1785720803.02467, "type": "deliver"}
{"from": "3fde868ea6caf3041493f50fbcc45ebc3bad7edab4bad774a5dca2b91bec8af0", "height": 3, "msg_type": "PREVOTE", "node": "c8568c45b20b7a1b9e0f4a5dadd1987eb3d6007e239fc9dd224eeb47b71799cf", "ts": 1785720803.024675, "type": "deliver"}
{"from": "3fde868ea6caf3041493f50fbcc45ebc3bad7edab4bad774a5dca2b91bec8af0", "height": 3, "msg_type": "PREVOTE", "node": "f08474af8ab0926587a2475f38484edb316eecc339239614a2d1eff9ccd01800", "ts": 1785720803.024681, "type": "deliver"}
{"from": "3fde868ea6caf3041493f50fbcc45ebc3bad7edab4bad774a5dca2b91bec8af0", "height": 3, "msg_type": "PREVOTE", "node": "f22393e0df7ce07fe1b9a4b8647ed82c1e636f80a5b858638dba3ccf3f416959", "ts": 1785720803.024687, "type": "deliver"}
{"from": "967fe6e8b6c8221a582c62797d0002f17eee1c8d34def67da5ac8c9fb33b7fd4", "height": 3, "msg_type": "PREVOTE", "node": "0772af86d70664e325e22546e3fe7a4c6b82feefae381b62cab85b230fb21719", "ts": 1785720803.024693, "type": "deliver"}
{"from": "967fe6e8b6c8221a582c62797d0002f17eee1c8d34def67da5ac8c9fb33b7fd4", "height": 3, "msg_type": "PREVOTE", "node": "13756c2a50bf937f4229883f98ab0b11b0562401f6976befce154a83a086793f", "ts": 1785720803.024699, "type": "deliver"}
{"from": "967fe6e8b6c8221a582c62797d0002f17eee1c8d34def67da5ac8c9fb33b7fd4", "height": 3, "msg_type": "PREVOTE", "node": "3fde868ea6caf3041493f50fbcc45ebc3bad7edab4bad774a5dca2b91bec8af0", "ts": 1785720803.024704, "type": "deliver"}
{"from": "967fe6e8b6c8221a582c62797d0002f17eee1c8d34def67da5ac8c9fb33b7fd4", "height": 3, "msg_type": "PREVOTE", "node": "4600e7073edcf35149235c417b55aed016ffc4133b445b7a44f86e142a6010ae", "ts": 1785720803.02471, "type": "deliver"}
{"from": "967fe6e8b6c8221a582c62797d0002f17eee1c8d34def67da5ac8c9fb33b7fd4", "height": 3, "msg_type": "PREVOTE", "node": "c8568c45b20b7a1b9e0f4a5dadd1987eb3d6007e239fc9dd224eeb47b71799cf", "ts": 1785720803.024716, "type": "deliver"}
{"from": "967fe6e8b6c8221a582c62797d0002f17eee1c8d34def67da5ac8c9fb33b7fd4", "height": 3, "msg_type": "PREVOTE", "node": "f08474af8ab0926587a2475f38484edb316eecc339239614a2d1eff9ccd01800", "ts": 1785720803.024722, "type": "deliver"}
{"from": "967fe6e8b6c8221a582c62797d0002f17eee1c8d34def67da5ac8c9fb33b7fd4", "height": 3, "msg_type": "PREVOTE", "node": "f22393e0df7ce07fe1b9a4b8647ed82c1e636f80a5b858638dba3ccf3f416959", "ts": 1785720803.024727, "type": "deliver"}
{"from": "c8568c45b20b7a1b9e0f4a5dadd1987eb3d6007e239fc9dd224eeb47b71799cf", "height": 3, "msg_type": "PREVOTE", "node": "0772af86d70664e325e22546e3fe7a4c6b82feefae381b62cab85b230fb21719", "ts": 1785720803.024735, "type": "deliver"}
{"from": "c8568c45b20b7a1b9e0f4a5dadd1987eb3d6007e239fc9dd224eeb47b71799cf", "height": 3, "msg_type": "PREVOTE", "node": "13756c2a50bf937f4229883f98ab0b11b0562401f6976befce154a83a086793f", "ts": 1785720803.024741, "type": "deliver"}
{"from": "c8568c45b20b7a1b9e0f4a5dadd1987eb3d6007e239fc9dd224eeb47b71799cf", "height": 3, "msg_type": "PREVOTE", "node": "3fde868ea6caf3041493f50fbcc45ebc3bad7edab4bad774a5dca2b91bec8af0", "ts": 1785720803.024747, "type": "deliver"}
{"from": "c8568c45b20b7a1b9e0f4a5dadd1987eb3d6007e239fc9dd224eeb47b71799cf", "height": 3, "msg_type": "PREVOTE", "node": "4600e7073edcf35149235c417b55aed016ffc4133b445b7a44f86e142a6010ae", "ts": 1785720803.024753, "type": "deliver"}
{"from": "c8568c45b20b7a1b9e0f4a5dadd1987eb3d6007e239fc9dd224eeb47b71799cf", "height": 3, "msg_type": "PREVOTE", "node": "967fe6e8b6c8221a582c62797d0002f17eee1c8d34def67da5ac8c9fb33b7fd4", "ts": 1785720803.024758, "type": "deliver"}
{"from": "c8568c45b20b7a1b9e0f4a5dadd1987eb3d6007e239fc9dd224eeb47b71799cf", "height": 3, "msg_type": "PREVOTE", "node": "f08474af8ab0926587a2475f38484edb316eecc339239614a2d1eff9ccd01800", "ts": 1785720803.024764, "type": "deliver"}
{"from": "c8568c45b20b7a1b9e0f4a5dadd1987eb3d6007e239fc9dd224eeb47b71799cf", "height": 3, "msg_type": "PREVOTE", "node": "f22393e0df7ce07fe1b9a4b8647ed82c1e636f80a5b858638dba3ccf3f416959", "ts": 1785720803.02477, "type": "deliver"}
{"from": "f08474af8ab0926587a2475f38484edb316eecc339239614a2d1eff9ccd01800", "height": 3, "msg_type": "PREVOTE", "node": "0772af86d70664e325e22546e3fe7a4c6b82feefae381b62cab85b230fb21719", "ts": 1785720803.024776, "type": "deliver"}
{"from": "f08474af8ab0926587a2475f38484edb316eecc339239614a2d1eff9ccd01800", "height": 3, "msg_type": "PREVOTE", "node": "13756c2a50bf937f4229883f98ab0b11b0562401f6976befce154a83a086793f", "ts": 1785720803.024781, "type": "deliver"}
{"from": "f08474af8ab0926587a2475f38484edb316eecc339239614a2d1eff9ccd01800", "height": 3, "msg_type": "PREVOTE", "node": "3fde868ea6caf3041493f50fbcc45ebc3bad7edab4bad774a5dca2b91bec8af0", "ts": 1785720803.024787, "type": "deliver"}
{"from": "f08474af8ab0926587a2475f38484edb316eecc339239614a2d1eff9ccd01800", "height": 3, "msg_type": "PREVOTE", "node": "4600e7073edcf35149235c417b55aed016ffc4133b445b7a44f86e142a6010ae", "ts": 1785720803.024793, "type": "deliver"}
{"from": "f08474af8ab0926587a2475f38484edb316eecc339239614a2d1eff9ccd01800", "height": 3, "msg_type": "PREVOTE", "node": "967fe6e8b6c8221a582c62797d0002f17eee1c8d34def67da5ac8c9fb33b7fd4", "ts": 1785720803.024799, "type": "deliver"}
{"from": "f08474af8ab0926587a2475f38484edb316eecc339239614a2d1eff9ccd01800", "height": 3, "msg_type": "PREVOTE", "node": "c8568c45b20b7a1b9e0f4a5dadd1987eb3d6007e239fc9dd224eeb47b71799cf", "ts": 1785720803.024805, "type": "deliver"}
{"from": "f08474af8ab0926587a2475f38484edb316eecc339239614a2d1eff9ccd01800", "height": 3, "msg_type": "PREVOTE", "node": "f22393e0df7ce07fe1b9a4b8647ed82c1e636f80a5b858638dba3ccf3f416959", "ts": 1785720803.02481, "type": "deliver"}
{"from": "f22393e0df7ce07fe1b9a4b8647ed82c1e636f80a5b858638dba3ccf3f416959", "height": 3, "msg_type": "PREVOTE", "node": "0772af86d70664e325e22546e3fe7a4c6b82feefae381b62cab85b230fb21719", "ts": 1785720803.024816, "type": "deliver"}
{"from": "f22393e0df7ce07fe1b9a4b8647ed82c1e636f80a5b858638dba3ccf3f416959", "height": 3, "msg_type": "PREVOTE", "node": "13756c2a50bf937f4229883f98ab0b11b0562401f6976befce154a83a086793f", "ts": 1785720803.024822, "type": "deliver"}
{"from": "f22393e0df7ce07fe1b9a4b8647ed82c1e636f80a5b858638dba3ccf3f416959", "height": 3, "msg_type": "PREVOTE", "node": "3fde868ea6caf3041493f50fbcc45ebc3bad7edab4bad774a5dca2b91bec8af0", "ts": 1785720803.024827, "type": "deliver"}
{"from": "f22393e0df7ce07fe1b9a4b8647ed82c1e636f80a5b858638dba3ccf3f416959", "height": 3, "msg_type": "PREVOTE", "node": "4600e7073edcf35149235c417b55aed016ffc4133b445b7a44f86e142a6010ae", "ts": 1785720803.024832, "type": "deliver"}
{"from": "f22393e0df7ce07fe1b9a4b8647ed82c1e636f80a5b858638dba3ccf3f416959", "height": 3, "msg_type": "PREVOTE", "node": "967fe6e8b6c8221a582c62797d0002f17eee1c8d34def67da5ac8c9fb33b7fd4", "ts": 1785720803.024838, "type": "deliver"}
{"from": "f22393e0df7ce07fe1b9a4b8647ed82c1e636f80a5b858638dba3ccf3f416959", "height": 3, "msg_type": "PREVOTE", "node": "c8568c45b20b7a1b9e0f4a5dadd1987eb3d6007e239fc9dd224eeb47b71799cf", "ts": 1785720803.024849, "type": "deliver"}
{"from": "f22393e0df7ce07fe1b9a4b8647ed82c1e636f80a5b858638dba3ccf3f416959", "height": 3, "msg_type": "PREVOTE", "node": "f08474af8ab0926587a2475f38484edb316eecc339239614a2d1eff9ccd01800", "ts": 1785720803.024854, "type": "deliver"}
{"delay": 0.02, "height": 3, "msg_type": "PRECOMMIT", "node": "13756c2a50bf937f4229883f98ab0b11b0562401f6976befce154a83a086793f", "to": "0772af86d70664e325e22546e3fe7a4c6b82feefae381b62cab85b230fb21719", "ts": 1785720803.025436, "type": "send"}
{"delay": 0.02, "height": 3, "msg_type": "PRECOMMIT", "node": "13756c2a50bf937f4229883f98ab0b11b0562401f6976befce154a83a086793f", "to": "3fde868ea6caf3041493f50fbcc45ebc3bad7edab4bad774a5dca2b91bec8af0", "ts": 1785720803.025452, "type": "send"}
{"delay": 0.02, "height": 3, "msg_type": "PRECOMMIT", "node": "13756c2a50bf937f4229883f98ab0b11b0562401f6976befce154a83a086793f", "to": "4600e7073edcf35149235c417b55aed016ffc4133b445b7a44f86e142a6010ae", "ts": 1785720803.02546, "type": "send"}
{"delay": 0.02, "height": 3, "msg_type": "PRECOMMIT", "node": "13756c2a50bf937f4229883f98ab0b11b0562401f6976befce154a83a086793f", "to": "967fe6e8b6c8221a582c62797d0002f17eee1c8d34def67da5ac8c9fb33b7fd4", "ts": 1785720803.025467, "type": "send"}
{"delay": 0.02, "height": 3, "msg_type": "PRECOMMIT", "node": "13756c2a50bf937f4229883f98ab0b11b0562401f6976befce154a83a086793f", "to": "c8568c45b20b7a1b9e0f4a5dadd1987eb3d6007e239fc9dd224eeb47b71799cf", "ts": 1785720803.025472, "type": "send"}
{"delay": 0.02, "height": 3, "msg_type": "PRECOMMIT", "node": "13756c2a50bf937f4229883f98ab0b11b0562401f6976befce154a83a086793f", "to": "f08474af8ab0926587a2475f38484edb316eecc339239614a2d1eff9ccd01800", "ts": 1785720803.025479, "type": "send"}
{"delay": 0.02, "height": 3, "msg_type": "PRECOMMIT", "node": "13756c2a50bf937f4229883f98ab0b11b0562401f6976befce154a83a086793f", "to": "f22393e0df7ce07fe1b9a4b8647ed82c1e636f80a5b858638dba3ccf3f416959", "ts": 1785720803.025485, "type": "send"}
{"delay": 0.02, "height": 3, "msg_type": "PRECOMMIT", "node": "3fde868ea6caf3041493f50fbcc45ebc3bad7edab4bad774a5dca2b91bec8af0", "to": "0772af86d70664e325e22546e3fe7a4c6b82feefae381b62cab85b230fb21719", "ts": 1785720803.026441, "type": "send"}
{"delay": 0.02, "height": 3, "msg_type": "PRECOMMIT", "node": "3fde868ea6caf3041493f50fbcc45ebc3bad7edab4bad774a5dca2b91bec8af0", "to": "13756c2a50bf937f4229883f98ab0b11b0562401f6976befce154a83a086793f", "ts": 1785720803.026453, "type": "send"}
{"delay": 0.02, "height": 3, "msg_type": "PRECOMMIT", "node": "3fde868ea6caf3041493f50fbcc45ebc3bad7edab4bad774a5dca2b91bec8af0", "to": "4600e7073edcf35149235c417b55aed016ffc4133b445b7a44f86e142a6010ae", "ts": 1785720803.02646, "type": "send"}
{"delay": 0.02, "height": 3, "msg_type": "PRECOMMIT", "node": "3fde868ea6caf3041493f50fbcc45ebc3bad7edab4bad774a5dca2b91bec8af0", "to": "967fe6e8b6c8221a582c62797d0002f17eee1c8d34def67da5ac8c9fb33b7fd4", "ts": 1785720803.026466, "type": "send"}
{"delay": 0.02, "height": 3, "msg_type": "PRECOMMIT", "node": "3fde868ea6caf3041493f50fbcc45ebc3bad7edab4bad774a5dca2b91bec8af0", "to": "c8568c45b20b7a1b9e0f4a5dadd1987eb3d6007e239fc9dd224eeb47b71799cf", "ts": 1785720803.026472, "type": "send"}
{"delay": 0.02, "height": 3, "msg_type": "PRECOMMIT", "node": "3fde868ea6caf3041493f50fbcc45ebc3bad7edab4bad774a5dca2b91bec8af0", "to": "f08474af8ab0926587a2475f38484edb316eecc339239614a2d1eff9ccd01800", "ts": 1785720803.026478, "type": "send"}
{"delay": 0.02, "height": 3, "msg_type": "PRECOMMIT", "node": "3fde868ea6caf3041493f50fbcc45ebc3bad7edab4bad774a5dca2b91bec8af0", "to": "f22393e0df7ce07fe1b9a4b8647ed82c1e636f80a5b858638dba3ccf3f416959", "ts": 1785720803.026484, "type": "send"}
{"delay": 0.02, "height": 3, "msg_type": "PRECOMMIT", "node": "4600e7073edcf35149235c417b55aed016ffc4133b445b7a44f86e142a6010ae", "to": "0772af86d70664e325e22546e3fe7a4c6b82feefae381b62cab85b230fb21719", "ts": 1785720803.027547, "type": "send"}
{"delay": 0.02, "height": 3, "msg_type": "PRECOMMIT", "node": "4600e7073edcf35149235c417b55aed016ffc4133b445b7a44f86e142a6010ae", "to": "13756c2a50bf937f4229883f98ab0b11b0562401f6976befce154a83a086793f", "ts": 1785720803.027558, "type": "send"}
{"delay": 0.02, "height": 3, "msg_type": "PRECOMMIT", "node": "4600e7073edcf35149235c417b55aed016ffc4133b445b7a44f86e142a6010ae", "to": "3fde868ea6caf3041493f50fbcc45ebc3bad7edab4bad774a5dca2b91bec8af0", "ts": 1785720803.027566, "type": "send"}
{"delay": 0.02, "height": 3, "msg_type": "PRECOMMIT", "node": "4600e7073edcf35149235c417b55aed016ffc4133b445b7a44f86e142a6010ae", "to": "967fe6e8b6c8221a582c62797d0002f17eee1c8d34def67da5ac8c9fb33b7fd4", "ts": 1785720803.027572, "type": "send"}
{"delay": 0.02, "height": 3, "msg_type": "PRECOMMIT", "node": "4600e7073edcf35149235c417b55aed016ffc4133b445b7a44f86e142a6010ae", "to": "c8568c45b20b7a1b9e0f4a5dadd1987eb3d6007e239fc9dd224eeb47b71799cf", "ts": 1785720803.027579, "type": "send"}
{"delay": 0.02, "height": 3, "msg_type": "PRECOMMIT", "node": "4600e7073edcf35149235c417b55aed016ffc4133b445b7a44f86e142a6010ae", "to": "f08474af8ab0926587a2475f38484edb316eecc339239614a2d1eff9ccd01800", "ts": 1785720803.027585, "type": "send"}
{"delay": 0.02, "height": 3, "msg_type": "PRECOMMIT", "node": "4600e7073edcf35149235c417b55aed016ffc4133b445b7a44f86e142a6010ae", "to": "f22393e0df7ce07fe1b9a4b8647ed82c1e636f80a5b858638dba3ccf3f416959", "ts": 1785720803.027591, "type": "send"}
{"delay": 0.02, "height": 3, "msg_type": "PRECOMMIT", "node": "967fe6e8b6c8221a582c62797d0002f17eee1c8d34def67da5ac8c9fb33b7fd4", "to": "0772af86d70664e325e22546e3fe7a4c6b82feefae381b62cab85b230fb21719", "ts": 1785720803.028562, "type": "send"}
{"delay": 0.02, "height": 3, "msg_type": "PRECOMMIT", "node": "967fe6e8b6c8221a582c62797d0002f17eee1c8d34def67da5ac8c9fb33b7fd4", "to": "13756c2a50bf937f4229883f98ab0b11b0562401f6976befce154a83a086793f", "ts": 1785720803.028573, "type": "send"}
{"delay": 0.02, "height": 3, "msg_type": "PRECOMMIT", "node": "967fe6e8b6c8221a582c62797d0002f17eee1c8d34def67da5ac8c9fb33b7fd4", "to": "3fde868ea6caf3041493f50fbcc45ebc3bad7edab4bad774a5dca2b91bec8af0", "ts": 1785720803.028579, "type": "send"}
{"delay": 0.02, "height": 3, "msg_type": "PRECOMMIT", "node": "967fe6e8b6c8221a582c62797d0002f17eee1c8d34def67da5ac8c9fb33b7fd4", "to": "4600e7073edcf35149235c417b55aed016ffc4133b445b7a44f86e142a6010ae", "ts": 1785720803.028586, "type": "send"}
{"delay": 0.02, "height": 3, "msg_type": "PRECOMMIT", "node": "967fe6e8b6c8221a582c62797d0002f17eee1c8d34def67da5ac8c9fb33b7fd4", "to": "c8568c45b20b7a1b9e0f4a5dadd1987eb3d6007e239fc9dd224eeb47b71799cf", "ts": 1785720803.028592, "type": "send"}
{"delay": 0.02, "height": 3, "msg_type": "PRECOMMIT", "node": "967fe6e8b6c8221a582c62797d0002f17eee1c8d34def67da5ac8c9fb33b7fd4", "to": "f08474af8ab0926587a2475f38484edb316eecc339239614a2d1eff9ccd01800", "ts": 1785720803.028599, "type": "send"}
{"delay": 0.02, "height": 3, "msg_type": "PRECOMMIT", "node": "967fe6e8b6c8221a582c62797d0002f17eee1c8d34def67da5ac8c9fb33b7fd4", "to": "f22393e0df7ce07fe1b9a4b8647ed82c1e636f80a5b858638dba3ccf3f416959", "ts": 1785720803.028605, "type": "send"}
{"delay": 0.02, "height": 3, "msg_type": "PRECOMMIT", "node": "c8568c45b20b7a1b9e0f4a5dadd1987eb3d6007e239fc9dd224eeb47b71799cf", "to": "0772af86d70664e325e22546e3fe7a4c6b82feefae381b62cab85b230fb21719", "ts": 1785720803.029533, "type": "send"}
{"delay": 0.02, "height": 3, "msg_type": "PRECOMMIT", "node": "c8568c45b20b7a1b9e0f4a5dadd1987eb3d6007e239fc9dd224eeb47b71799cf", "to": "13756c2a50bf937f4229883f98ab0b11b0562401f6976befce154a83a086793f", "ts": 1785720803.029547, "type": "send"}
{"delay": 0.02, "height": 3, "msg_type": "PRECOMMIT", "node": "c8568c45b20b7a1b9e0f4a5dadd1987eb3d6007e239fc9dd224eeb47b71799cf", "to": "3fde868ea6caf3041493f50fbcc45ebc3bad7edab4bad774a5dca2b91bec8af0", "ts": 1785720803.029556, "type": "send"}
{"delay": 0.02, "height": 3, "msg_type": "PRECOMMIT", "node": "c8568c45b20b7a1b9e0f4a5dadd1987eb3d6007e239fc9dd224eeb47b71799cf", "to": "4600e7073edcf35149235c417b55aed016ffc4133b445b7a44f86e142a6010ae", "ts": 1785720803.029562, "type": "send"}
{"delay": 0.02, "height": 3, "msg_type": "PRECOMMIT", "node": "c8568c45b20b7a1b9e0f4a5dadd1987eb3d6007e239fc9dd224eeb47b71799cf", "to": "967fe6e8b6c8221a582c62797d0002f17eee1c8d34def67da5ac8c9fb33b7fd4", "ts": 1785720803.029568, "type": "send"}
{"delay": 0.02, "height": 3, "msg_type": "PRECOMMIT", "node": "c8568c45b20b7a1b9e0f4a5dadd1987eb3d6007e239fc9dd224eeb47b71799cf", "to": "f08474af8ab0926587a2475f38484edb316eecc339239614a2d1eff9ccd01800", "ts": 1785720803.029574, "type": "send"}
{"delay": 0.02, "height": 3, "msg_type": "PRECOMMIT", "node": "c8568c45b20b7a1b9e0f4a5dadd1987eb3d6007e239fc9dd224eeb47b71799cf", "to": "f22393e0df7ce07fe1b9a4b8647ed82c1e636f80a5b858638dba3ccf3f416959", "ts": 1785720803.029581, "type": "send"}
{"delay": 0.02, "height": 3, "msg_type": "PRECOMMIT", "node": "f08474af8ab0926587a2475f38484edb316eecc339239614a2d1eff9ccd01800", "to": "0772af86d70664e325e22546e3fe7a4c6b82feefae381b62cab85b230fb21719", "ts": 1785720803.030505, "type": "send"}
{"delay": 0.02, "height": 3, "msg_type": "PRECOMMIT", "node": "f08474af8ab0926587a2475f38484edb316eecc339239614a2d1eff9ccd01800", "to": "13756c2a50bf937f4229883f98ab0b11b0562401f6976befce154a83a086793f", "ts": 1785720803.030516, "type": "send"}
{"delay": 0.02, "height": 3, "msg_type": "PRECOMMIT", "node": "f08474af8ab0926587a2475f38484edb316eecc339239614a2d1eff9ccd01800", "to": "3fde868ea6caf3041493f50fbcc45ebc3bad7edab4bad774a5dca2b91bec8af0", "ts": 1785720803.030523, "type": "send"}
{"delay": 0.02, "height": 3, "msg_type": "PRECOMMIT", "node": "f08474af8ab0926587a2475f38484edb316eecc339239614a2d1eff9ccd01800", "to": "4600e7073edcf35149235c417b55aed016ffc4133b445b7a44f86e142a6010ae", "ts": 1785720803.03053, "type": "send"}
{"delay": 0.02, "height": 3, "msg_type": "PRECOMMIT", "node": "f08474af8ab0926587a2475f38484edb316eecc339239614a2d1eff9ccd01800", "to": "967fe6e8b6c8221a582c62797d0002f17eee1c8d34def67da5ac8c9fb33b7fd4", "ts": 1785720803.030535, "type": "send"}
{"delay": 0.02, "height": 3, "msg_type": "PRECOMMIT", "node": "f08474af8ab0926587a2475f38484edb316eecc339239614a2d1eff9ccd01800", "to": "c8568c45b20b7a1b9e0f4a5dadd1987eb3d6007e239fc9dd224eeb47b71799cf", "ts": 1785720803.030541, "type": "send"}
{"delay": 0.02, "height": 3, "msg_type": "PRECOMMIT", "node": "f08474af8ab0926587a2475f38484edb316eecc339239614a2d1eff9ccd01800", "to": "f22393e0df7ce07fe1b9a4b8647ed82c1e636f80a5b858638dba3ccf3f416959", "ts": 1785720803.030547, "type": "send"}
{"delay": 0.02, "height": 3, "msg_type": "PRECOMMIT", "node": "f22393e0df7ce07fe1b9a4b8647ed82c1e636f80a5b858638dba3ccf3f416959", "to": "0772af86d70664e325e22546e3fe7a4c6b82feefae381b62cab85b230fb21719", "ts": 1785720803.031774, "type": "send"}
{"delay": 0.02, "height": 3, "msg_type": "PRECOMMIT", "node": "f22393e0df7ce07fe1b9a4b8647ed82c1e636f80a5b858638dba3ccf3f416959", "to": "13756c2a50bf937f4229883f98ab0b11b0562401f6976befce154a83a086793f", "ts": 1785720803.031792, "type": "send"}
{"delay": 0.02, "height": 3, "msg_type": "PRECOMMIT", "node": "f22393e0df7ce07fe1b9a4b8647ed82c1e636f80a5b858638dba3ccf3f416959", "to": "3fde868ea6caf3041493f50fbcc45ebc3bad7edab4bad774a5dca2b91bec8af0", "ts": 1785720803.031802, "type": "send"}
{"delay": 0.02, "height": 3, "msg_type": "PRECOMMIT", "node": "f22393e0df7ce07fe1b9a4b8647ed82c1e636f80a5b858638dba3ccf3f416959", "to": "4600e7073edcf35149235c417b55aed016ffc4133b445b7a44f86e142a6010ae", "ts": 1785720803.03181, "type": "send"}
{"delay": 0.02, "height": 3, "msg_type": "PRECOMMIT", "node": "f22393e0df7ce07fe1b9a4b8647ed82c1e636f80a5b858638dba3ccf3f416959", "to": "967fe6e8b6c8221a582c62797d0002f17eee1c8d34def67da5ac8c9fb33b7fd4", "ts": 1785720803.031824, "type": "send"}
{"delay": 0.02, "height": 3, "msg_type": "PRECOMMIT", "node": "f22393e0df7ce07fe1b9a4b8647ed82c1e636f80a5b858638dba3ccf3f416959", "to": "c8568c45b20b7a1b9e0f4a5dadd1987eb3d6007e239fc9dd224eeb47b71799cf", "ts": 1785720803.031838, "type": "send"}
{"delay": 0.02, "height": 3, "msg_type": "PRECOMMIT", "node": "f22393e0df7ce07fe1b9a4b8647ed82c1e636f80a5b858638dba3ccf3f416959", "to": "f08474af8ab0926587a2475f38484edb316eecc339239614a2d1eff9ccd01800", "ts": 1785720803.031868, "type": "send"}
{"delay": 0.02, "height": 3, "msg_type": "PRECOMMIT", "node": "0772af86d70664e325e22546e3fe7a4c6b82feefae381b62cab85b230fb21719", "to": "13756c2a50bf937f4229883f98ab0b11b0562401f6976befce154a83a086793f", "ts": 1785720803.033053, "type": "send"}
{"delay": 0.02, "height": 3, "msg_type": "PRECOMMIT", "node": "0772af86d70664e325e22546e3fe7a4c6b82feefae381b62cab85b230fb21719", "to": "3fde868ea6caf3041493f50fbcc45ebc3bad7edab4bad774a5dca2b91bec8af0", "ts": 1785720803.033069, "type": "send"}
{"delay": 0.02, "height": 3, "msg_type": "PRECOMMIT", "node": "0772af86d70664e325e22546e3fe7a4c6b82feefae381b62cab85b230fb21719", "to": "4600e7073edcf35149235c417b55aed016ffc4133b445b7a44f86e142a6010ae", "ts": 1785720803.033078, "type": "send"}
{"delay": 0.02, "height": 3, "msg_type": "PRECOMMIT", "node": "0772af86d70664e325e22546e3fe7a4c6b82feefae381b62cab85b230fb21719", "to": "967fe6e8b6c8221a582c62797d0002f17eee1c8d34def67da5ac8c9fb33b7fd4", "ts": 1785720803.033087, "type": "send"}
{"delay": 0.02, "height": 3, "msg_type": "PRECOMMIT", "node": "0772af86d70664e325e22546e3fe7a4c6b82feefae381b62cab85b230fb21719", "to": "c8568c45b20b7a1b9e0f4a5dadd1987eb3d6007e239fc9dd224eeb47b71799cf", "ts": 1785720803.033095, "type": "send"}
{"delay": 0.02, "height": 3, "msg_type": "PRECOMMIT", "node": "0772af86d70664e325e22546e3fe7a4c6b82feefae381b62cab85b230fb21719", "to": "f08474af8ab0926587a2475f38484edb316eecc339239614a2d1eff9ccd01800", "ts": 1785720803.033104, "type": "send"}
{"delay": 0.02, "height": 3, "msg_type": "PRECOMMIT", "node": "0772af86d70664e325e22546e3fe7a4c6b82feefae381b62cab85b230fb21719", "to": "f22393e0df7ce07fe1b9a4b8647ed82c1e636f80a5b858638dba3ccf3f416959", "ts": 1785720803.033113, "type": "send"}
{"from": "13756c2a50bf937f4229883f98ab0b11b0562401f6976befce154a83a086793f", "height": 3, "msg_type": "PRECOMMIT", "node": "0772af86d70664e325e22546e3fe7a4c6b82feefae381b62cab85b230fb21719", "ts": 1785720803.055656, "type": "deliver"}
{"from": "13756c2a50bf937f4229883f98ab0b11b0562401f6976befce154a83a086793f", "height": 3, "msg_type": "PRECOMMIT", "node": "3fde868ea6caf3041493f50fbcc45ebc3bad7edab4bad774a5dca2b91bec8af0", "ts": 1785720803.055701, "type": "deliver"}
{"from": "13756c2a50bf937f4229883f98ab0b11b0562401f6976befce154a83a086793f", "height": 3, "msg_type": "PRECOMMIT", "node": "4600e7073edcf35149235c417b55aed016ffc4133b445b7a44f86e142a6010ae", "ts": 1785720803.055731, "type": "deliver"}
{"from": "13756c2a50bf937f4229883f98ab0b11b0562401f6976befce154a83a086793f", "height": 3, "msg_type": "PRECOMMIT", "node": "967fe6e8b6c8221a582c62797d0002f17eee1c8d34def67da5ac8c9fb33b7fd4", "ts": 1785720803.055752, "type": "deliver"}
{"from": "13756c2a50bf937f4229883f98ab0b11b0562401f6976befce154a83a086793f", "height": 3, "msg_type": "PRECOMMIT", "node": "c8568c45b20b7a1b9e0f4a5dadd1987eb3d6007e239fc9dd224eeb47b71799cf", "ts": 1785720803.05577, "type": "deliver"}
{"from": "13756c2a50bf937f4229883f98ab0b11b0562401f6976befce154a83a086793f", "height": 3, "msg_type": "PRECOMMIT", "node": "f08474af8ab0926587a2475f38484edb316eecc339239614a2d1eff9ccd01800", "ts": 1785720803.055789, "type": "deliver"}
{"from": "13756c2a50bf937f4229883f98ab0b11b0562401f6976befce154a83a086793f", "height": 3, "msg_type": "PRECOMMIT", "node": "f22393e0df7ce07fe1b9a4b8647ed82c1e636f80a5b858638dba3ccf3f416959", "ts": 1785720803.055807, "type": "deliver"}
{"from": "3fde868ea6caf3041493f50fbcc45ebc3bad7edab4bad774a5dca2b91bec8af0", "height": 3, "msg_type": "PRECOMMIT", "node": "0772af86d70664e325e22546e3fe7a4c6b82feefae381b62cab85b230fb21719", "ts": 1785720803.055827, "type": "deliver"}
{"from": "3fde868ea6caf3041493f50fbcc45ebc3bad7edab4bad774a5dca2b91bec8af0", "height": 3, "msg_type": "PRECOMMIT", "node": "13756c2a50bf937f4229883f98ab0b11b0562401f6976befce154a83a086793f", "ts": 1785720803.055866, "type": "deliver"}
{"from": "3fde868ea6caf3041493f50fbcc45ebc3bad7edab4bad774a5dca2b91bec8af0", "height": 3, "msg_type": "PRECOMMIT", "node": "4600e7073edcf35149235c417b55aed016ffc4133b445b7a44f86e142a6010ae", "ts": 1785720803.055883, "type": "deliver"}
{"from": "3fde868ea6caf3041493f50fbcc45ebc3bad7edab4bad774a5dca2b91bec8af0", "height": 3, "msg_type": "PRECOMMIT", "node": "967fe6e8b6c8221a582c62797d0002f17eee1c8d34def67da5ac8c9fb33b7fd4", "ts": 1785720803.055891, "type": "deliver"}
{"from": "3fde868ea6caf3041493f50fbcc45ebc3bad7edab4bad774a5dca2b91bec8af0", "height": 3, "msg_type": "PRECOMMIT", "node": "c8568c45b20b7a1b9e0f4a5dadd1987eb3d6007e239fc9dd224eeb47b71799cf", "ts": 1785720803.055898, "type": "deliver"}
{"from": "3fde868ea6caf3041493f50fbcc45ebc3bad7edab4bad774a5dca2b91bec8af0", "height": 3, "msg_type": "PRECOMMIT", "node": "f08474af8ab0926587a2475f38484edb316eecc339239614a2d1eff9ccd01800", "ts": 1785720803.055904, "type": "deliver"}
{"from": "3fde868ea6caf3041493f50fbcc45ebc3bad7edab4bad774a5dca2b91bec8af0", "height": 3, "msg_type": "PRECOMMIT", "node": "f22393e0df7ce07fe1b9a4b8647ed82c1e636f80a5b858638dba3ccf3f416959", "ts": 1785720803.05591, "type": "deliver"}
{"from": "4600e7073edcf35149235c417b55aed016ffc4133b445b7a44f86e142a6010ae", "height": 3, "msg_type": "PRECOMMIT", "node": "0772af86d70664e325e22546e3fe7a4c6b82feefae381b62cab85b230fb21719", "ts": 1785720803.055917, "type": "deliver"}
{"from": "4600e7073edcf35149235c417b55aed016ffc4133b445b7a44f86e142a6010ae", "height": 3, "msg_type": "PRECOMMIT", "node": "13756c2a50bf937f4229883f98ab0b11b0562401f6976befce154a83a086793f", "ts": 1785720803.055924, "type": "deliver"}
{"from": "4600e7073edcf35149235c417b55aed016ffc4133b445b7a44f86e142a6010ae", "height": 3, "msg_type": "PRECOMMIT", "node": "3fde868ea6caf3041493f50fbcc45ebc3bad7edab4bad774a5dca2b91bec8af0", "ts": 1785720803.05593, "type": "deliver"}
{"from": "4600e7073edcf35149235c417b55aed016ffc4133b445b7a44f86e142a6010ae", "height": 3, "msg_type": "PRECOMMIT", "node": "967fe6e8b6c8221a582c62797d0002f17eee1c8d34def67da5ac8c9fb33b7fd4", "ts": 1785720803.055947, "type": "deliver"}
{"from": "4600e7073edcf35149235c417b55aed016ffc4133b445b7a44f86e142a6010ae", "height": 3, "msg_type": "PRECOMMIT", "node": "c8568c45b20b7a1b9e0f4a5dadd1987eb3d6007e239fc9dd224eeb47b71799cf", "ts": 1785720803.055962, "type": "deliver"}
{"from": "4600e7073edcf35149235c417b55aed016ffc4133b445b7a44f86e142a6010ae", "height": 3, "msg_type": "PRECOMMIT", "node": "f08474af8ab0926587a2475f38484edb316eecc339239614a2d1eff9ccd01800", "ts": 1785720803.055975, "type": "deliver"}
{"from": "4600e7073edcf35149235c417b55aed016ffc4133b445b7a44f86e142a6010ae", "height": 3, "msg_type": "PRECOMMIT", "node": "f22393e0df7ce07fe1b9a4b8647ed82c1e636f80a5b858638dba3ccf3f416959", "ts": 1785720803.055992, "type": "deliver"}
{"from": "967fe6e8b6c8221a582c62797d0002f17eee1c8d34def67da5ac8c9fb33b7fd4", "height": 3, "msg_type": "PRECOMMIT", "node": "0772af86d70664e325e22546e3fe7a4c6b82feefae381b62cab85b230fb21719", "ts": 1785720803.056005, "type": "deliver"}
{"from": "967fe6e8b6c8221a582c62797d0002f17eee1c8d34def67da5ac8c9fb33b7fd4", "height": 3, "msg_type": "PRECOMMIT", "node": "13756c2a50bf937f4229883f98ab0b11b0562401f6976befce154a83a086793f", "ts": 1785720803.056016, "type": "deliver"}
{"from": "967fe6e8b6c8221a582c62797d0002f17eee1c8d34def67da5ac8c9fb33b7fd4", "height": 3, "msg_type": "PRECOMMIT", "node": "3fde868ea6caf3041493f50fbcc45ebc3bad7edab4bad774a5dca2b91bec8af0", "ts": 1785720803.056026, "type": "deliver"}
{"from": "967fe6e8b6c8221a582c62797d0002f17eee1c8d34def67da5ac8c9fb33b7fd4", "height": 3, "msg_type": "PRECOMMIT", "node": "4600e7073edcf35149235c417b55aed016ffc4133b445b7a44f86e142a6010ae", "ts": 1785720803.056041, "type": "deliver"}
{"from": "967fe6e8b6c8221a582c62797d0002f17eee1c8d34def67da5ac8c9fb33b7fd4", "height": 3, "msg_type": "PRECOMMIT", "node": "c8568c45b20b7a1b9e0f4a5dadd1987eb3d6007e239fc9dd224eeb47b71799cf", "ts": 1785720803.056055, "type": "deliver"}
{"from": "967fe6e8b6c8221a582c62797d0002f17eee1c8d34def67da5ac8c9fb33b7fd4", "height": 3, "msg_type": "PRECOMMIT", "node": "f08474af8ab0926587a2475f38484edb316eecc339239614a2d1eff9ccd01800", "ts": 1785720803.056062, "type": "deliver"}
{"from": "967fe6e8b6c8221a582c62797d0002f17eee1c8d34def67da5ac8c9fb33b7fd4", "height": 3, "msg_type": "PRECOMMIT", "node": "f22393e0df7ce07fe1b9a4b8647ed82c1e636f80a5b858638dba3ccf3f416959", "ts": 1785720803.056068, "type": "deliver"}
{"from": "c8568c45b20b7a1b9e0f4a5dadd1987eb3d6007e239fc9dd224eeb47b71799cf", "height": 3, "msg_type": "PRECOMMIT", "node": "0772af86d70664e325e22546e3fe7a4c6b82feefae381b62cab85b230fb21719", "ts": 1785720803.056074, "type": "deliver"}
{"from": "c8568c45b20b7a1b9e0f4a5dadd1987eb3d6007e239fc9dd224eeb47b71799cf", "height": 3, "msg_type": "PRECOMMIT", "node": "13756c2a50bf937f4229883f98ab0b11b0562401f6976befce154a83a086793f", "ts": 1785720803.05608, "type": "deliver"}
{"from": "c8568c45b20b7a1b9e0f4a5dadd1987eb3d6007e239fc9dd224eeb47b71799cf", "height": 3, "msg_type": "PRECOMMIT", "node": "3fde868ea6caf3041493f50fbcc45ebc3bad7edab4bad774a5dca2b91bec8af0", "ts": 1785720803.056086, "type": "deliver"}
{"from": "c8568c45b20b7a1b9e0f4a5dadd1987eb3d6007e239fc9dd224eeb47b71799cf", "height": 3, "msg_type": "PRECOMMIT", "node": "4600e7073edcf35149235c417b55aed016ffc4133b445b7a44f86e142a6010ae", "ts": 1785720803.0561, "type": "deliver"}
{"from": "c8568c45b20b7a1b9e0f4a5dadd1987eb3d6007e239fc9dd224eeb47b71799cf", "height": 3, "msg_type": "PRECOMMIT", "node": "967fe6e8b6c8221a582c62797d0002f17eee1c8d34def67da5ac8c9fb33b7fd4", "ts": 1785720803.060753, "type": "deliver"}
{"from": "c8568c45b20b7a1b9e0f4a5dadd1987eb3d6007e239fc9dd224eeb47b71799cf", "height": 3, "msg_type": "PRECOMMIT", "node": "f08474af8ab0926587a2475f38484edb316eecc339239614a2d1eff9ccd01800", "ts": 1785720803.06077, "type": "deliver"}
{"from": "c8568c45b20b7a1b9e0f4a5dadd1987eb3d6007e239fc9dd224eeb47b71799cf", "height": 3, "msg_type": "PRECOMMIT", "node": "f22393e0df7ce07fe1b9a4b8647ed82c1e636f80a5b858638dba3ccf3f416959", "ts": 1785720803.06078, "type": "deliver"}
{"from": "f08474af8ab0926587a2475f38484edb316eecc339239614a2d1eff9ccd01800", "height": 3, "msg_type": "PRECOMMIT", "node": "0772af86d70664e325e22546e3fe7a4c6b82feefae381b62cab85b230fb21719", "ts": 1785720803.060788, "type": "deliver"}
{"from": "f08474af8ab0926587a2475f38484edb316eecc339239614a2d1eff9ccd01800", "height": 3, "msg_type": "PRECOMMIT", "node": "13756c2a50bf937f4229883f98ab0b11b0562401f6976befce154a83a086793f", "ts": 1785720803.060797, "type": "deliver"}
{"from": "f08474af8ab0926587a2475f38484edb316eecc339239614a2d1eff9ccd01800", "height": 3, "msg_type": "PRECOMMIT", "node": "3fde868ea6caf3041493f50fbcc45ebc3bad7edab4bad774a5dca2b91bec8af0", "ts": 1785720803.060804, "type": "deliver"}
{"from": "f08474af8ab0926587a2475f38484edb316eecc339239614a2d1eff9ccd01800", "height": 3, "msg_type": "PRECOMMIT", "node": "4600e7073edcf35149235c417b55aed016ffc4133b445b7a44f86e142a6010ae", "ts": 1785720803.060812, "type": "deliver"}
{"from": "f08474af8ab0926587a2475f38484edb316eecc339239614a2d1eff9ccd01800", "height": 3, "msg_type": "PRECOMMIT", "node": "967fe6e8b6c8221a582c62797d0002f17eee1c8d34def67da5ac8c9fb33b7fd4", "ts": 1785720803.06082, "type": "deliver"}
{"from": "f08474af8ab0926587a2475f38484edb316eecc339239614a2d1eff9ccd01800", "height": 3, "msg_type": "PRECOMMIT", "node": "c8568c45b20b7a1b9e0f4a5dadd1987eb3d6007e239fc9dd224eeb47b71799cf", "ts": 1785720803.060826, "type": "deliver"}
{"from": "f08474af8ab0926587a2475f38484edb316eecc339239614a2d1eff9ccd01800", "height": 3, "msg_type": "PRECOMMIT", "node": "f22393e0df7ce07fe1b9a4b8647ed82c1e636f80a5b858638dba3ccf3f416959", "ts": 1785720803.060833, "type": "deliver"}
{"from": "f22393e0df7ce07fe1b9a4b8647ed82c1e636f80a5b858638dba3ccf3f416959", "height": 3, "msg_type": "PRECOMMIT", "node": "0772af86d70664e325e22546e3fe7a4c6b82feefae381b62cab85b230fb21719", "ts": 1785720803.06084, "type": "deliver"}
{"from": "f22393e0df7ce07fe1b9a4b8647ed82c1e636f80a5b858638dba3ccf3f416959", "height": 3, "msg_type": "PRECOMMIT", "node": "13756c2a50bf937f4229883f98ab0b11b0562401f6976befce154a83a086793f", "ts": 1785720803.060846, "type": "deliver"}
{"from": "f22393e0df7ce07fe1b9a4b8647ed82c1e636f80a5b858638dba3ccf3f416959", "height": 3, "msg_type": "PRECOMMIT", "node": "3fde868ea6caf3041493f50fbcc45ebc3bad7edab4bad774a5dca2b91bec8af0", "ts": 1785720803.060852, "type": "deliver"}
{"from": "f22393e0df7ce07fe1b9a4b8647ed82c1e636f80a5b858638dba3ccf3f416959", "height": 3, "msg_type": "PRECOMMIT", "node": "4600e7073edcf35149235c417b55aed016ffc4133b445b7a44f86e142a6010ae", "ts": 1785720803.060858, "type": "deliver"}
{"from": "f22393e0df7ce07fe1b9a4b8647ed82c1e636f80a5b858638dba3ccf3f416959", "height": 3, "msg_type": "PRECOMMIT", "node": "967fe6e8b6c8221a582c62797d0002f17eee1c8d34def67da5ac8c9fb33b7fd4", "ts": 1785720803.060864, "type": "deliver"}
{"from": "f22393e0df7ce07fe1b9a4b8647ed82c1e636f80a5b858638dba3ccf3f416959", "height": 3, "msg_type": "PRECOMMIT", "node": "c8568c45b20b7a1b9e0f4a5dadd1987eb3d6007e239fc9dd224eeb47b71799cf", "ts": 1785720803.06087, "type": "deliver"}
{"from": "f22393e0df7ce07fe1b9a4b8647ed82c1e636f80a5b858638dba3ccf3f416959", "height": 3, "msg_type": "PRECOMMIT", "node": "f08474af8ab0926587a2475f38484edb316eecc339239614a2d1eff9ccd01800", "ts": 1785720803.060875, "type": "deliver"}
{"from": "0772af86d70664e325e22546e3fe7a4c6b82feefae381b62cab85b230fb21719", "height": 3, "msg_type": "PRECOMMIT", "node": "13756c2a50bf937f4229883f98ab0b11b0562401f6976befce154a83a086793f", "ts": 1785720803.060881, "type": "deliver"}
{"from": "0772af86d70664e325e22546e3fe7a4c6b82feefae381b62cab85b230fb21719", "height": 3, "msg_type": "PRECOMMIT", "node": "3fde868ea6caf3041493f50fbcc45ebc3bad7edab4bad774a5dca2b91bec8af0", "ts": 1785720803.060887, "type": "deliver"}
{"from": "0772af86d70664e325e22546e3fe7a4c6b82feefae381b62cab85b230fb21719", "height": 3, "msg_type": "PRECOMMIT", "node": "4600e7073edcf35149235c417b55aed016ffc4133b445b7a44f86e142a6010ae", "ts": 1785720803.060893, "type": "deliver"}
{"from": "0772af86d70664e325e22546e3fe7a4c6b82feefae381b62cab85b230fb21719", "height": 3, "msg_type": "PRECOMMIT", "node": "967fe6e8b6c8221a582c62797d0002f17eee1c8d34def67da5ac8c9fb33b7fd4", "ts": 1785720803.060898, "type": "deliver"}
{"from": "0772af86d70664e325e22546e3fe7a4c6b82feefae381b62cab85b230fb21719", "height": 3, "msg_type": "PRECOMMIT", "node": "c8568c45b20b7a1b9e0f4a5dadd1987eb3d6007e239fc9dd224eeb47b71799cf", "ts": 1785720803.060905, "type": "deliver"}
{"from": "0772af86d70664e325e22546e3fe7a4c6b82feefae381b62cab85b230fb21719", "height": 3, "msg_type": "PRECOMMIT", "node": "f08474af8ab0926587a2475f38484edb316eecc339239614a2d1eff9ccd01800", "ts": 1785720803.060917, "type": "deliver"}
{"from": "0772af86d70664e325e22546e3fe7a4c6b82feefae381b62cab85b230fb21719", "height": 3, "msg_type": "PRECOMMIT", "node": "f22393e0df7ce07fe1b9a4b8647ed82c1e636f80a5b858638dba3ccf3f416959", "ts": 1785720803.060923, "type": "deliver"}
{"delay": 0.02, "height": 4, "msg_type": "PROPOSAL", "node": "967fe6e8b6c8221a582c62797d0002f17eee1c8d34def67da5ac8c9fb33b7fd4", "to": "0772af86d70664e325e22546e3fe7a4c6b82feefae381b62cab85b230fb21719", "ts": 1785720803.061305, "type": "send"}
{"delay": 0.02, "height": 4, "msg_type": "PROPOSAL", "node": "967fe6e8b6c8221a582c62797d0002f17eee1c8d34def67da5ac8c9fb33b7fd4", "to": "13756c2a50bf937f4229883f98ab0b11b0562401f6976befce154a83a086793f", "ts": 1785720803.061316, "type": "send"}
{"delay": 0.02, "height": 4, "msg_type": "PROPOSAL", "node": "967fe6e8b6c8221a582c62797d0002f17eee1c8d34def67da5ac8c9fb33b7fd4", "to": "3fde868ea6caf3041493f50fbcc45ebc3bad7edab4bad774a5dca2b91bec8af0", "ts": 1785720803.061323, "type": "send"}
{"delay": 0.02, "height": 4, "msg_type": "PROPOSAL", "node": "967fe6e8b6c8221a582c62797d0002f17eee1c8d34def67da5ac8c9fb33b7fd4", "to": "4600e7073edcf35149235c417b55aed016ffc4133b445b7a44f86e142a6010ae", "ts": 1785720803.061329, "type": "send"}
{"delay": 0.02, "height": 4, "msg_type": "PROPOSAL", "node": "967fe6e8b6c8221a582c62797d0002f17eee1c8d34def67da5ac8c9fb33b7fd4", "to": "c8568c45b20b7a1b9e0f4a5dadd1987eb3d6007e239fc9dd224eeb47b71799cf", "ts": 1785720803.061339, "type": "send"}
{"delay": 0.02, "height": 4, "msg_type": "PROPOSAL", "node": "967fe6e8b6c8221a582c62797d0002f17eee1c8d34def67da5ac8c9fb33b7fd4", "to": "f08474af8ab0926587a2475f38484edb316eecc339239614a2d1eff9ccd01800", "ts": 1785720803.061346, "type": "send"}
{"delay": 0.02, "height": 4, "msg_type": "PROPOSAL", "node": "967fe6e8b6c8221a582c62797d0002f17eee1c8d34def67da5ac8c9fb33b7fd4", "to": "f22393e0df7ce07fe1b9a4b8647ed82c1e636f80a5b858638dba3ccf3f416959", "ts": 1785720803.061352, "type": "send"}
{"delay": 0.02, "height": 4, "msg_type": "PREVOTE", "node": "967fe6e8b6c8221a582c62797d0002f17eee1c8d34def67da5ac8c9fb33b7fd4", "to": "0772af86d70664e325e22546e3fe7a4c6b82feefae381b62cab85b230fb21719", "ts": 1785720803.061597, "type": "send"}
{"delay": 0.02, "height": 4, "msg_type": "PREVOTE", "node": "967fe6e8b6c8221a582c62797d0002f17eee1c8d34def67da5ac8c9fb33b7fd4", "to": "13756c2a50bf937f4229883f98ab0b11b0562401f6976befce154a83a086793f", "ts": 1785720803.061606, "type": "send"}
{"delay": 0.02, "height": 4, "msg_type": "PREVOTE", "node": "967fe6e8b6c8221a582c62797d0002f17eee1c8d34def67da5ac8c9fb33b7fd4", "to": "3fde868ea6caf3041493f50fbcc45ebc3bad7edab4bad774a5dca2b91bec8af0", "ts": 1785720803.061613, "type": "send"}
{"delay": 0.02, "height": 4, "msg_type": "PREVOTE", "node": "967fe6e8b6c8221a582c62797d0002f17eee1c8d34def67da5ac8c9fb33b7fd4", "to": "4600e7073edcf35149235c417b55aed016ffc4133b445b7a44f86e142a6010ae", "ts": 1785720803.061619, "type": "send"}
{"delay": 0.02, "height": 4, "msg_type": "PREVOTE", "node": "967fe6e8b6c8221a582c62797d0002f17eee1c8d34def67da5ac8c9fb33b7fd4", "to": "c8568c45b20b7a1b9e0f4a5dadd1987eb3d6007e239fc9dd224eeb47b71799cf", "ts": 1785720803.061625, "type": "send"}
{"delay": 0.02, "height": 4, "msg_type": "PREVOTE", "node": "967fe6e8b6c8221a582c62797d0002f17eee1c8d34def67da5ac8c9fb33b7fd4", "to": "f08474af8ab0926587a2475f38484edb316eecc339239614a2d1eff9ccd01800", "ts": 1785720803.061631, "type": "send"}
{"delay": 0.02, "height": 4, "msg_type": "PREVOTE", "node": "967fe6e8b6c8221a582c62797d0002f17eee1c8d34def67da5ac8c9fb33b7fd4", "to": "f22393e0df7ce07fe1b9a4b8647ed82c1e636f80a5b858638dba3ccf3f416959", "ts": 1785720803.061637, "type": "send"}
{"from": "967fe6e8b6c8221a582c62797d0002f17eee1c8d34def67da5ac8c9fb33b7fd4", "height": 4, "msg_type": "PROPOSAL", "node": "0772af86d70664e325e22546e3fe7a4c6b82feefae381b62cab85b230fb21719", "ts": 1785720803.087486, "type": "deliver"}
{"from": "967fe6e8b6c8221a582c62797d0002f17eee1c8d34def67da5ac8c9fb33b7fd4", "height": 4, "msg_type": "PROPOSAL", "node": "13756c2a50bf937f4229883f98ab0b11b0562401f6976befce154a83a086793f", "ts": 1785720803.08751, "type": "deliver"}
{"from": "967fe6e8b6c8221a582c62797d0002f17eee1c8d34def67da5ac8c9fb33b7fd4", "height": 4, "msg_type": "PROPOSAL", "node": "3fde868ea6caf3041493f50fbcc45ebc3bad7edab4bad774a5dca2b91bec8af0", "ts": 1785720803.08752, "type": "deliver"}
{"from": "967fe6e8b6c8221a582c62797d0002f17eee1c8d34def67da5ac8c9fb33b7fd4", "height": 4, "msg_type": "PROPOSAL", "node": "4600e7073edcf35149235c417b55aed016ffc4133b445b7a44f86e142a6010ae", "ts": 1785720803.087528, "type": "deliver"}
{"from": "967fe6e8b6c8221a582c62797d0002f17eee1c8d34def67da5ac8c9fb33b7fd4", "height": 4, "msg_type": "PROPOSAL", "node": "c8568c45b20b7a1b9e0f4a5dadd1987eb3d6007e239fc9dd224eeb47b71799cf", "ts": 1785720803.087537, "type": "deliver"}
{"from": "967fe6e8b6c8221a582c62797d0002f17eee1c8d34def67da5ac8c9fb33b7fd4", "height": 4, "msg_type": "PROPOSAL", "node": "f08474af8ab0926587a2475f38484edb316eecc339239614a2d1eff9ccd01800", "ts": 1785720803.087545, "type": "deliver"}
{"from": "967fe6e8b6c8221a582c62797d0002f17eee1c8d34def67da5ac8c9fb33b7fd4", "height": 4, "msg_type": "PROPOSAL", "node": "f22393e0df7ce07fe1b9a4b8647ed82c1e636f80a5b858638dba3ccf3f416959", "ts": 1785720803.087553, "type": "deliver"}
{"from": "967fe6e8b6c8221a582c62797d0002f17eee1c8d34def67da5ac8c9fb33b7fd4", "height": 4, "msg_type": "PREVOTE", "node": "0772af86d70664e325e22546e3fe7a4c6b82feefae381b62cab85b230fb21719", "ts": 1785720803.087563, "type": "deliver"}
{"from": "967fe6e8b6c8221a582c62797d0002f17eee1c8d34def67da5ac8c9fb33b7fd4", "height": 4, "msg_type": "PREVOTE", "node": "13756c2a50bf937f4229883f98ab0b11b0562401f6976befce154a83a086793f", "ts": 1785720803.087569, "type": "deliver"}
{"from": "967fe6e8b6c8221a582c62797d0002f17eee1c8d34def67da5ac8c9fb33b7fd4", "height": 4, "msg_type": "PREVOTE", "node": "3fde868ea6caf3041493f50fbcc45ebc3bad7edab4bad774a5dca2b91bec8af0", "ts": 1785720803.087581, "type": "deliver"}
{"from": "967fe6e8b6c8221a582c62797d0002f17eee1c8d34def67da5ac8c9fb33b7fd4", "height": 4, "msg_type": "PREVOTE", "node": "4600e7073edcf35149235c417b55aed016ffc4133b445b7a44f86e142a6010ae", "ts": 1785720803.087592, "type": "deliver"}
{"from": "967fe6e8b6c8221a582c62797d0002f17eee1c8d34def67da5ac8c9fb33b7fd4", "height": 4, "msg_type": "PREVOTE", "node": "c8568c45b20b7a1b9e0f4a5dadd1987eb3d6007e239fc9dd224eeb47b71799cf", "ts": 1785720803.087599, "type": "deliver"}
{"from": "967fe6e8b6c8221a582c62797d0002f17eee1c8d34def67da5ac8c9fb33b7fd4", "height": 4, "msg_type": "PREVOTE", "node": "f08474af8ab0926587a2475f38484edb316eecc339239614a2d1eff9ccd01800", "ts": 1785720803.087605, "type": "deliver"}
{"from": "967fe6e8b6c8221a582c62797d0002f17eee1c8d34def67da5ac8c9fb33b7fd4", "height": 4, "msg_type": "PREVOTE", "node": "f22393e0df7ce07fe1b9a4b8647ed82c1e636f80a5b858638dba3ccf3f416959", "ts": 1785720803.08761, "type": "deliver"}
{"delay": 0.02, "height": 4, "msg_type": "PREVOTE", "node": "0772af86d70664e325e22546e3fe7a4c6b82feefae381b62cab85b230fb21719", "to": "13756c2a50bf937f4229883f98ab0b11b0562401f6976befce154a83a086793f", "ts": 1785720803.088146, "type": "send"}
{"delay": 0.02, "height": 4, "msg_type": "PREVOTE", "node": "0772af86d70664e325e22546e3fe7a4c6b82feefae381b62cab85b230fb21719", "to": "3fde868ea6caf3041493f50fbcc45ebc3bad7edab4bad774a5dca2b91bec8af0", "ts": 1785720803.088171, "type": "send"}
{"delay": 0.02, "height": 4, "msg_type": "PREVOTE", "node": "0772af86d70664e325e22546e3fe7a4c6b82feefae381b62cab85b230fb21719", "to": "4600e7073edcf35149235c417b55aed016ffc4133b445b7a44f86e142a6010ae", "ts": 1785720803.088186, "type": "send"}
{"delay": 0.02, "height": 4, "msg_type": "PREVOTE", "node": "0772af86d70664e325e22546e3fe7a4c6b82feefae381b62cab85b230fb21719", "to": "967fe6e8b6c8221a582c62797d0002f17eee1c8d34def67da5ac8c9fb33b7fd4", "ts": 1785720803.088199, "type": "send"}
{"delay": 0.02, "height": 4, "msg_type": "PREVOTE", "node": "0772af86d70664e325e22546e3fe7a4c6b82feefae381b62cab85b230fb21719", "to": "c8568c45b20b7a1b9e0f4a5dadd1987eb3d6007e239fc9dd224eeb47b71799cf", "ts": 1785720803.088212, "type": "send"}
{"delay": 0.02, "height": 4, "msg_type": "PREVOTE", "node": "0772af86d70664e325e22546e3fe7a4c6b82feefae381b62cab85b230fb21719", "to": "f08474af8ab0926587a2475f38484edb316eecc339239614a2d1eff9ccd01800", "ts": 1785720803.088224, "type": "send"}
{"delay": 0.02, "height": 4, "msg_type": "PREVOTE", "node": "0772af86d70664e325e22546e3fe7a4c6b82feefae381b62cab85b230fb21719", "to": "f22393e0df7ce07fe1b9a4b8647ed82c1e636f80a5b858638dba3ccf3f416959", "ts": 1785720803.088238, "type": "send"}
{"delay": 0.02, "height": 4, "msg_type": "PREVOTE", "node": "13756c2a50bf937f4229883f98ab0b11b0562401f6976befce154a83a086793f", "to": "0772af86d70664e325e22546e3fe7a4c6b82feefae381b62cab85b230fb21719", "ts": 1785720803.08898, "type": "send"}
{"delay": 0.02, "height": 4, "msg_type": "PREVOTE", "node": "13756c2a50bf937f4229883f98ab0b11b0562401f6976befce154a83a086793f", "to": "3fde868ea6caf3041493f50fbcc45ebc3bad7edab4bad774a5dca2b91bec8af0", "ts": 1785720803.089001, "type": "send"}
{"delay": 0.02, "height": 4, "msg_type": "PREVOTE", "node": "13756c2a50bf937f4229883f98ab0b11b0562401f6976befce154a83a086793f", "to": "4600e7073edcf35149235c417b55aed016ffc4133b445b7a44f86e142a6010ae", "ts": 1785720803.089017, "type": "send"}
{"delay": 0.02, "height": 4, "msg_type": "PREVOTE", "node": "13756c2a50bf937f4229883f98ab0b11b0562401f6976befce154a83a086793f", "to": "967fe6e8b6c8221a582c62797d0002f17eee1c8d34def67da5ac8c9fb33b7fd4", "ts": 1785720803.089031, "type": "send"}
{"delay": 0.02, "height": 4, "msg_type": "PREVOTE", "node": "13756c2a50bf937f4229883f98ab0b11b0562401f6976befce154a83a086793f", "to": "c8568c45b20b7a1b9e0f4a5dadd1987eb3d6007e239fc9dd224eeb47b71799cf", "ts": 1785720803.089045, "type": "send"}
{"delay": 0.02, "height": 4, "msg_type": "PREVOTE", "node": "13756c2a50bf937f4229883f98ab0b11b0562401f6976befce154a83a086793f", "to": "f08474af8ab0926587a2475f38484edb316eecc339239614a2d1eff9ccd01800", "ts": 1785720803.089059, "type": "send"}
{"delay": 0.02, "height": 4, "msg_type": "PREVOTE", "node": "13756c2a50bf937f4229883f98ab0b11b0562401f6976befce154a83a086793f", "to": "f22393e0df7ce07fe1b9a4b8647ed82c1e636f80a5b858638dba3ccf3f416959", "ts": 1785720803.089073, "type": "send"}
{"delay": 0.02, "height": 4, "msg_type": "PREVOTE", "node": "3fde868ea6caf3041493f50fbcc45ebc3bad7edab4bad774a5dca2b91bec8af0", "to": "0772af86d70664e325e22546e3fe7a4c6b82feefae381b62cab85b230fb21719", "ts": 1785720803.08975, "type": "send"}
{"delay": 0.02, "height": 4, "msg_type": "PREVOTE", "node": "3fde868ea6caf3041493f50fbcc45ebc3bad7edab4bad774a5dca2b91bec8af0", "to": "13756c2a50bf937f4229883f98ab0b11b0562401f6976befce154a83a086793f", "ts": 1785720803.089767, "type": "send"}
{"delay": 0.02, "height": 4, "msg_type": "PREVOTE", "node": "3fde868ea6caf3041493f50fbcc45ebc3bad7edab4bad774a5dca2b91bec8af0", "to": "4600e7073edcf35149235c417b55aed016ffc4133b445b7a44f86e142a6010ae", "ts": 1785720803.089787, "type": "send"}
{"delay": 0.02, "height": 4, "msg_type": "PREVOTE", "node": "3fde868ea6caf3041493f50fbcc45ebc3bad7edab4bad774a5dca2b91bec8af0", "to": "967fe6e8b6c8221a582c62797d0002f17eee1c8d34def67da5ac8c9fb33b7fd4", "ts": 1785720803.089801, "type": "send"}
{"delay": 0.02, "height": 4, "msg_type": "PREVOTE", "node": "3fde868ea6caf3041493f50fbcc45ebc3bad7edab4bad774a5dca2b91bec8af0", "to": "c8568c45b20b7a1b9e0f4a5dadd1987eb3d6007e239fc9dd224eeb47b71799cf", "ts": 1785720803.089814, "type": "send"}
{"delay": 0.02, "height": 4, "msg_type": "PREVOTE", "node": "3fde868ea6caf3041493f50fbcc45ebc3bad7edab4bad774a5dca2b91bec8af0", "to": "f08474af8ab0926587a2475f38484edb316eecc339239614a2d1eff9ccd01800", "ts": 1785720803.089838, "type": "send"}
{"delay": 0.02, "height": 4, "msg_type": "PREVOTE", "node": "3fde868ea6caf3041493f50fbcc45ebc3bad7edab4bad774a5dca2b91bec8af0", "to": "f22393e0df7ce07fe1b9a4b8647ed82c1e636f80a5b858638dba3ccf3f416959", "ts": 1785720803.089851, "type": "send"}
{"delay": 0.02, "height": 4, "msg_type": "PREVOTE", "node": "4600e7073edcf35149235c417b55aed016ffc4133b445b7a44f86e142a6010ae", "to": "0772af86d70664e325e22546e3fe7a4c6b82feefae381b62cab85b230fb21719", "ts": 1785720803.09069, "type": "send"}
{"delay": 0.02, "height": 4, "msg_type": "PREVOTE", "node": "4600e7073edcf35149235c417b55aed016ffc4133b445b7a44f86e142a6010ae", "to": "13756c2a50bf937f4229883f98ab0b11b0562401f6976befce154a83a086793f", "ts": 1785720803.090719, "type": "send"}
{"delay": 0.02, "height": 4, "msg_type": "PREVOTE", "node": "4600e7073edcf35149235c417b55aed016ffc4133b445b7a44f86e142a6010ae", "to": "3fde868ea6caf3041493f50fbcc45ebc3bad7edab4bad774a5dca2b91bec8af0", "ts": 1785720803.090737, "type": "send"}
{"delay": 0.02, "height": 4, "msg_type": "PREVOTE", "node": "4600e7073edcf35149235c417b55aed016ffc4133b445b7a44f86e142a6010ae", "to": "967fe6e8b6c8221a582c62797d0002f17eee1c8d34def67da5ac8c9fb33b7fd4", "ts": 1785720803.090753, "type": "send"}
{"delay": 0.02, "height": 4, "msg_type": "PREVOTE", "node": "4600e7073edcf35149235c417b55aed016ffc4133b445b7a44f86e142a6010ae", "to": "c8568c45b20b7a1b9e0f4a5dadd1987eb3d6007e239fc9dd224eeb47b71799cf", "ts": 1785720803.090768, "type": "send"}
{"delay": 0.02, "height": 4, "msg_type": "PREVOTE", "node": "4600e7073edcf35149235c417b55aed016ffc4133b445b7a44f86e142a6010ae", "to": "f08474af8ab0926587a2475f38484edb316eecc339239614a2d1eff9ccd01800", "ts": 1785720803.090781, "type": "send"}
{"delay": 0.02, "height": 4, "msg_type": "PREVOTE", "node": "4600e7073edcf35149235c417b55aed016ffc4133b445b7a44f86e142a6010ae", "to": "f22393e0df7ce07fe1b9a4b8647ed82c1e636f80a5b858638dba3ccf3f416959", "ts": 1785720803.090795, "type": "send"}
{"delay": 0.02, "height": 4, "msg_type": "PREVOTE", "node": "c8568c45b20b7a1b9e0f4a5dadd1987eb3d6007e239fc9dd224eeb47b71799cf", "to": "0772af86d70664e325e22546e3fe7a4c6b82feefae381b62cab85b230fb21719", "ts": 1785720803.09184, "type": "send"}
{"delay": 0.02, "height": 4, "msg_type": "PREVOTE", "node": "c8568c45b20b7a1b9e0f4a5dadd1987eb3d6007e239fc9dd224eeb47b71799cf", "to": "13756c2a50bf937f4229883f98ab0b11b0562401f6976befce154a83a086793f", "ts": 1785720803.091865, "type": "send"}
{"delay": 0.02, "height": 4, "msg_type": "PREVOTE", "node": "c8568c45b20b7a1b9e0f4a5dadd1987eb3d6007e239fc9dd224eeb47b71799cf", "to": "3fde868ea6caf3041493f50fbcc45ebc3bad7edab4bad774a5dca2b91bec8af0", "ts": 1785720803.091881, "type": "send"}
{"delay": 0.02, "height": 4, "msg_type": "PREVOTE", "node": "c8568c45b20b7a1b9e0f4a5dadd1987eb3d6007e239fc9dd224eeb47b71799cf", "to": "4600e7073edcf35149235c417b55aed016ffc4133b445b7a44f86e142a6010ae", "ts": 1785720803.091896, "type": "send"}
{"delay": 0.02, "height": 4, "msg_type": "PREVOTE", "node": "c8568c45b20b7a1b9e0f4a5dadd1987eb3d6007e239fc9dd224eeb47b71799cf", "to": "967fe6e8b6c8221a582c62797d0002f17eee1c8d34def67da5ac8c9fb33b7fd4", "ts": 1785720803.09191, "type": "send"}
{"delay": 0.02, "height": 4, "msg_type": "PREVOTE", "node": "c8568c45b20b7a1b9e0f4a5dadd1987eb3d6007e239fc9dd224eeb47b71799cf", "to": "f08474af8ab0926587a2475f38484edb316eecc339239614a2d1eff9ccd01800", "ts": 1785720803.091923, "type": "send"}
{"delay": 0.02, "height": 4, "msg_type": "PREVOTE", "node": "c8568c45b20b7a1b9e0f4a5dadd1987eb3d6007e239fc9dd224eeb47b71799cf", "to": "f22393e0df7ce07fe1b9a4b8647ed82c1e636f80a5b858638dba3ccf3f416959", "ts": 1785720803.091938, "type": "send"}
{"delay": 0.02, "height": 4, "msg_type": "PREVOTE", "node": "f08474af8ab0926587a2475f38484edb316eecc339239614a2d1eff9ccd01800", "to": "0772af86d70664e325e22546e3fe7a4c6b82feefae381b62cab85b230fb21719", "ts": 1785720803.092945, "type": "send"}
{"delay": 0.02, "height": 4, "msg_type": "PREVOTE", "node": "f08474af8ab0926587a2475f38484edb316eecc339239614a2d1eff9ccd01800", "to": "13756c2a50bf937f4229883f98ab0b11b0562401f6976befce154a83a086793f", "ts": 1785720803.092973, "type": "send"}
{"delay": 0.02, "height": 4, "msg_type": "PREVOTE", "node": "f08474af8ab0926587a2475f38484edb316eecc339239614a2d1eff9ccd01800", "to": "3fde868ea6caf3041493f50fbcc45ebc3bad7edab4bad774a5dca2b91bec8af0", "ts": 1785720803.092995, "type": "send"}
{"delay": 0.02, "height": 4, "msg_type": "PREVOTE", "node": "f08474af8ab0926587a2475f38484edb316eecc339239614a2d1eff9ccd01800", "to": "4600e7073edcf35149235c417b55aed016ffc4133b445b7a44f86e142a6010ae", "ts": 1785720803.093038, "type": "send"}
{"delay": 0.02, "height": 4, "msg_type": "PREVOTE", "node": "f08474af8ab0926587a2475f38484edb316eecc339239614a2d1eff9ccd01800", "to": "967fe6e8b6c8221a582c62797d0002f17eee1c8d34def67da5ac8c9fb33b7fd4", "ts": 1785720803.093067, "type": "send"}
{"delay": 0.02, "height": 4, "msg_type": "PREVOTE", "node": "f08474af8ab0926587a2475f38484edb316eecc339239614a2d1eff9ccd01800", "to": "c8568c45b20b7a1b9e0f4a5dadd1987eb3d6007e239fc9dd224eeb47b71799cf", "ts": 1785720803.093088, "type": "send"}
{"delay": 0.02, "height": 4, "msg_type": "PREVOTE", "node": "f08474af8ab0926587a2475f38484edb316eecc339239614a2d1eff9ccd01800", "to": "f22393e0df7ce07fe1b9a4b8647ed82c1e636f80a5b858638dba3ccf3f416959", "ts": 1785720803.093108, "type": "send"}
{"delay": 0.02, "height": 4, "msg_type": "PREVOTE", "node": "f22393e0df7ce07fe1b9a4b8647ed82c1e636f80a5b858638dba3ccf3f416959", "to": "0772af86d70664e325e22546e3fe7a4c6b82feefae381b62cab85b230fb21719", "ts": 1785720803.094255, "type": "send"}
{"delay": 0.02, "height": 4, "msg_type": "PREVOTE", "node": "f22393e0df7ce07fe1b9a4b8647ed82c1e636f80a5b858638dba3ccf3f416959", "to": "13756c2a50bf937f4229883f98ab0b11b0562401f6976befce154a83a086793f", "ts": 1785720803.094283, "type": "send"}
{"delay": 0.02, "height": 4, "msg_type": "PREVOTE", "node": "f22393e0df7ce07fe1b9a4b8647ed82c1e636f80a5b858638dba3ccf3f416959", "to": "3fde868ea6caf3041493f50fbcc45ebc3bad7edab4bad774a5dca2b91bec8af0", "ts": 1785720803.094299, "type": "send"}
{"delay": 0.02, "height": 4, "msg_type": "PREVOTE", "node": "f22393e0df7ce07fe1b9a4b8647ed82c1e636f80a5b858638dba3ccf3f416959", "to": "4600e7073edcf35149235c417b55aed016ffc4133b445b7a44f86e142a6010ae", "ts": 1785720803.094315, "type": "send"}
{"delay": 0.02, "height": 4, "msg_type": "PREVOTE", "node": "f22393e0df7ce07fe1b9a4b8647ed82c1e636f80a5b858638dba3ccf3f416959", "to": "967fe6e8b6c8221a582c62797d0002f17eee1c8d34def67da5ac8c9fb33b7fd4", "ts": 1785720803.094343, "type": "send"}
{"delay": 0.02, "height": 4, "msg_type": "PREVOTE", "node": "f22393e0df7ce07fe1b9a4b8647ed82c1e636f80a5b858638dba3ccf3f416959", "to": "c8568c45b20b7a1b9e0f4a5dadd1987eb3d6007e239fc9dd224eeb47b71799cf", "ts": 1785720803.094359, "type": "send"}
{"delay": 0.02, "height": 4, "msg_type": "PREVOTE", "node": "f22393e0df7ce07fe1b9a4b8647ed82c1e636f80a5b858638dba3ccf3f416959", "to": "f08474af8ab0926587a2475f38484edb316eecc339239614a2d1eff9ccd01800", "ts": 1785720803.094372, "type": "send"}
{"from": "0772af86d70664e325e22546e3fe7a4c6b82feefae381b62cab85b230fb21719", "height": 4, "msg_type": "PREVOTE", "node": "13756c2a50bf937f4229883f98ab0b11b0562401f6976befce154a83a086793f", "ts": 1785720803.118425, "type": "deliver"}
{"from": "0772af86d70664e325e22546e3fe7a4c6b82feefae381b62cab85b230fb21719", "height": 4, "msg_type": "PREVOTE", "node": "3fde868ea6caf3041493f50fbcc45ebc3bad7edab4bad774a5dca2b91bec8af0", "ts": 1785720803.118454, "type": "deliver"}
{"from": "0772af86d70664e325e22546e3fe7a4c6b82feefae381b62cab85b230fb21719", "height": 4, "msg_type": "PREVOTE", "node": "4600e7073edcf35149235c417b55aed016ffc4133b445b7a44f86e142a6010ae", "ts": 1785720803.118469, "type": "deliver"}
{"from": "0772af86d70664e325e22546e3fe7a4c6b82feefae381b62cab85b230fb21719", "height": 4, "msg_type": "PREVOTE", "node": "967fe6e8b6c8221a582c62797d0002f17eee1c8d34def67da5ac8c9fb33b7fd4", "ts": 1785720803.118481, "type": "deliver"}
{"from": "0772af86d70664e325e22546e3fe7a4c6b82feefae381b62cab85b230fb21719", "height": 4, "msg_type": "PREVOTE", "node": "c8568c45b20b7a1b9e0f4a5dadd1987eb3d6007e239fc9dd224eeb47b71799cf", "ts": 1785720803.118497, "type": "deliver"}
{"from": "0772af86d70664e325e22546e3fe7a4c6b82feefae381b62cab85b230fb21719", "height": 4, "msg_type": "PREVOTE", "node": "f08474af8ab0926587a2475f38484edb316eecc339239614a2d1eff9ccd01800", "ts": 1785720803.118506, "type": "deliver"}
{"from": "0772af86d70664e325e22546e3fe7a4c6b82feefae381b62cab85b230fb21719", "height": 4, "msg_type": "PREVOTE", "node": "f22393e0df7ce07fe1b9a4b8647ed82c1e636f80a5b858638dba3ccf3f416959", "ts": 1785720803.118514, "type": "deliver"}
{"from": "13756c2a50bf937f4229883f98ab0b11b0562401f6976befce154a83a086793f", "height": 4, "msg_type": "PREVOTE", "node": "0772af86d70664e325e22546e3fe7a4c6b82feefae381b62cab85b230fb21719", "ts": 1785720803.118522, "type": "deliver"}
{"from": "13756c2a50bf937f4229883f98ab0b11b0562401f6976befce154a83a086793f", "height": 4, "msg_type": "PREVOTE", "node": "3fde868ea6caf3041493f50fbcc45ebc3bad7edab4bad774a5dca2b91bec8af0", "ts": 1785720803.11853, "type": "deliver"}
{"from": "13756c2a50bf937f4229883f98ab0b11b0562401f6976befce154a83a086793f", "height": 4, "msg_type": "PREVOTE", "node": "4600e7073edcf35149235c417b55aed016ffc4133b445b7a44f86e142a6010ae", "ts": 1785720803.118537, "type": "deliver"}
{"from": "13756c2a50bf937f4229883f98ab0b11b0562401f6976befce154a83a086793f", "height": 4, "msg_type": "PREVOTE", "node": "967fe6e8b6c8221a582c62797d0002f17eee1c8d34def67da5ac8c9fb33b7fd4", "ts": 1785720803.118543, "type": "deliver"}
{"from": "13756c2a50bf937f4229883f98ab0b11b0562401f6976befce154a83a086793f", "height": 4, "msg_type": "PREVOTE", "node": "c8568c45b20b7a1b9e0f4a5dadd1987eb3d6007e239fc9dd224eeb47b71799cf", "ts": 1785720803.118549, "type": "deliver"}
{"from": "13756c2a50bf937f4229883f98ab0b11b0562401f6976befce154a83a086793f", "height": 4, "msg_type": "PREVOTE", "node": "f08474af8ab0926587a2475f38484edb316eecc339239614a2d1eff9ccd01800", "ts": 1785720803.118555, "type": "deliver"}
{"from": "13756c2a50bf937f4229883f98ab0b11b0562401f6976befce154a83a086793f", "height": 4, "msg_type": "PREVOTE", "node": "f22393e0df7ce07fe1b9a4b8647ed82c1e636f80a5b858638dba3ccf3f416959", "ts": 1785720803.118561, "type": "deliver"}
{"from": "3fde868ea6caf3041493f50fbcc45ebc3bad7edab4bad774a5dca2b91bec8af0", "height": 4, "msg_type": "PREVOTE", "node": "0772af86d70664e325e22546e3fe7a4c6b82feefae381b62cab85b230fb21719", "ts": 1785720803.118567, "type": "deliver"}
{"from": "3fde868ea6caf3041493f50fbcc45ebc3bad7edab4bad774a5dca2b91bec8af0", "height": 4, "msg_type": "PREVOTE", "node": "13756c2a50bf937f4229883f98ab0b11b0562401f6976befce154a83a086793f", "ts": 1785720803.118572, "type": "deliver"}
{"from": "3fde868ea6caf3041493f50fbcc45ebc3bad7edab4bad774a5dca2b91bec8af0", "height": 4, "msg_type": "PREVOTE", "node": "4600e7073edcf35149235c417b55aed016ffc4133b445b7a44f86e142a6010ae", "ts": 1785720803.118578, "type": "deliver"}
{"from": "3fde868ea6caf3041493f50fbcc45ebc3bad7edab4bad774a5dca2b91bec8af0", "height": 4, "msg_type": "PREVOTE", "node": "967fe6e8b6c8221a582c62797d0002f17eee1c8d34def67da5ac8c9fb33b7fd4", "ts": 1785720803.118584, "type": "deliver"}
{"from": "3fde868ea6caf3041493f50fbcc45ebc3bad7edab4bad774a5dca2b91bec8af0", "height": 4, "msg_type": "PREVOTE", "node": "c8568c45b20b7a1b9e0f4a5dadd1987eb3d6007e239fc9dd224eeb47b71799cf", "ts": 1785720803.11859, "type": "deliver"}
{"from": "3fde868ea6caf3041493f50fbcc45ebc3bad7edab4bad774a5dca2b91bec8af0", "height": 4, "msg_type": "PREVOTE", "node": "f08474af8ab0926587a2475f38484edb316eecc339239614a2d1eff9ccd01800", "ts": 1785720803.118598, "type": "deliver"}
{"from": "3fde868ea6caf3041493f50fbcc45ebc3bad7edab4bad774a5dca2b91bec8af0", "height": 4, "msg_type": "PREVOTE", "node": "f22393e0df7ce07fe1b9a4b8647ed82c1e636f80a5b858638dba3ccf3f416959", "ts": 1785720803.118605, "type": "deliver"}
{"from": "4600e7073edcf35149235c417b55aed016ffc4133b445b7a44f86e142a6010ae", "height": 4, "msg_type": "PREVOTE", "node": "0772af86d70664e325e22546e3fe7a4c6b82feefae381b62cab85b230fb21719", "ts": 1785720803.118611, "type": "deliver"}
{"from": "4600e7073edcf35149235c417b55aed016ffc4133b445b7a44f86e142a6010ae", "height": 4, "msg_type": "PREVOTE", "node": "13756c2a50bf937f4229883f98ab0b11b0562401f6976befce154a83a086793f", "ts": 1785720803.118617, "type": "deliver"}
{"from": "4600e7073edcf35149235c417b55aed016ffc4133b445b7a44f86e142a6010ae", "height": 4, "msg_type": "PREVOTE", "node": "3fde868ea6caf3041493f50fbcc45ebc3bad7edab4bad774a5dca2b91bec8af0", "ts": 1785720803.118623, "type": "deliver"}
{"from": "4600e7073edcf35149235c417b55aed016ffc4133b445b7a44f86e142a6010ae", "height": 4, "msg_type": "PREVOTE", "node": "967fe6e8b6c8221a582c62797d0002f17eee1c8d34def67da5ac8c9fb33b7fd4", "ts": 1785720803.118632, "type": "deliver"}
{"from": "4600e7073edcf35149235c417b55aed016ffc4133b445b7a44f86e142a6010ae", "height": 4, "msg_type": "PREVOTE", "node": "c8568c45b20b7a1b9e0f4a5dadd1987eb3d6007e239fc9dd224eeb47b71799cf", "ts": 1785720803.118638, "type": "deliver"}
{"from": "4600e7073edcf35149235c417b55aed016ffc4133b445b7a44f86e142a6010ae", "height": 4, "msg_type": "PREVOTE", "node": "f08474af8ab0926587a2475f38484edb316eecc339239614a2d1eff9ccd01800", "ts": 1785720803.118644, "type": "deliver"}
{"from": "4600e7073edcf35149235c417b55aed016ffc4133b445b7a44f86e142a6010ae", "height": 4, "msg_type": "PREVOTE", "node": "f22393e0df7ce07fe1b9a4b8647ed82c1e636f80a5b858638dba3ccf3f416959", "ts": 1785720803.118649, "type": "deliver"}
{"from": "c8568c45b20b7a1b9e0f4a5dadd1987eb3d6007e239fc9dd224eeb47b71799cf", "height": 4, "msg_type": "PREVOTE", "node": "0772af86d70664e325e22546e3fe7a4c6b82feefae381b62cab85b230fb21719", "ts": 1785720803.118655, "type": "deliver"}
{"from": "c8568c45b20b7a1b9e0f4a5dadd1987eb3d6007e239fc9dd224eeb47b71799cf", "height": 4, "msg_type": "PREVOTE", "node": "13756c2a50bf937f4229883f98ab0b11b0562401f6976befce154a83a086793f", "ts": 1785720803.118661, "type": "deliver"}
{"from": "c8568c45b20b7a1b9e0f4a5dadd1987eb3d6007e239fc9dd224eeb47b71799cf", "height": 4, "msg_type": "PREVOTE", "node": "3fde868ea6caf3041493f50fbcc45ebc3bad7edab4bad774a5dca2b91bec8af0", "ts": 1785720803.118667, "type": "deliver"}
{"from": "c8568c45b20b7a1b9e0f4a5dadd1987eb3d6007e239fc9dd224eeb47b71799cf", "height": 4, "msg_type": "PREVOTE", "node": "4600e7073edcf35149235c417b55aed016ffc4133b445b7a44f86e142a6010ae", "ts": 1785720803.118673, "type": "deliver"}
{"from": "c8568c45b20b7a1b9e0f4a5dadd1987eb3d6007e239fc9dd224eeb47b71799cf", "height": 4, "msg_type": "PREVOTE", "node": "967fe6e8b6c8221a582c62797d0002f17eee1c8d34def67da5ac8c9fb33b7fd4", "ts": 1785720803.11868, "type": "deliver"}
{"from": "c8568c45b20b7a1b9e0f4a5dadd1987eb3d6007e239fc9dd224eeb47b71799cf", "height": 4, "msg_type": "PREVOTE", "node": "f08474af8ab0926587a2475f38484edb316eecc339239614a2d1eff9ccd01800", "ts": 1785720803.118686, "type": "deliver"}
{"from": "c8568c45b20b7a1b9e0f4a5dadd1987eb3d6007e239fc9dd224eeb47b71799cf", "height": 4, "msg_type": "PREVOTE", "node": "f22393e0df7ce07fe1b9a4b8647ed82c1e636f80a5b858638dba3ccf3f416959", "ts": 1785720803.118692, "type": "deliver"}
{"from": "f08474af8ab0926587a2475f38484edb316eecc339239614a2d1eff9ccd01800", "height": 4, "msg_type": "PREVOTE", "node": "0772af86d70664e325e22546e3fe7a4c6b82feefae381b62cab85b230fb21719", "ts": 1785720803.118698, "type": "deliver"}
{"from": "f08474af8ab0926587a2475f38484edb316eecc339239614a2d1eff9ccd01800", "height": 4, "msg_type": "PREVOTE", "node": "13756c2a50bf937f4229883f98ab0b11b0562401f6976befce154a83a086793f", "ts": 1785720803.118704, "type": "deliver"}
{"from": "f08474af8ab0926587a2475f38484edb316eecc339239614a2d1eff9ccd01800", "height": 4, "msg_type": "PREVOTE", "node": "3fde868ea6caf3041493f50fbcc45ebc3bad7edab4bad774a5dca2b91bec8af0", "ts": 1785720803.11871, "type": "deliver"}
{"from": "f08474af8ab0926587a2475f38484edb316eecc339239614a2d1eff9ccd01800", "height": 4, "msg_type": "PREVOTE", "node": "4600e7073edcf35149235c417b55aed016ffc4133b445b7a44f86e142a6010ae", "ts": 1785720803.118715, "type": "deliver"}
{"from": "f08474af8ab0926587a2475f38484edb316eecc339239614a2d1eff9ccd01800", "height": 4, "msg_type": "PREVOTE", "node": "967fe6e8b6c8221a582c62797d0002f17eee1c8d34def67da5ac8c9fb33b7fd4", "ts": 1785720803.118721, "type": "deliver"}
{"from": "f08474af8ab0926587a2475f38484edb316eecc339239614a2d1eff9ccd01800", "height": 4, "msg_type": "PREVOTE", "node": "c8568c45b20b7a1b9e0f4a5dadd1987eb3d6007e239fc9dd224eeb47b71799cf", "ts": 1785720803.118727, "type": "deliver"}
{"from": "f08474af8ab0926587a2475f38484edb316eecc339239614a2d1eff9ccd01800", "height": 4, "msg_type": "PREVOTE", "node": "f22393e0df7ce07fe1b9a4b8647ed82c1e636f80a5b858638dba3ccf3f416959", "ts": 1785720803.118733, "type": "deliver"}
{"from": "f22393e0df7ce07fe1b9a4b8647ed82c1e636f80a5b858638dba3ccf3f416959", "height": 4, "msg_type": "PREVOTE", "node": "0772af86d70664e325e22546e3fe7a4c6b82feefae381b62cab85b230fb21719", "ts": 1785720803.118739, "type": "deliver"}
{"from": "f22393e0df7ce07fe1b9a4b8647ed82c1e636f80a5b858638dba3ccf3f416959", "height": 4, "msg_type": "PREVOTE", "node": "13756c2a50bf937f4229883f98ab0b11b0562401f6976befce154a83a086793f", "ts": 1785720803.118747, "type": "deliver"}
{"from": "f22393e0df7ce07fe1b9a4b8647ed82c1e636f80a5b858638dba3ccf3f416959", "height": 4, "msg_type": "PREVOTE", "node": "3fde868ea6caf3041493f50fbcc45ebc3bad7edab4bad774a5dca2b91bec8af0", "ts": 1785720803.118753, "type": "deliver"}
{"from": "f22393e0df7ce07fe1b9a4b8647ed82c1e636f80a5b858638dba3ccf3f416959", "height": 4, "msg_type": "PREVOTE", "node": "4600e7073edcf35149235c417b55aed016ffc4133b445b7a44f86e142a6010ae", "ts": 1785720803.118759, "type": "deliver"}
{"from": "f22393e0df7ce07fe1b9a4b8647ed82c1e636f80a5b858638dba3ccf3f416959", "height": 4, "msg_type": "PREVOTE", "node": "967fe6e8b6c8221a582c62797d0002f17eee1c8d34def67da5ac8c9fb33b7fd4", "ts": 1785720803.118765, "type": "deliver"}
{"from": "f22393e0df7ce07fe1b9a4b8647ed82c1e636f80a5b858638dba3ccf3f416959", "height": 4, "msg_type": "PREVOTE", "node": "c8568c45b20b7a1b9e0f4a5dadd1987eb3d6007e239fc9dd224eeb47b71799cf", "ts": 1785720803.118771, "type": "deliver"}
{"from": "f22393e0df7ce07fe1b9a4b8647ed82c1e636f80a5b858638dba3ccf3f416959", "height": 4, "msg_type": "PREVOTE", "node": "f08474af8ab0926587a2475f38484edb316eecc339239614a2d1eff9ccd01800", "ts": 1785720803.118776, "type": "deliver"}
{"delay": 0.02, "height": 4, "msg_type": "PRECOMMIT", "node": "13756c2a50bf937f4229883f98ab0b11b0562401f6976befce154a83a086793f", "to": "0772af86d70664e325e22546e3fe7a4c6b82feefae381b62cab85b230fb21719", "ts": 1785720803.119808, "type": "send"}
{"delay": 0.02, "height": 4, "msg_type": "PRECOMMIT", "node": "13756c2a50bf937f4229883f98ab0b11b0562401f6976befce154a83a086793f", "to": "3fde868ea6caf3041493f50fbcc45ebc3bad7edab4bad774a5dca2b91bec8af0", "ts": 1785720803.119839, "type": "send"}
{"delay": 0.02, "height": 4, "msg_type": "PRECOMMIT", "node": "13756c2a50bf937f4229883f98ab0b11b0562401f6976befce154a83a086793f", "to": "4600e7073edcf35149235c417b55aed016ffc4133b445b7a44f86e142a6010ae", "ts": 1785720803.119858, "type": "send"}
{"delay": 0.02, "height": 4, "msg_type": "PRECOMMIT", "node": "13756c2a50bf937f4229883f98ab0b11b0562401f6976befce154a83a086793f", "to": "967fe6e8b6c8221a582c62797d0002f17eee1c8d34def67da5ac8c9fb33b7fd4", "ts": 1785720803.119874, "type": "send"}
{"delay": 0.02, "height": 4, "msg_type": "PRECOMMIT", "node": "13756c2a50bf937f4229883f98ab0b11b0562401f6976befce154a83a086793f", "to": "c8568c45b20b7a1b9e0f4a5dadd1987eb3d6007e239fc9dd224eeb47b71799cf", "ts": 1785720803.119891, "type": "send"}
{"delay": 0.02, "height": 4, "msg_type": "PRECOMMIT", "node": "13756c2a50bf937f4229883f98ab0b11b0562401f6976befce154a83a086793f", "to": "f08474af8ab0926587a2475f38484edb316eecc339239614a2d1eff9ccd01800", "ts": 1785720803.119909, "type": "send"}
{"delay": 0.02, "height": 4, "msg_type": "PRECOMMIT", "node": "13756c2a50bf937f4229883f98ab0b11b0562401f6976befce154a83a086793f", "to": "f22393e0df7ce07fe1b9a4b8647ed82c1e636f80a5b858638dba3ccf3f416959", "ts": 1785720803.119927, "type": "send"}
{"delay": 0.02, "height": 4, "msg_type": "PRECOMMIT", "node": "3fde868ea6caf3041493f50fbcc45ebc3bad7edab4bad774a5dca2b91bec8af0", "to": "0772af86d70664e325e22546e3fe7a4c6b82feefae381b62cab85b230fb21719", "ts": 1785720803.121414, "type": "send"}
{"delay": 0.02, "height": 4, "msg_type": "PRECOMMIT", "node": "3fde868ea6caf3041493f50fbcc45ebc3bad7edab4bad774a5dca2b91bec8af0", "to": "13756c2a50bf937f4229883f98ab0b11b0562401f6976befce154a83a086793f", "ts": 1785720803.121441, "type": "send"}
{"delay": 0.02, "height": 4, "msg_type": "PRECOMMIT", "node": "3fde868ea6caf3041493f50fbcc45ebc3bad7edab4bad774a5dca2b91bec8af0", "to": "4600e7073edcf35149235c417b55aed016ffc4133b445b7a44f86e142a6010ae", "ts": 1785720803.121458, "type": "send"}
{"delay": 0.02, "height": 4, "msg_type": "PRECOMMIT", "node": "3fde868ea6caf3041493f50fbcc45ebc3bad7edab4bad774a5dca2b91bec8af0", "to": "967fe6e8b6c8221a582c62797d0002f17eee1c8d34def67da5ac8c9fb33b7fd4", "ts": 1785720803.121473, "type": "send"}
{"delay": 0.02, "height": 4, "msg_type": "PRECOMMIT", "node": "3fde868ea6caf3041493f50fbcc45ebc3bad7edab4bad774a5dca2b91bec8af0", "to": "c8568c45b20b7a1b9e0f4a5dadd1987eb3d6007e239fc9dd224eeb47b71799cf", "ts": 1785720803.121494, "type": "send"}
{"delay": 0.02, "height": 4, "msg_type": "PRECOMMIT", "node": "3fde868ea6caf3041493f50fbcc45ebc3bad7edab4bad774a5dca2b91bec8af0", "to": "f08474af8ab0926587a2475f38484edb316eecc339239614a2d1eff9ccd01800", "ts": 1785720803.121508, "type": "send"}
{"delay": 0.02, "height": 4, "msg_type": "PRECOMMIT", "node": "3fde868ea6caf3041493f50fbcc45ebc3bad7edab4bad774a5dca2b91bec8af0", "to": "f22393e0df7ce07fe1b9a4b8647ed82c1e636f80a5b858638dba3ccf3f416959", "ts": 1785720803.121521, "type": "send"}
{"delay": 0.02, "height": 4, "msg_type": "PRECOMMIT", "node": "4600e7073edcf35149235c417b55aed016ffc4133b445b7a44f86e142a6010ae", "to": "0772af86d70664e325e22546e3fe7a4c6b82feefae381b62cab85b230fb21719", "ts": 1785720803.122532, "type": "send"}
{"delay": 0.02, "height": 4, "msg_type": "PRECOMMIT", "node": "4600e7073edcf35149235c417b55aed016ffc4133b445b7a44f86e142a6010ae", "to": "13756c2a50bf937f4229883f98ab0b11b0562401f6976befce154a83a086793f", "ts": 1785720803.122545, "type": "send"}
{"delay": 0.02, "height": 4, "msg_type": "PRECOMMIT", "node": "4600e7073edcf35149235c417b55aed016ffc4133b445b7a44f86e142a6010ae", "to": "3fde868ea6caf3041493f50fbcc45ebc3bad7edab4bad774a5dca2b91bec8af0", "ts": 1785720803.122552, "type": "send"}
{"delay": 0.02, "height": 4, "msg_type": "PRECOMMIT", "node": "4600e7073edcf35149235c417b55aed016ffc4133b445b7a44f86e142a6010ae", "to": "967fe6e8b6c8221a582c62797d0002f17eee1c8d34def67da5ac8c9fb33b7fd4", "ts": 1785720803.122559, "type": "send"}
{"delay": 0.02, "height": 4, "msg_type": "PRECOMMIT", "node": "4600e7073edcf35149235c417b55aed016ffc4133b445b7a44f86e142a6010ae", "to": "c8568c45b20b7a1b9e0f4a5dadd1987eb3d6007e239fc9dd224eeb47b71799cf", "ts": 1785720803.122565, "type": "send"}
{"delay": 0.02, "height": 4, "msg_type": "PRECOMMIT", "node": "4600e7073edcf35149235c417b55aed016ffc4133b445b7a44f86e142a6010ae", "to": "f08474af8ab0926587a2475f38484edb316eecc339239614a2d1eff9ccd01800", "ts": 1785720803.122571, "type": "send"}
{"delay": 0.02, "height": 4, "msg_type": "PRECOMMIT", "node": "4600e7073edcf35149235c417b55aed016ffc4133b445b7a44f86e142a6010ae", "to": "f22393e0df7ce07fe1b9a4b8647ed82c1e636f80a5b858638dba3ccf3f416959", "ts": 1785720803.122577, "type": "send"}
{"delay": 0.02, "height": 4, "msg_type": "PRECOMMIT", "node": "967fe6e8b6c8221a582c62797d0002f17eee1c8d34def67da5ac8c9fb33b7fd4", "to": "0772af86d70664e325e22546e3fe7a4c6b82feefae381b62cab85b230fb21719", "ts": 1785720803.123648, "type": "send"}
{"delay": 0.02, "height": 4, "msg_type": "PRECOMMIT", "node": "967fe6e8b6c8221a582c62797d0002f17eee1c8d34def67da5ac8c9fb33b7fd4", "to": "13756c2a50bf937f4229883f98ab0b11b0562401f6976befce154a83a086793f", "ts": 1785720803.12366, "type": "send"}
{"delay": 0.02, "height": 4, "msg_type": "PRECOMMIT", "node": "967fe6e8b6c8221a582c62797d0002f17eee1c8d34def67da5ac8c9fb33b7fd4", "to": "3fde868ea6caf3041493f50fbcc45ebc3bad7edab4bad774a5dca2b91bec8af0", "ts": 1785720803.123671, "type": "send"}
{"delay": 0.02, "height": 4, "msg_type": "PRECOMMIT", "node": "967fe6e8b6c8221a582c62797d0002f17eee1c8d34def67da5ac8c9fb33b7fd4", "to": "4600e7073edcf35149235c417b55aed016ffc4133b445b7a44f86e142a6010ae", "ts": 1785720803.123678, "type": "send"}
{"delay": 0.02, "height": 4, "msg_type": "PRECOMMIT", "node": "967fe6e8b6c8221a582c62797d0002f17eee1c8d34def67da5ac8c9fb33b7fd4", "to": "c8568c45b20b7a1b9e0f4a5dadd1987eb3d6007e239fc9dd224eeb47b71799cf", "ts": 1785720803.123684, "type": "send"}
{"delay": 0.02, "height": 4, "msg_type": "PRECOMMIT", "node": "967fe6e8b6c8221a582c62797d0002f17eee1c8d34def67da5ac8c9fb33b7fd4", "to": "f08474af8ab0926587a2475f38484edb316eecc339239614a2d1eff9ccd01800", "ts": 1785720803.12369, "type": "send"}
{"delay": 0.02, "height": 4, "msg_type": "PRECOMMIT", "node": "967fe6e8b6c8221a582c62797d0002f17eee1c8d34def67da5ac8c9fb33b7fd4", "to": "f22393e0df7ce07fe1b9a4b8647ed82c1e636f80a5b858638dba3ccf3f416959", "ts": 1785720803.1237, "type": "send"}
{"delay": 0.02, "height": 4, "msg_type": "PRECOMMIT", "node": "c8568c45b20b7a1b9e0f4a5dadd1987eb3d6007e239fc9dd224eeb47b71799cf", "to": "0772af86d70664e325e22546e3fe7a4c6b82feefae381b62cab85b230fb21719", "ts": 1785720803.124654, "type": "send"}
{"delay": 0.02, "height": 4, "msg_type": "PRECOMMIT", "node": "c8568c45b20b7a1b9e0f4a5dadd1987eb3d6007e239fc9dd224eeb47b71799cf", "to": "13756c2a50bf937f4229883f98ab0b11b0562401f6976befce154a83a086793f", "ts": 1785720803.124665, "type": "send"}
{"delay": 0.02, "height": 4, "msg_type": "PRECOMMIT", "node": "c8568c45b20b7a1b9e0f4a5dadd1987eb3d6007e239fc9dd224eeb47b71799cf", "to": "3fde868ea6caf3041493f50fbcc45ebc3bad7edab4bad774a5dca2b91bec8af0", "ts": 1785720803.124672, "type": "send"}
{"delay": 0.02, "height": 4, "msg_type": "PRECOMMIT", "node": "c8568c45b20b7a1b9e0f4a5dadd1987eb3d6007e239fc9dd224eeb47b71799cf", "to": "4600e7073edcf35149235c417b55aed016ffc4133b445b7a44f86e142a6010ae", "ts": 1785720803.124679, "type": "send"}
{"delay": 0.02, "height": 4, "msg_type": "PRECOMMIT", "node": "c8568c45b20b7a1b9e0f4a5dadd1987eb3d6007e239fc9dd224eeb47b71799cf", "to": "967fe6e8b6c8221a582c62797d0002f17eee1c8d34def67da5ac8c9fb33b7fd4", "ts": 1785720803.124685, "type": "send"}
{"delay": 0.02, "height": 4, "msg_type": "PRECOMMIT", "node": "c8568c45b20b7a1b9e0f4a5dadd1987eb3d6007e239fc9dd224eeb47b71799cf", "to": "f08474af8ab0926587a2475f38484edb316eecc339239614a2d1eff9ccd01800", "ts": 1785720803.124691, "type": "send"}
{"delay": 0.02, "height": 4, "msg_type": "PRECOMMIT", "node": "c8568c45b20b7a1b9e0f4a5dadd1987eb3d6007e239fc9dd224eeb47b71799cf", "to": "f22393e0df7ce07fe1b9a4b8647ed82c1e636f80a5b858638dba3ccf3f416959", "ts": 1785720803.124697, "type": "send"}
{"delay": 0.02, "height": 4, "msg_type": "PRECOMMIT", "node": "f08474af8ab0926587a2475f38484edb316eecc339239614a2d1eff9ccd01800", "to": "0772af86d70664e325e22546e3fe7a4c6b82feefae381b62cab85b230fb21719", "ts": 1785720803.125767, "type": "send"}
{"delay": 0.02, "height": 4, "msg_type": "PRECOMMIT", "node": "f08474af8ab0926587a2475f38484edb316eecc339239614a2d1eff9ccd01800", "to": "13756c2a50bf937f4229883f98ab0b11b0562401f6976befce154a83a086793f", "ts": 1785720803.125783, "type": "send"}
{"delay": 0.02, "height": 4, "msg_type": "PRECOMMIT", "node": "f08474af8ab0926587a2475f38484edb316eecc339239614a2d1eff9ccd01800", "to": "3fde868ea6caf3041493f50fbcc45ebc3bad7edab4bad774a5dca2b91bec8af0", "ts": 1785720803.125794, "type": "send"}
{"delay": 0.02, "height": 4, "msg_type": "PRECOMMIT", "node": "f08474af8ab0926587a2475f38484edb316eecc339239614a2d1eff9ccd01800", "to": "4600e7073edcf35149235c417b55aed016ffc4133b445b7a44f86e142a6010ae", "ts": 1785720803.125803, "type": "send"}
{"delay": 0.02, "height": 4, "msg_type": "PRECOMMIT", "node": "f08474af8ab0926587a2475f38484edb316eecc339239614a2d1eff9ccd01800", "to": "967fe6e8b6c8221a582c62797d0002f17eee1c8d34def67da5ac8c9fb33b7fd4", "ts": 1785720803.12581, "type": "send"}
{"delay": 0.02, "height": 4, "msg_type": "PRECOMMIT", "node": "f08474af8ab0926587a2475f38484edb316eecc339239614a2d1eff9ccd01800", "to": "c8568c45b20b7a1b9e0f4a5dadd1987eb3d6007e239fc9dd224eeb47b71799cf", "ts": 1785720803.125819, "type": "send"}
{"delay": 0.02, "height": 4, "msg_type": "PRECOMMIT", "node": "f08474af8ab0926587a2475f38484edb316eecc339239614a2d1eff9ccd01800", "to": "f22393e0df7ce07fe1b9a4b8647ed82c1e636f80a5b858638dba3ccf3f416959", "ts": 1785720803.125828, "type": "send"}
{"delay": 0.02, "height": 4, "msg_type": "PRECOMMIT", "node": "f22393e0df7ce07fe1b9a4b8647ed82c1e636f80a5b858638dba3ccf3f416959", "to": "0772af86d70664e325e22546e3fe7a4c6b82feefae381b62cab85b230fb21719", "ts": 1785720803.127331, "type": "send"}
{"delay": 0.02, "height": 4, "msg_type": "PRECOMMIT", "node": "f22393e0df7ce07fe1b9a4b8647ed82c1e636f80a5b858638dba3ccf3f416959", "to": "13756c2a50bf937f4229883f98ab0b11b0562401f6976befce154a83a086793f", "ts": 1785720803.127353, "type": "send"}
{"delay": 0.02, "height": 4, "msg_type": "PRECOMMIT", "node": "f22393e0df7ce07fe1b9a4b8647ed82c1e636f80a5b858638dba3ccf3f416959", "to": "3fde868ea6caf3041493f50fbcc45ebc3bad7edab4bad774a5dca2b91bec8af0", "ts": 1785720803.127363, "type": "send"}
{"delay": 0.02, "height": 4, "msg_type": "PRECOMMIT", "node": "f22393e0df7ce07fe1b9a4b8647ed82c1e636f80a5b858638dba3ccf3f416959", "to": "4600e7073edcf35149235c417b55aed016ffc4133b445b7a44f86e142a6010ae", "ts": 1785720803.127372, "type": "send"}
{"delay": 0.02, "height": 4, "msg_type": "PRECOMMIT", "node": "f22393e0df7ce07fe1b9a4b8647ed82c1e636f80a5b858638dba3ccf3f416959", "to": "967fe6e8b6c8221a582c62797d0002f17eee1c8d34def67da5ac8c9fb33b7fd4", "ts": 1785720803.127381, "type": "send"}
{"delay": 0.02, "height": 4, "msg_type": "PRECOMMIT", "node": "f22393e0df7ce07fe1b9a4b8647ed82c1e636f80a5b858638dba3ccf3f416959", "to": "c8568c45b20b7a1b9e0f4a5dadd1987eb3d6007e239fc9dd224eeb47b71799cf", "ts": 1785720803.12739, "type": "send"}
{"delay": 0.02, "height": 4, "msg_type": "PRECOMMIT", "node": "f22393e0df7ce07fe1b9a4b8647ed82c1e636f80a5b858638dba3ccf3f416959", "to": "f08474af8ab0926587a2475f38484edb316eecc339239614a2d1eff9ccd01800", "ts": 1785720803.127399, "type": "send"}
{"delay": 0.02, "height": 4, "msg_type": "PRECOMMIT", "node": "0772af86d70664e325e22546e3fe7a4c6b82feefae381b62cab85b230fb21719", "to": "13756c2a50bf937f4229883f98ab0b11b0562401f6976befce154a83a086793f", "ts": 1785720803.128406, "type": "send"}
{"delay": 0.02, "height": 4, "msg_type": "PRECOMMIT", "node": "0772af86d70664e325e22546e3fe7a4c6b82feefae381b62cab85b230fb21719", "to": "3fde868ea6caf3041493f50fbcc45ebc3bad7edab4bad774a5dca2b91bec8af0", "ts": 1785720803.128418, "type": "send"}
{"delay": 0.02, "height": 4, "msg_type": "PRECOMMIT", "node": "0772af86d70664e325e22546e3fe7a4c6b82feefae381b62cab85b230fb21719", "to": "4600e7073edcf35149235c417b55aed016ffc4133b445b7a44f86e142a6010ae", "ts": 1785720803.128425, "type": "send"}
{"delay": 0.02, "height": 4, "msg_type": "PRECOMMIT", "node": "0772af86d70664e325e22546e3fe7a4c6b82feefae381b62cab85b230fb21719", "to": "967fe6e8b6c8221a582c62797d0002f17eee1c8d34def67da5ac8c9fb33b7fd4", "ts": 1785720803.128432, "type": "send"}
{"delay": 0.02, "height": 4, "msg_type": "PRECOMMIT", "node": "0772af86d70664e325e22546e3fe7a4c6b82feefae381b62cab85b230fb21719", "to": "c8568c45b20b7a1b9e0f4a5dadd1987eb3d6007e239fc9dd224eeb47b71799cf", "ts": 1785720803.128438, "type": "send"}
{"delay": 0.02, "height": 4, "msg_type": "PRECOMMIT", "node": "0772af86d70664e325e22546e3fe7a4c6b82feefae381b62cab85b230fb21719", "to": "f08474af8ab0926587a2475f38484edb316eecc339239614a2d1eff9ccd01800", "ts": 1785720803.128444, "type": "send"}
{"delay": 0.02, "height": 4, "msg_type": "PRECOMMIT", "node": "0772af86d70664e325e22546e3fe7a4c6b82feefae381b62cab85b230fb21719", "to": "f22393e0df7ce07fe1b9a4b8647ed82c1e636f80a5b858638dba3ccf3f416959", "ts": 1785720803.128449, "type": "send"}
{"from": "13756c2a50bf937f4229883f98ab0b11b0562401f6976befce154a83a086793f", "height": 4, "msg_type": "PRECOMMIT", "node": "0772af86d70664e325e22546e3fe7a4c6b82feefae381b62cab85b230fb21719", "ts": 1785720803.149361, "type": "deliver"}
{"from": "13756c2a50bf937f4229883f98ab0b11b0562401f6976befce154a83a086793f", "height": 4, "msg_type": "PRECOMMIT", "node": "3fde868ea6caf3041493f50fbcc45ebc3bad7edab4bad774a5dca2b91bec8af0", "ts": 1785720803.149398, "type": "deliver"}
{"from": "13756c2a50bf937f4229883f98ab0b11b0562401f6976befce154a83a086793f", "height": 4, "msg_type": "PRECOMMIT", "node": "4600e7073edcf35149235c417b55aed016ffc4133b445b7a44f86e142a6010ae", "ts": 1785720803.149421, "type": "deliver"}
{"from": "13756c2a50bf937f4229883f98ab0b11b0562401f6976befce154a83a086793f", "height": 4, "msg_type": "PRECOMMIT", "node": "967fe6e8b6c8221a582c62797d0002f17eee1c8d34def67da5ac8c9fb33b7fd4", "ts": 1785720803.149444, "type": "deliver"}
{"from": "13756c2a50bf937f4229883f98ab0b11b0562401f6976befce154a83a086793f", "height": 4, "msg_type": "PRECOMMIT", "node": "c8568c45b20b7a1b9e0f4a5dadd1987eb3d6007e239fc9dd224eeb47b71799cf", "ts": 1785720803.149465, "type": "deliver"}
{"from": "13756c2a50bf937f4229883f98ab0b11b0562401f6976befce154a83a086793f", "height": 4, "msg_type": "PRECOMMIT", "node": "f08474af8ab0926587a2475f38484edb316eecc339239614a2d1eff9ccd01800", "ts": 1785720803.149487, "type": "deliver"}
{"from": "13756c2a50bf937f4229883f98ab0b11b0562401f6976befce154a83a086793f", "height": 4, "msg_type": "PRECOMMIT", "node": "f22393e0df7ce07fe1b9a4b8647ed82c1e636f80a5b858638dba3ccf3f416959", "ts": 1785720803.149505, "type": "deliver"}
{"from": "3fde868ea6caf3041493f50fbcc45ebc3bad7edab4bad774a5dca2b91bec8af0", "height": 4, "msg_type": "PRECOMMIT", "node": "0772af86d70664e325e22546e3fe7a4c6b82feefae381b62cab85b230fb21719", "ts": 1785720803.149522, "type": "deliver"}
{"from": "3fde868ea6caf3041493f50fbcc45ebc3bad7edab4bad774a5dca2b91bec8af0", "height": 4, "msg_type": "PRECOMMIT", "node": "13756c2a50bf937f4229883f98ab0b11b0562401f6976befce154a83a086793f", "ts": 1785720803.149537, "type": "deliver"}
{"from": "3fde868ea6caf3041493f50fbcc45ebc3bad7edab4bad774a5dca2b91bec8af0", "height": 4, "msg_type": "PRECOMMIT", "node": "4600e7073edcf35149235c417b55aed016ffc4133b445b7a44f86e142a6010ae", "ts": 1785720803.149575, "type": "deliver"}
{"from": "3fde868ea6caf3041493f50fbcc45ebc3bad7edab4bad774a5dca2b91bec8af0", "height": 4, "msg_type": "PRECOMMIT", "node": "967fe6e8b6c8221a582c62797d0002f17eee1c8d34def67da5ac8c9fb33b7fd4", "ts": 1785720803.149584, "type": "deliver"}
{"from": "3fde868ea6caf3041493f50fbcc45ebc3bad7edab4bad774a5dca2b91bec8af0", "height": 4, "msg_type": "PRECOMMIT", "node": "c8568c45b20b7a1b9e0f4a5dadd1987eb3d6007e239fc9dd224eeb47b71799cf", "ts": 1785720803.149592, "type": "deliver"}
{"from": "3fde868ea6caf3041493f50fbcc45ebc3bad7edab4bad774a5dca2b91bec8af0", "height": 4, "msg_type": "PRECOMMIT", "node": "f08474af8ab0926587a2475f38484edb316eecc339239614a2d1eff9ccd01800", "ts": 1785720803.149601, "type": "deliver"}
{"from": "3fde868ea6caf3041493f50fbcc45ebc3bad7edab4bad774a5dca2b91bec8af0", "height": 4, "msg_type": "PRECOMMIT", "node": "f22393e0df7ce07fe1b9a4b8647ed82c1e636f80a5b858638dba3ccf3f416959", "ts": 1785720803.149609, "type": "deliver"}
{"from": "4600e7073edcf35149235c417b55aed016ffc4133b445b7a44f86e142a6010ae", "height": 4, "msg_type": "PRECOMMIT", "node": "0772af86d70664e325e22546e3fe7a4c6b82feefae381b62cab85b230fb21719", "ts": 1785720803.149617, "type": "deliver"}
{"from": "4600e7073edcf35149235c417b55aed016ffc4133b445b7a44f86e142a6010ae", "height": 4, "msg_type": "PRECOMMIT", "node": "13756c2a50bf937f4229883f98ab0b11b0562401f6976befce154a83a086793f", "ts": 1785720803.149625, "type": "deliver"}
{"from": "4600e7073edcf35149235c417b55aed016ffc4133b445b7a44f86e142a6010ae", "height": 4, "msg_type": "PRECOMMIT", "node": "3fde868ea6caf3041493f50fbcc45ebc3bad7edab4bad774a5dca2b91bec8af0", "ts": 1785720803.149633, "type": "deliver"}
{"from": "4600e7073edcf35149235c417b55aed016ffc4133b445b7a44f86e142a6010ae", "height": 4, "msg_type": "PRECOMMIT", "node": "967fe6e8b6c8221a582c62797d0002f17eee1c8d34def67da5ac8c9fb33b7fd4", "ts": 1785720803.152964, "type": "deliver"}
{"from": "4600e7073edcf35149235c417b55aed016ffc4133b445b7a44f86e142a6010ae", "height": 4, "msg_type": "PRECOMMIT", "node": "c8568c45b20b7a1b9e0f4a5dadd1987eb3d6007e239fc9dd224eeb47b71799cf", "ts": 1785720803.153009, "type": "deliver"}
{"from": "4600e7073edcf35149235c417b55aed016ffc4133b445b7a44f86e142a6010ae", "height": 4, "msg_type": "PRECOMMIT", "node": "f08474af8ab0926587a2475f38484edb316eecc339239614a2d1eff9ccd01800", "ts": 1785720803.153034, "type": "deliver"}
{"from": "4600e7073edcf35149235c417b55aed016ffc4133b445b7a44f86e142a6010ae", "height": 4, "msg_type": "PRECOMMIT", "node": "f22393e0df7ce07fe1b9a4b8647ed82c1e636f80a5b858638dba3ccf3f416959", "ts": 1785720803.153059, "type": "deliver"}
{"from": "967fe6e8b6c8221a582c62797d0002f17eee1c8d34def67da5ac8c9fb33b7fd4", "height": 4, "msg_type": "PRECOMMIT", "node": "0772af86d70664e325e22546e3fe7a4c6b82feefae381b62cab85b230fb21719", "ts": 1785720803.153084, "type": "deliver"}
{"from": "967fe6e8b6c8221a582c62797d0002f17eee1c8d34def67da5ac8c9fb33b7fd4", "height": 4, "msg_type": "PRECOMMIT", "node": "13756c2a50bf937f4229883f98ab0b11b0562401f6976befce154a83a086793f", "ts": 1785720803.153108, "type": "deliver"}
{"from": "967fe6e8b6c8221a582c62797d0002f17eee1c8d34def67da5ac8c9fb33b7fd4", "height": 4, "msg_type": "PRECOMMIT", "node": "3fde868ea6caf3041493f50fbcc45ebc3bad7edab4bad774a5dca2b91bec8af0", "ts": 1785720803.153131, "type": "deliver"}
{"from": "967fe6e8b6c8221a582c62797d0002f17eee1c8d34def67da5ac8c9fb33b7fd4", "height": 4, "msg_type": "PRECOMMIT", "node": "4600e7073edcf35149235c417b55aed016ffc4133b445b7a44f86e142a6010ae", "ts": 1785720803.153153, "type": "deliver"}
{"from": "967fe6e8b6c8221a582c62797d0002f17eee1c8d34def67da5ac8c9fb33b7fd4", "height": 4, "msg_type": "PRECOMMIT", "node": "c8568c45b20b7a1b9e0f4a5dadd1987eb3d6007e239fc9dd224eeb47b71799cf", "ts": 1785720803.153176, "type": "deliver"}
{"from": "967fe6e8b6c8221a582c62797d0002f17eee1c8d34def67da5ac8c9fb33b7fd4", "height": 4, "msg_type": "PRECOMMIT", "node": "f08474af8ab0926587a2475f38484edb316eecc339239614a2d1eff9ccd01800", "ts": 1785720803.153194, "type": "deliver"}
{"from": "967fe6e8b6c8221a582c62797d0002f17eee1c8d34def67da5ac8c9fb33b7fd4", "height": 4, "msg_type": "PRECOMMIT", "node": "f22393e0df7ce07fe1b9a4b8647ed82c1e636f80a5b858638dba3ccf3f416959", "ts": 1785720803.153208, "type": "deliver"}
{"from": "c8568c45b20b7a1b9e0f4a5dadd1987eb3d6007e239fc9dd224eeb47b71799cf", "height": 4, "msg_type": "PRECOMMIT", "node": "0772af86d70664e325e22546e3fe7a4c6b82feefae381b62cab85b230fb21719", "ts": 1785720803.153221, "type": "deliver"}
{"from": "c8568c45b20b7a1b9e0f4a5dadd1987eb3d6007e239fc9dd224eeb47b71799cf", "height": 4, "msg_type": "PRECOMMIT", "node": "13756c2a50bf937f4229883f98ab0b11b0562401f6976befce154a83a086793f", "ts": 1785720803.153237, "type": "deliver"}
{"from": "c8568c45b20b7a1b9e0f4a5dadd1987eb3d6007e239fc9dd224eeb47b71799cf", "height": 4, "msg_type": "PRECOMMIT", "node": "3fde868ea6caf3041493f50fbcc45ebc3bad7edab4bad774a5dca2b91bec8af0", "ts": 1785720803.153258, "type": "deliver"}
{"from": "c8568c45b20b7a1b9e0f4a5dadd1987eb3d6007e239fc9dd224eeb47b71799cf", "height": 4, "msg_type": "PRECOMMIT", "node": "4600e7073edcf35149235c417b55aed016ffc4133b445b7a44f86e142a6010ae", "ts": 1785720803.153275, "type": "deliver"}
{"from": "c8568c45b20b7a1b9e0f4a5dadd1987eb3d6007e239fc9dd224eeb47b71799cf", "height": 4, "msg_type": "PRECOMMIT", "node": "967fe6e8b6c8221a582c62797d0002f17eee1c8d34def67da5ac8c9fb33b7fd4", "ts": 1785720803.153291, "type": "deliver"}
{"from": "c8568c45b20b7a1b9e0f4a5dadd1987eb3d6007e239fc9dd224eeb47b71799cf", "height": 4, "msg_type": "PRECOMMIT", "node": "f08474af8ab0926587a2475f38484edb316eecc339239614a2d1eff9ccd01800", "ts": 1785720803.153307, "type": "deliver"}
{"delay": 0.02, "height": 5, "msg_type": "PROPOSAL", "node": "c8568c45b20b7a1b9e0f4a5dadd1987eb3d6007e239fc9dd224eeb47b71799cf", "to": "0772af86d70664e325e22546e3fe7a4c6b82feefae381b62cab85b230fb21719", "ts": 1785720803.154817, "type": "send"}
{"delay": 0.02, "height": 5, "msg_type": "PROPOSAL", "node": "c8568c45b20b7a1b9e0f4a5dadd1987eb3d6007e239fc9dd224eeb47b71799cf", "to": "13756c2a50bf937f4229883f98ab0b11b0562401f6976befce154a83a086793f", "ts": 1785720803.154832, "type": "send"}
{"delay": 0.02, "height": 5, "msg_type": "PROPOSAL", "node": "c8568c45b20b7a1b9e0f4a5dadd1987eb3d6007e239fc9dd224eeb47b71799cf", "to": "3fde868ea6caf3041493f50fbcc45ebc3bad7edab4bad774a5dca2b91bec8af0", "ts": 1785720803.154842, "type": "send"}
{"delay": 0.02, "height": 5, "msg_type": "PROPOSAL", "node": "c8568c45b20b7a1b9e0f4a5dadd1987eb3d6007e239fc9dd224eeb47b71799cf", "to": "4600e7073edcf35149235c417b55aed016ffc4133b445b7a44f86e142a6010ae", "ts": 1785720803.15485, "type": "send"}
{"delay": 0.02, "height": 5, "msg_type": "PROPOSAL", "node": "c8568c45b20b7a1b9e0f4a5dadd1987eb3d6007e239fc9dd224eeb47b71799cf", "to": "967fe6e8b6c8221a582c62797d0002f17eee1c8d34def67da5ac8c9fb33b7fd4", "ts": 1785720803.15486, "type": "send"}
{"delay": 0.02, "height": 5, "msg_type": "PROPOSAL", "node": "c8568c45b20b7a1b9e0f4a5dadd1987eb3d6007e239fc9dd224eeb47b71799cf", "to": "f08474af8ab0926587a2475f38484edb316eecc339239614a2d1eff9ccd01800", "ts": 1785720803.154869, "type": "send"}
{"delay": 0.02, "height": 5, "msg_type": "PROPOSAL", "node": "c8568c45b20b7a1b9e0f4a5dadd1987eb3d6007e239fc9dd224eeb47b71799cf", "to": "f22393e0df7ce07fe1b9a4b8647ed82c1e636f80a5b858638dba3ccf3f416959", "ts": 1785720803.154878, "type": "send"}
{"delay": 0.02, "height": 5, "msg_type": "PREVOTE", "node": "c8568c45b20b7a1b9e0f4a5dadd1987eb3d6007e239fc9dd224eeb47b71799cf", "to": "0772af86d70664e325e22546e3fe7a4c6b82feefae381b62cab85b230fb21719", "ts": 1785720803.155263, "type": "send"}
{"delay": 0.02, "height": 5, "msg_type": "PREVOTE", "node": "c8568c45b20b7a1b9e0f4a5dadd1987eb3d6007e239fc9dd224eeb47b71799cf", "to": "13756c2a50bf937f4229883f98ab0b11b0562401f6976befce154a83a086793f", "ts": 1785720803.155292, "type": "send"}
{"delay": 0.02, "height": 5, "msg_type": "PREVOTE", "node": "c8568c45b20b7a1b9e0f4a5dadd1987eb3d6007e239fc9dd224eeb47b71799cf", "to": "3fde868ea6caf3041493f50fbcc45ebc3bad7edab4bad774a5dca2b91bec8af0", "ts": 1785720803.155305, "type": "send"}
{"delay": 0.02, "height": 5, "msg_type": "PREVOTE", "node": "c8568c45b20b7a1b9e0f4a5dadd1987eb3d6007e239fc9dd224eeb47b71799cf", "to": "4600e7073edcf35149235c417b55aed016ffc4133b445b7a44f86e142a6010ae", "ts": 1785720803.155319, "type": "send"}
{"delay": 0.02, "height": 5, "msg_type": "PREVOTE", "node": "c8568c45b20b7a1b9e0f4a5dadd1987eb3d6007e239fc9dd224eeb47b71799cf", "to": "967fe6e8b6c8221a582c62797d0002f17eee1c8d34def67da5ac8c9fb33b7fd4", "ts": 1785720803.155332, "type": "send"}
{"delay": 0.02, "height": 5, "msg_type": "PREVOTE", "node": "c8568c45b20b7a1b9e0f4a5dadd1987eb3d6007e239fc9dd224eeb47b71799cf", "to": "f08474af8ab0926587a2475f38484edb316eecc339239614a2d1eff9ccd01800", "ts": 1785720803.15535, "type": "send"}
{"delay": 0.02, "height": 5, "msg_type": "PREVOTE", "node": "c8568c45b20b7a1b9e0f4a5dadd1987eb3d6007e239fc9dd224eeb47b71799cf", "to": "f22393e0df7ce07fe1b9a4b8647ed82c1e636f80a5b858638dba3ccf3f416959", "ts": 1785720803.155363, "type": "send"}
{"from": "c8568c45b20b7a1b9e0f4a5dadd1987eb3d6007e239fc9dd224eeb47b71799cf", "height": 4, "msg_type": "PRECOMMIT", "node": "f22393e0df7ce07fe1b9a4b8647ed82c1e636f80a5b858638dba3ccf3f416959", "ts": 1785720803.159078, "type": "deliver"}
{"from": "f08474af8ab0926587a2475f38484edb316eecc339239614a2d1eff9ccd01800", "height": 4, "msg_type": "PRECOMMIT", "node": "0772af86d70664e325e22546e3fe7a4c6b82feefae381b62cab85b230fb21719", "ts": 1785720803.159116, "type": "deliver"}
{"from": "f08474af8ab0926587a2475f38484edb316eecc339239614a2d1eff9ccd01800", "height": 4, "msg_type": "PRECOMMIT", "node": "13756c2a50bf937f4229883f98ab0b11b0562401f6976befce154a83a086793f", "ts": 1785720803.159139, "type": "deliver"}
{"from": "f08474af8ab0926587a2475f38484edb316eecc339239614a2d1eff9ccd01800", "height": 4, "msg_type": "PRECOMMIT", "node": "3fde868ea6caf3041493f50fbcc45ebc3bad7edab4bad774a5dca2b91bec8af0", "ts": 1785720803.159163, "type": "deliver"}
{"from": "f08474af8ab0926587a2475f38484edb316eecc339239614a2d1eff9ccd01800", "height": 4, "msg_type": "PRECOMMIT", "node": "4600e7073edcf35149235c417b55aed016ffc4133b445b7a44f86e142a6010ae", "ts": 1785720803.159185, "type": "deliver"}
{"from": "f08474af8ab0926587a2475f38484edb316eecc339239614a2d1eff9ccd01800", "height": 4, "msg_type": "PRECOMMIT", "node": "967fe6e8b6c8221a582c62797d0002f17eee1c8d34def67da5ac8c9fb33b7fd4", "ts": 1785720803.159206, "type": "deliver"}
{"from": "f08474af8ab0926587a2475f38484edb316eecc339239614a2d1eff9ccd01800", "height": 4, "msg_type": "PRECOMMIT", "node": "c8568c45b20b7a1b9e0f4a5dadd1987eb3d6007e239fc9dd224eeb47b71799cf", "ts": 1785720803.159228, "type": "deliver"}
{"from": "f08474af8ab0926587a2475f38484edb316eecc339239614a2d1eff9ccd01800", "height": 4, "msg_type": "PRECOMMIT", "node": "f22393e0df7ce07fe1b9a4b8647ed82c1e636f80a5b858638dba3ccf3f416959", "ts": 1785720803.15925, "type": "deliver"}
{"from": "f22393e0df7ce07fe1b9a4b8647ed82c1e636f80a5b858638dba3ccf3f416959", "height": 4, "msg_type": "PRECOMMIT", "node": "0772af86d70664e325e22546e3fe7a4c6b82feefae381b62cab85b230fb21719", "ts": 1785720803.159269, "type": "deliver"}
{"from": "f22393e0df7ce07fe1b9a4b8647ed82c1e636f80a5b858638dba3ccf3f416959", "height": 4, "msg_type": "PRECOMMIT", "node": "13756c2a50bf937f4229883f98ab0b11b0562401f6976befce154a83a086793f", "ts": 1785720803.159286, "type": "deliver"}
{"from": "f22393e0df7ce07fe1b9a4b8647ed82c1e636f80a5b858638dba3ccf3f416959", "height": 4, "msg_type": "PRECOMMIT", "node": "3fde868ea6caf3041493f50fbcc45ebc3bad7edab4bad774a5dca2b91bec8af0", "ts": 1785720803.159304, "type": "deliver"}
{"from": "f22393e0df7ce07fe1b9a4b8647ed82c1e636f80a5b858638dba3ccf3f416959", "height": 4, "msg_type": "PRECOMMIT", "node": "4600e7073edcf35149235c417b55aed016ffc4133b445b7a44f86e142a6010ae", "ts": 1785720803.159322, "type": "deliver"}
{"from": "f22393e0df7ce07fe1b9a4b8647ed82c1e636f80a5b858638dba3ccf3f416959", "height": 4, "msg_type": "PRECOMMIT", "node": "967fe6e8b6c8221a582c62797d0002f17eee1c8d34def67da5ac8c9fb33b7fd4", "ts": 1785720803.159338, "type": "deliver"}
{"from": "f22393e0df7ce07fe1b9a4b8647ed82c1e636f80a5b858638dba3ccf3f416959", "height": 4, "msg_type": "PRECOMMIT", "node": "c8568c45b20b7a1b9e0f4a5dadd1987eb3d6007e239fc9dd224eeb47b71799cf", "ts": 1785720803.159357, "type": "deliver"}
{"from": "f22393e0df7ce07fe1b9a4b8647ed82c1e636f80a5b858638dba3ccf3f416959", "height": 4, "msg_type": "PRECOMMIT", "node": "f08474af8ab0926587a2475f38484edb316eecc339239614a2d1eff9ccd01800", "ts": 1785720803.159374, "type": "deliver"}
{"from": "0772af86d70664e325e22546e3fe7a4c6b82feefae381b62cab85b230fb21719", "height": 4, "msg_type": "PRECOMMIT", "node": "13756c2a50bf937f4229883f98ab0b11b0562401f6976befce154a83a086793f", "ts": 1785720803.159397, "type": "deliver"}
{"from": "0772af86d70664e325e22546e3fe7a4c6b82feefae381b62cab85b230fb21719", "height": 4, "msg_type": "PRECOMMIT", "node": "3fde868ea6caf3041493f50fbcc45ebc3bad7edab4bad774a5dca2b91bec8af0", "ts": 1785720803.159415, "type": "deliver"}
{"from": "0772af86d70664e325e22546e3fe7a4c6b82feefae381b62cab85b230fb21719", "height": 4, "msg_type": "PRECOMMIT", "node": "4600e7073edcf35149235c417b55aed016ffc4133b445b7a44f86e142a6010ae", "ts": 1785720803.159433, "type": "deliver"}
{"from": "0772af86d70664e325e22546e3fe7a4c6b82feefae381b62cab85b230fb21719", "height": 4, "msg_type": "PRECOMMIT", "node": "967fe6e8b6c8221a582c62797d0002f17eee1c8d34def67da5ac8c9fb33b7fd4", "ts": 1785720803.159451, "type": "deliver"}
{"from": "0772af86d70664e325e22546e3fe7a4c6b82feefae381b62cab85b230fb21719", "height": 4, "msg_type": "PRECOMMIT", "node": "c8568c45b20b7a1b9e0f4a5dadd1987eb3d6007e239fc9dd224eeb47b71799cf", "ts": 1785720803.159468, "type": "deliver"}
{"from": "0772af86d70664e325e22546e3fe7a4c6b82feefae381b62cab85b230fb21719", "height": 4, "msg_type": "PRECOMMIT", "node": "f08474af8ab0926587a2475f38484edb316eecc339239614a2d1eff9ccd01800", "ts": 1785720803.159485, "type": "deliver"}
{"from": "0772af86d70664e325e22546e3fe7a4c6b82feefae381b62cab85b230fb21719", "height": 4, "msg_type": "PRECOMMIT", "node": "f22393e0df7ce07fe1b9a4b8647ed82c1e636f80a5b858638dba3ccf3f416959", "ts": 1785720803.15951, "type": "deliver"}
{"from": "c8568c45b20b7a1b9e0f4a5dadd1987eb3d6007e239fc9dd224eeb47b71799cf", "height": 5, "msg_type": "PROPOSAL", "node": "0772af86d70664e325e22546e3fe7a4c6b82feefae381b62cab85b230fb21719", "ts": 1785720803.18142, "type": "deliver"}
{"from": "c8568c45b20b7a1b9e0f4a5dadd1987eb3d6007e239fc9dd224eeb47b71799cf", "height": 5, "msg_type": "PROPOSAL", "node": "13756c2a50bf937f4229883f98ab0b11b0562401f6976befce154a83a086793f", "ts": 1785720803.181453, "type": "deliver"}
{"from": "c8568c45b20b7a1b9e0f4a5dadd1987eb3d6007e239fc9dd224eeb47b71799cf", "height": 5, "msg_type": "PROPOSAL", "node": "3fde868ea6caf3041493f50fbcc45ebc3bad7edab4bad774a5dca2b91bec8af0", "ts": 1785720803.181475, "type": "deliver"}
{"from": "c8568c45b20b7a1b9e0f4a5dadd1987eb3d6007e239fc9dd224eeb47b71799cf", "height": 5, "msg_type": "PROPOSAL", "node": "4600e7073edcf35149235c417b55aed016ffc4133b445b7a44f86e142a6010ae", "ts": 1785720803.181922, "type": "deliver"}
{"from": "c8568c45b20b7a1b9e0f4a5dadd1987eb3d6007e239fc9dd224eeb47b71799cf", "height": 5, "msg_type": "PROPOSAL", "node": "967fe6e8b6c8221a582c62797d0002f17eee1c8d34def67da5ac8c9fb33b7fd4", "ts": 1785720803.181952, "type": "deliver"}
{"from": "c8568c45b20b7a1b9e0f4a5dadd1987eb3d6007e239fc9dd224eeb47b71799cf", "height": 5, "msg_type": "PROPOSAL", "node": "f08474af8ab0926587a2475f38484edb316eecc339239614a2d1eff9ccd01800", "ts": 1785720803.181973, "type": "deliver"}
{"from": "c8568c45b20b7a1b9e0f4a5dadd1987eb3d6007e239fc9dd224eeb47b71799cf", "height": 5, "msg_type": "PROPOSAL", "node": "f22393e0df7ce07fe1b9a4b8647ed82c1e636f80a5b858638dba3ccf3f416959", "ts": 1785720803.181998, "type": "deliver"}
{"from": "c8568c45b20b7a1b9e0f4a5dadd1987eb3d6007e239fc9dd224eeb47b71799cf", "height": 5, "msg_type": "PREVOTE", "node": "0772af86d70664e325e22546e3fe7a4c6b82feefae381b62cab85b230fb21719", "ts": 1785720803.182019, "type": "deliver"}
{"from": "c8568c45b20b7a1b9e0f4a5dadd1987eb3d6007e239fc9dd224eeb47b71799cf", "height": 5, "msg_type": "PREVOTE", "node": "13756c2a50bf937f4229883f98ab0b11b0562401f6976befce154a83a086793f", "ts": 1785720803.182035, "type": "deliver"}
{"from": "c8568c45b20b7a1b9e0f4a5dadd1987eb3d6007e239fc9dd224eeb47b71799cf", "height": 5, "msg_type": "PREVOTE", "node": "3fde868ea6caf3041493f50fbcc45ebc3bad7edab4bad774a5dca2b91bec8af0", "ts": 1785720803.182051, "type": "deliver"}
{"from": "c8568c45b20b7a1b9e0f4a5dadd1987eb3d6007e239fc9dd224eeb47b71799cf", "height": 5, "msg_type": "PREVOTE", "node": "4600e7073edcf35149235c417b55aed016ffc4133b445b7a44f86e142a6010ae", "ts": 1785720803.182066, "type": "deliver"}
{"from": "c8568c45b20b7a1b9e0f4a5dadd1987eb3d6007e239fc9dd224eeb47b71799cf", "height": 5, "msg_type": "PREVOTE", "node": "967fe6e8b6c8221a582c62797d0002f17eee1c8d34def67da5ac8c9fb33b7fd4", "ts": 1785720803.182081, "type": "deliver"}
{"from": "c8568c45b20b7a1b9e0f4a5dadd1987eb3d6007e239fc9dd224eeb47b71799cf", "height": 5, "msg_type": "PREVOTE", "node": "f08474af8ab0926587a2475f38484edb316eecc339239614a2d1eff9ccd01800", "ts": 1785720803.182097, "type": "deliver"}
{"from": "c8568c45b20b7a1b9e0f4a5dadd1987eb3d6007e239fc9dd224eeb47b71799cf", "height": 5, "msg_type": "PREVOTE", "node": "f22393e0df7ce07fe1b9a4b8647ed82c1e636f80a5b858638dba3ccf3f416959", "ts": 1785720803.182112, "type": "deliver"}
{"delay": 0.02, "height": 5, "msg_type": "PREVOTE", "node": "0772af86d70664e325e22546e3fe7a4c6b82feefae381b62cab85b230fb21719", "to": "13756c2a50bf937f4229883f98ab0b11b0562401f6976befce154a83a086793f", "ts": 1785720803.182705, "type": "send"}
{"delay": 0.02, "height": 5, "msg_type": "PREVOTE", "node": "0772af86d70664e325e22546e3fe7a4c6b82feefae381b62cab85b230fb21719", "to": "3fde868ea6caf3041493f50fbcc45ebc3bad7edab4bad774a5dca2b91bec8af0", "ts": 1785720803.182733, "type": "send"}
{"delay": 0.02, "height": 5, "msg_type": "PREVOTE", "node": "0772af86d70664e325e22546e3fe7a4c6b82feefae381b62cab85b230fb21719", "to": "4600e7073edcf35149235c417b55aed016ffc4133b445b7a44f86e142a6010ae", "ts": 1785720803.182751, "type": "send"}
{"delay": 0.02, "height": 5, "msg_type": "PREVOTE", "node": "0772af86d70664e325e22546e3fe7a4c6b82feefae381b62cab85b230fb21719", "to": "967fe6e8b6c8221a582c62797d0002f17eee1c8d34def67da5ac8c9fb33b7fd4", "ts": 1785720803.182773, "type": "send"}
{"delay": 0.02, "height": 5, "msg_type": "PREVOTE", "node": "0772af86d70664e325e22546e3fe7a4c6b82feefae381b62cab85b230fb21719", "to": "c8568c45b20b7a1b9e0f4a5dadd1987eb3d6007e239fc9dd224eeb47b71799cf", "ts": 1785720803.18279, "type": "send"}
{"delay": 0.02, "height": 5, "msg_type": "PREVOTE", "node": "0772af86d70664e325e22546e3fe7a4c6b82feefae381b62cab85b230fb21719", "to": "f08474af8ab0926587a2475f38484edb316eecc339239614a2d1eff9ccd01800", "ts": 1785720803.182806, "type": "send"}
{"delay": 0.02, "height": 5, "msg_type": "PREVOTE", "node": "0772af86d70664e325e22546e3fe7a4c6b82feefae381b62cab85b230fb21719", "to": "f22393e0df7ce07fe1b9a4b8647ed82c1e636f80a5b858638dba3ccf3f416959", "ts": 1785720803.182822, "type": "send"}
{"delay": 0.02, "height": 5, "msg_type": "PREVOTE", "node": "13756c2a50bf937f4229883f98ab0b11b0562401f6976befce154a83a086793f", "to": "0772af86d70664e325e22546e3fe7a4c6b82feefae381b62cab85b230fb21719", "ts": 1785720803.183567, "type": "send"}
{"delay": 0.02, "height": 5, "msg_type": "PREVOTE", "node": "13756c2a50bf937f4229883f98ab0b11b0562401f6976befce154a83a086793f", "to": "3fde868ea6caf3041493f50fbcc45ebc3bad7edab4bad774a5dca2b91bec8af0", "ts": 1785720803.183587, "type": "send"}
{"delay": 0.02, "height": 5, "msg_type": "PREVOTE", "node": "13756c2a50bf937f4229883f98ab0b11b0562401f6976befce154a83a086793f", "to": "4600e7073edcf35149235c417b55aed016ffc4133b445b7a44f86e142a6010ae", "ts": 1785720803.183597, "type": "send"}
{"delay": 0.02, "height": 5, "msg_type": "PREVOTE", "node": "13756c2a50bf937f4229883f98ab0b11b0562401f6976befce154a83a086793f", "to": "967fe6e8b6c8221a582c62797d0002f17eee1c8d34def67da5ac8c9fb33b7fd4", "ts": 1785720803.183605, "type": "send"}
{"delay": 0.02, "height": 5, "msg_type": "PREVOTE", "node": "13756c2a50bf937f4229883f98ab0b11b0562401f6976befce154a83a086793f", "to": "c8568c45b20b7a1b9e0f4a5dadd1987eb3d6007e239fc9dd224eeb47b71799cf", "ts": 1785720803.183614, "type": "send"}
{"delay": 0.02, "height": 5, "msg_type": "PREVOTE", "node": "13756c2a50bf937f4229883f98ab0b11b0562401f6976befce154a83a086793f", "to": "f08474af8ab0926587a2475f38484edb316eecc339239614a2d1eff9ccd01800", "ts": 1785720803.183623, "type": "send"}
{"delay": 0.02, "height": 5, "msg_type": "PREVOTE", "node": "13756c2a50bf937f4229883f98ab0b11b0562401f6976befce154a83a086793f", "to": "f22393e0df7ce07fe1b9a4b8647ed82c1e636f80a5b858638dba3ccf3f416959", "ts": 1785720803.183631, "type": "send"}
{"delay": 0.02, "height": 5, "msg_type": "PREVOTE", "node": "3fde868ea6caf3041493f50fbcc45ebc3bad7edab4bad774a5dca2b91bec8af0", "to": "0772af86d70664e325e22546e3fe7a4c6b82feefae381b62cab85b230fb21719", "ts": 1785720803.184102, "type": "send"}
{"delay": 0.02, "height": 5, "msg_type": "PREVOTE", "node": "3fde868ea6caf3041493f50fbcc45ebc3bad7edab4bad774a5dca2b91bec8af0", "to": "13756c2a50bf937f4229883f98ab0b11b0562401f6976befce154a83a086793f", "ts": 1785720803.184115, "type": "send"}
{"delay": 0.02, "height": 5, "msg_type": "PREVOTE", "node": "3fde868ea6caf3041493f50fbcc45ebc3bad7edab4bad774a5dca2b91bec8af0", "to": "4600e7073edcf35149235c417b55aed016ffc4133b445b7a44f86e142a6010ae", "ts": 1785720803.184122, "type": "send"}
{"delay": 0.02, "height": 5, "msg_type": "PREVOTE", "node": "3fde868ea6caf3041493f50fbcc45ebc3bad7edab4bad774a5dca2b91bec8af0", "to": "967fe6e8b6c8221a582c62797d0002f17eee1c8d34def67da5ac8c9fb33b7fd4", "ts": 1785720803.184129, "type": "send"}
{"delay": 0.02, "height": 5, "msg_type": "PREVOTE", "node": "3fde868ea6caf3041493f50fbcc45ebc3bad7edab4bad774a5dca2b91bec8af0", "to": "c8568c45b20b7a1b9e0f4a5dadd1987eb3d6007e239fc9dd224eeb47b71799cf", "ts": 1785720803.184135, "type": "send"}
{"delay": 0.02, "height": 5, "msg_type": "PREVOTE", "node": "3fde868ea6caf3041493f50fbcc45ebc3bad7edab4bad774a5dca2b91bec8af0", "to": "f08474af8ab0926587a2475f38484edb316eecc339239614a2d1eff9ccd01800", "ts": 1785720803.184141, "type": "send"}
{"delay": 0.02, "height": 5, "msg_type": "PREVOTE", "node": "3fde868ea6caf3041493f50fbcc45ebc3bad7edab4bad774a5dca2b91bec8af0", "to": "f22393e0df7ce07fe1b9a4b8647ed82c1e636f80a5b858638dba3ccf3f416959", "ts": 1785720803.184148, "type": "send"}
{"delay": 0.02, "height": 5, "msg_type": "PREVOTE", "node": "4600e7073edcf35149235c417b55aed016ffc4133b445b7a44f86e142a6010ae", "to": "0772af86d70664e325e22546e3fe7a4c6b82feefae381b62cab85b230fb21719", "ts": 1785720803.184567, "type": "send"}
{"delay": 0.02, "height": 5, "msg_type": "PREVOTE", "node": "4600e7073edcf35149235c417b55aed016ffc4133b445b7a44f86e142a6010ae", "to": "13756c2a50bf937f4229883f98ab0b11b0562401f6976befce154a83a086793f", "ts": 1785720803.184579, "type": "send"}
{"delay": 0.02, "height": 5, "msg_type": "PREVOTE", "node": "4600e7073edcf35149235c417b55aed016ffc4133b445b7a44f86e142a6010ae", "to": "3fde868ea6caf3041493f50fbcc45ebc3bad7edab4bad774a5dca2b91bec8af0", "ts": 1785720803.184585, "type": "send"}
{"delay": 0.02, "height": 5, "msg_type": "PREVOTE", "node": "4600e7073edcf35149235c417b55aed016ffc4133b445b7a44f86e142a6010ae", "to": "967fe6e8b6c8221a582c62797d0002f17eee1c8d34def67da5ac8c9fb33b7fd4", "ts": 1785720803.184592, "type": "send"}
{"delay": 0.02, "height": 5, "msg_type": "PREVOTE", "node": "4600e7073edcf35149235c417b55aed016ffc4133b445b7a44f86e142a6010ae", "to": "c8568c45b20b7a1b9e0f4a5dadd1987eb3d6007e239fc9dd224eeb47b71799cf", "ts": 1785720803.184598, "type": "send"}
{"delay": 0.02, "height": 5, "msg_type": "PREVOTE", "node": "4600e7073edcf35149235c417b55aed016ffc4133b445b7a44f86e142a6010ae", "to": "f08474af8ab0926587a2475f38484edb316eecc339239614a2d1eff9ccd01800", "ts": 1785720803.184604, "type": "send"}
{"delay": 0.02, "height": 5, "msg_type": "PREVOTE", "node": "4600e7073edcf35149235c417b55aed016ffc4133b445b7a44f86e142a6010ae", "to": "f22393e0df7ce07fe1b9a4b8647ed82c1e636f80a5b858638dba3ccf3f416959", "ts": 1785720803.184613, "type": "send"}
{"delay": 0.02, "height": 5, "msg_type": "PREVOTE", "node": "967fe6e8b6c8221a582c62797d0002f17eee1c8d34def67da5ac8c9fb33b7fd4", "to": "0772af86d70664e325e22546e3fe7a4c6b82feefae381b62cab85b230fb21719", "ts": 1785720803.185088, "type": "send"}
{"delay": 0.02, "height": 5, "msg_type": "PREVOTE", "node": "967fe6e8b6c8221a582c62797d0002f17eee1c8d34def67da5ac8c9fb33b7fd4", "to": "13756c2a50bf937f4229883f98ab0b11b0562401f6976befce154a83a086793f", "ts": 1785720803.185101, "type": "send"}
{"delay": 0.02, "height": 5, "msg_type": "PREVOTE", "node": "967fe6e8b6c8221a582c62797d0002f17eee1c8d34def67da5ac8c9fb33b7fd4", "to": "3fde868ea6caf3041493f50fbcc45ebc3bad7edab4bad774a5dca2b91bec8af0", "ts": 1785720803.185108, "type": "send"}
{"delay": 0.02, "height": 5, "msg_type": "PREVOTE", "node": "967fe6e8b6c8221a582c62797d0002f17eee1c8d34def67da5ac8c9fb33b7fd4", "to": "4600e7073edcf35149235c417b55aed016ffc4133b445b7a44f86e142a6010ae", "ts": 1785720803.185121, "type": "send"}
{"delay": 0.02, "height": 5, "msg_type": "PREVOTE", "node": "967fe6e8b6c8221a582c62797d0002f17eee1c8d34def67da5ac8c9fb33b7fd4", "to": "c8568c45b20b7a1b9e0f4a5dadd1987eb3d6007e239fc9dd224eeb47b71799cf", "ts": 1785720803.185131, "type": "send"}
{"delay": 0.02, "height": 5, "msg_type": "PREVOTE", "node": "967fe6e8b6c8221a582c62797d0002f17eee1c8d34def67da5ac8c9fb33b7fd4", "to": "f08474af8ab0926587a2475f38484edb316eecc339239614a2d1eff9ccd01800", "ts": 1785720803.185138, "type": "send"}
{"delay": 0.02, "height": 5, "msg_type": "PREVOTE", "node": "967fe6e8b6c8221a582c62797d0002f17eee1c8d34def67da5ac8c9fb33b7fd4", "to": "f22393e0df7ce07fe1b9a4b8647ed82c1e636f80a5b858638dba3ccf3f416959", "ts": 1785720803.185144, "type": "send"}
{"delay": 0.02, "height": 5, "msg_type": "PREVOTE", "node": "f08474af8ab0926587a2475f38484edb316eecc339239614a2d1eff9ccd01800", "to": "0772af86d70664e325e22546e3fe7a4c6b82feefae381b62cab85b230fb21719", "ts": 1785720803.18555, "type": "send"}
{"delay": 0.02, "height": 5, "msg_type": "PREVOTE", "node": "f08474af8ab0926587a2475f38484edb316eecc339239614a2d1eff9ccd01800", "to": "13756c2a50bf937f4229883f98ab0b11b0562401f6976befce154a83a086793f", "ts": 1785720803.18556, "type": "send"}
{"delay": 0.02, "height": 5, "msg_type": "PREVOTE", "node": "f08474af8ab0926587a2475f38484edb316eecc339239614a2d1eff9ccd01800", "to": "3fde868ea6caf3041493f50fbcc45ebc3bad7edab4bad774a5dca2b91bec8af0", "ts": 1785720803.185567, "type": "send"}
{"delay": 0.02, "height": 5, "msg_type": "PREVOTE", "node": "f08474af8ab0926587a2475f38484edb316eecc339239614a2d1eff9ccd01800", "to": "4600e7073edcf35149235c417b55aed016ffc4133b445b7a44f86e142a6010ae", "ts": 1785720803.185573, "type": "send"}
{"delay": 0.02, "height": 5, "msg_type": "PREVOTE", "node": "f08474af8ab0926587a2475f38484edb316eecc339239614a2d1eff9ccd01800", "to": "967fe6e8b6c8221a582c62797d0002f17eee1c8d34def67da5ac8c9fb33b7fd4", "ts": 1785720803.185579, "type": "send"}
{"delay": 0.02, "height": 5, "msg_type": "PREVOTE", "node": "f08474af8ab0926587a2475f38484edb316eecc339239614a2d1eff9ccd01800", "to": "c8568c45b20b7a1b9e0f4a5dadd1987eb3d6007e239fc9dd224eeb47b71799cf", "ts": 1785720803.185585, "type": "send"}
{"delay": 0.02, "height": 5, "msg_type": "PREVOTE", "node": "f08474af8ab0926587a2475f38484edb316eecc339239614a2d1eff9ccd01800", "to": "f22393e0df7ce07fe1b9a4b8647ed82c1e636f80a5b858638dba3ccf3f416959", "ts": 1785720803.185591, "type": "send"}
{"delay": 0.02, "height": 5, "msg_type": "PREVOTE", "node": "f22393e0df7ce07fe1b9a4b8647ed82c1e636f80a5b858638dba3ccf3f416959", "to": "0772af86d70664e325e22546e3fe7a4c6b82feefae381b62cab85b230fb21719", "ts": 1785720803.185969, "type": "send"}
{"delay": 0.02, "height": 5, "msg_type": "PREVOTE", "node": "f22393e0df7ce07fe1b9a4b8647ed82c1e636f80a5b858638dba3ccf3f416959", "to": "13756c2a50bf937f4229883f98ab0b11b0562401f6976befce154a83a086793f", "ts": 1785720803.185987, "type": "send"}
{"delay": 0.02, "height": 5, "msg_type": "PREVOTE", "node": "f22393e0df7ce07fe1b9a4b8647ed82c1e636f80a5b858638dba3ccf3f416959", "to": "3fde868ea6caf3041493f50fbcc45ebc3bad7edab4bad774a5dca2b91bec8af0", "ts": 1785720803.185995, "type": "send"}
{"delay": 0.02, "height": 5, "msg_type": "PREVOTE", "node": "f22393e0df7ce07fe1b9a4b8647ed82c1e636f80a5b858638dba3ccf3f416959", "to": "4600e7073edcf35149235c417b55aed016ffc4133b445b7a44f86e142a6010ae", "ts": 1785720803.186001, "type": "send"}
{"delay": 0.02, "height": 5, "msg_type": "PREVOTE", "node": "f22393e0df7ce07fe1b9a4b8647ed82c1e636f80a5b858638dba3ccf3f416959", "to": "967fe6e8b6c8221a582c62797d0002f17eee1c8d34def67da5ac8c9fb33b7fd4", "ts": 1785720803.186007, "type": "send"}
{"delay": 0.02, "height": 5, "msg_type": "PREVOTE", "node": "f22393e0df7ce07fe1b9a4b8647ed82c1e636f80a5b858638dba3ccf3f416959", "to": "c8568c45b20b7a1b9e0f4a5dadd1987eb3d6007e239fc9dd224eeb47b71799cf", "ts": 1785720803.186013, "type": "send"}
{"delay": 0.02, "height": 5, "msg_type": "PREVOTE", "node": "f22393e0df7ce07fe1b9a4b8647ed82c1e636f80a5b858638dba3ccf3f416959", "to": "f08474af8ab0926587a2475f38484edb316eecc339239614a2d1eff9ccd01800", "ts": 1785720803.186023, "type": "send"}
{"from": "0772af86d70664e325e22546e3fe7a4c6b82feefae381b62cab85b230fb21719", "height": 5, "msg_type": "PREVOTE", "node": "13756c2a50bf937f4229883f98ab0b11b0562401f6976befce154a83a086793f", "ts": 1785720803.212509, "type": "deliver"}
{"from": "0772af86d70664e325e22546e3fe7a4c6b82feefae381b62cab85b230fb21719", "height": 5, "msg_type": "PREVOTE", "node": "3fde868ea6caf3041493f50fbcc45ebc3bad7edab4bad774a5dca2b91bec8af0", "ts": 1785720803.212563, "type": "deliver"}
{"from": "0772af86d70664e325e22546e3fe7a4c6b82feefae381b62cab85b230fb21719", "height": 5, "msg_type": "PREVOTE", "node": "4600e7073edcf35149235c417b55aed016ffc4133b445b7a44f86e142a6010ae", "ts": 1785720803.212574, "type": "deliver"}
{"from": "0772af86d70664e325e22546e3fe7a4c6b82feefae381b62cab85b230fb21719", "height": 5, "msg_type": "PREVOTE", "node": "967fe6e8b6c8221a582c62797d0002f17eee1c8d34def67da5ac8c9fb33b7fd4", "ts": 1785720803.212583, "type": "deliver"}
{"from": "0772af86d70664e325e22546e3fe7a4c6b82feefae381b62cab85b230fb21719", "height": 5, "msg_type": "PREVOTE", "node": "c8568c45b20b7a1b9e0f4a5dadd1987eb3d6007e239fc9dd224eeb47b71799cf", "ts": 1785720803.212592, "type": "deliver"}
{"from": "0772af86d70664e325e22546e3fe7a4c6b82feefae381b62cab85b230fb21719", "height": 5, "msg_type": "PREVOTE", "node": "f08474af8ab0926587a2475f38484edb316eecc339239614a2d1eff9ccd01800", "ts": 1785720803.212602, "type": "deliver"}
{"from": "0772af86d70664e325e22546e3fe7a4c6b82feefae381b62cab85b230fb21719", "height": 5, "msg_type": "PREVOTE", "node": "f22393e0df7ce07fe1b9a4b8647ed82c1e636f80a5b858638dba3ccf3f416959", "ts": 1785720803.21261, "type": "deliver"}
{"from": "13756c2a50bf937f4229883f98ab0b11b0562401f6976befce154a83a086793f", "height": 5, "msg_type": "PREVOTE", "node": "0772af86d70664e325e22546e3fe7a4c6b82feefae381b62cab85b230fb21719", "ts": 1785720803.212619, "type": "deliver"}
{"from": "13756c2a50bf937f4229883f98ab0b11b0562401f6976befce154a83a086793f", "height": 5, "msg_type": "PREVOTE", "node": "3fde868ea6caf3041493f50fbcc45ebc3bad7edab4bad774a5dca2b91bec8af0", "ts": 1785720803.212627, "type": "deliver"}
{"from": "13756c2a50bf937f4229883f98ab0b11b0562401f6976befce154a83a086793f", "height": 5, "msg_type": "PREVOTE", "node": "4600e7073edcf35149235c417b55aed016ffc4133b445b7a44f86e142a6010ae", "ts": 1785720803.212634, "type": "deliver"}
{"from": "13756c2a50bf937f4229883f98ab0b11b0562401f6976befce154a83a086793f", "height": 5, "msg_type": "PREVOTE", "node": "967fe6e8b6c8221a582c62797d0002f17eee1c8d34def67da5ac8c9fb33b7fd4", "ts": 1785720803.21264, "type": "deliver"}
{"from": "13756c2a50bf937f4229883f98ab0b11b0562401f6976befce154a83a086793f", "height": 5, "msg_type": "PREVOTE", "node": "c8568c45b20b7a1b9e0f4a5dadd1987eb3d6007e239fc9dd224eeb47b71799cf", "ts": 1785720803.212646, "type": "deliver"}
{"from": "13756c2a50bf937f4229883f98ab0b11b0562401f6976befce154a83a086793f", "height": 5, "msg_type": "PREVOTE", "node": "f08474af8ab0926587a2475f38484edb316eecc339239614a2d1eff9ccd01800", "ts": 1785720803.212656, "type": "deliver"}
{"from": "13756c2a50bf937f4229883f98ab0b11b0562401f6976befce154a83a086793f", "height": 5, "msg_type": "PREVOTE", "node": "f22393e0df7ce07fe1b9a4b8647ed82c1e636f80a5b858638dba3ccf3f416959", "ts": 1785720803.212665, "type": "deliver"}
{"from": "3fde868ea6caf3041493f50fbcc45ebc3bad7edab4bad774a5dca2b91bec8af0", "height": 5, "msg_type": "PREVOTE", "node": "0772af86d70664e325e22546e3fe7a4c6b82feefae381b62cab85b230fb21719", "ts": 1785720803.212672, "type": "deliver"}
{"from": "3fde868ea6caf3041493f50fbcc45ebc3bad7edab4bad774a5dca2b91bec8af0", "height": 5, "msg_type": "PREVOTE", "node": "13756c2a50bf937f4229883f98ab0b11b0562401f6976befce154a83a086793f", "ts": 1785720803.212677, "type": "deliver"}
{"from": "3fde868ea6caf3041493f50fbcc45ebc3bad7edab4bad774a5dca2b91bec8af0", "height": 5, "msg_type": "PREVOTE", "node": "4600e7073edcf35149235c417b55aed016ffc4133b445b7a44f86e142a6010ae", "ts": 1785720803.212683, "type": "deliver"}
{"from": "3fde868ea6caf3041493f50fbcc45ebc3bad7edab4bad774a5dca2b91bec8af0", "height": 5, "msg_type": "PREVOTE", "node": "967fe6e8b6c8221a582c62797d0002f17eee1c8d34def67da5ac8c9fb33b7fd4", "ts": 1785720803.21269, "type": "deliver"}
{"from": "3fde868ea6caf3041493f50fbcc45ebc3bad7edab4bad774a5dca2b91bec8af0", "height": 5, "msg_type": "PREVOTE", "node": "c8568c45b20b7a1b9e0f4a5dadd1987eb3d6007e239fc9dd224eeb47b71799cf", "ts": 1785720803.212696, "type": "deliver"}
{"from": "3fde868ea6caf3041493f50fbcc45ebc3bad7edab4bad774a5dca2b91bec8af0", "height": 5, "msg_type": "PREVOTE", "node": "f08474af8ab0926587a2475f38484edb316eecc339239614a2d1eff9ccd01800", "ts": 1785720803.212702, "type": "deliver"}
{"from": "3fde868ea6caf3041493f50fbcc45ebc3bad7edab4bad774a5dca2b91bec8af0", "height": 5, "msg_type": "PREVOTE", "node": "f22393e0df7ce07fe1b9a4b8647ed82c1e636f80a5b858638dba3ccf3f416959", "ts": 1785720803.212713, "type": "deliver"}
{"from": "4600e7073edcf35149235c417b55aed016ffc4133b445b7a44f86e142a6010ae", "height": 5, "msg_type": "PREVOTE", "node": "0772af86d70664e325e22546e3fe7a4c6b82feefae381b62cab85b230fb21719", "ts": 1785720803.212719, "type": "deliver"}
{"from": "4600e7073edcf35149235c417b55aed016ffc4133b445b7a44f86e142a6010ae", "height": 5, "msg_type": "PREVOTE", "node": "13756c2a50bf937f4229883f98ab0b11b0562401f6976befce154a83a086793f", "ts": 1785720803.212726, "type": "deliver"}
{"from": "4600e7073edcf35149235c417b55aed016ffc4133b445b7a44f86e142a6010ae", "height": 5, "msg_type": "PREVOTE", "node": "3fde868ea6caf3041493f50fbcc45ebc3bad7edab4bad774a5dca2b91bec8af0", "ts": 1785720803.212733, "type": "deliver"}
{"from": "4600e7073edcf35149235c417b55aed016ffc4133b445b7a44f86e142a6010ae", "height": 5, "msg_type": "PREVOTE", "node": "967fe6e8b6c8221a582c62797d0002f17eee1c8d34def67da5ac8c9fb33b7fd4", "ts": 1785720803.212739, "type": "deliver"}
{"from": "4600e7073edcf35149235c417b55aed016ffc4133b445b7a44f86e142a6010ae", "height": 5, "msg_type": "PREVOTE", "node": "c8568c45b20b7a1b9e0f4a5dadd1987eb3d6007e239fc9dd224eeb47b71799cf", "ts": 1785720803.212744, "type": "deliver"}
{"from": "4600e7073edcf35149235c417b55aed016ffc4133b445b7a44f86e142a6010ae", "height": 5, "msg_type": "PREVOTE", "node": "f08474af8ab0926587a2475f38484edb316eecc339239614a2d1eff9ccd01800", "ts": 1785720803.21275, "type": "deliver"}
{"from": "4600e7073edcf35149235c417b55aed016ffc4133b445b7a44f86e142a6010ae", "height": 5, "msg_type": "PREVOTE", "node": "f22393e0df7ce07fe1b9a4b8647ed82c1e636f80a5b858638dba3ccf3f416959", "ts": 1785720803.212756, "type": "deliver"}
{"from": "967fe6e8b6c8221a582c62797d0002f17eee1c8d34def67da5ac8c9fb33b7fd4", "height": 5, "msg_type": "PREVOTE", "node": "0772af86d70664e325e22546e3fe7a4c6b82feefae381b62cab85b230fb21719", "ts": 1785720803.212762, "type": "deliver"}
{"from": "967fe6e8b6c8221a582c62797d0002f17eee1c8d34def67da5ac8c9fb33b7fd4", "height": 5, "msg_type": "PREVOTE", "node": "13756c2a50bf937f4229883f98ab0b11b0562401f6976befce154a83a086793f", "ts": 1785720803.212767, "type": "deliver"}
{"from": "967fe6e8b6c8221a582c62797d0002f17eee1c8d34def67da5ac8c9fb33b7fd4", "height": 5, "msg_type": "PREVOTE", "node": "3fde868ea6caf3041493f50fbcc45ebc3bad7edab4bad774a5dca2b91bec8af0", "ts": 1785720803.212773, "type": "deliver"}
{"from": "967fe6e8b6c8221a582c62797d0002f17eee1c8d34def67da5ac8c9fb33b7fd4", "height": 5, "msg_type": "PREVOTE", "node": "4600e7073edcf35149235c417b55aed016ffc4133b445b7a44f86e142a6010ae", "ts": 1785720803.212779, "type": "deliver"}
{"from": "967fe6e8b6c8221a582c62797d0002f17eee1c8d34def67da5ac8c9fb33b7fd4", "height": 5, "msg_type": "PREVOTE", "node": "c8568c45b20b7a1b9e0f4a5dadd1987eb3d6007e239fc9dd224eeb47b71799cf", "ts": 1785720803.212785, "type": "deliver"}
{"from": "967fe6e8b6c8221a582c62797d0002f17eee1c8d34def67da5ac8c9fb33b7fd4", "height": 5, "msg_type": "PREVOTE", "node": "f08474af8ab0926587a2475f38484edb316eecc339239614a2d1eff9ccd01800", "ts": 1785720803.21279, "type": "deliver"}
{"from": "967fe6e8b6c8221a582c62797d0002f17eee1c8d34def67da5ac8c9fb33b7fd4", "height": 5, "msg_type": "PREVOTE", "node": "f22393e0df7ce07fe1b9a4b8647ed82c1e636f80a5b858638dba3ccf3f416959", "ts": 1785720803.212796, "type": "deliver"}
{"from": "f08474af8ab0926587a2475f38484edb316eecc339239614a2d1eff9ccd01800", "height": 5, "msg_type": "PREVOTE", "node": "0772af86d70664e325e22546e3fe7a4c6b82feefae381b62cab85b230fb21719", "ts": 1785720803.212802, "type": "deliver"}
{"from": "f08474af8ab0926587a2475f38484edb316eecc339239614a2d1eff9ccd01800", "height": 5, "msg_type": "PREVOTE", "node": "13756c2a50bf937f4229883f98ab0b11b0562401f6976befce154a83a086793f", "ts": 1785720803.212807, "type": "deliver"}
{"from": "f08474af8ab0926587a2475f38484edb316eecc339239614a2d1eff9ccd01800", "height": 5, "msg_type": "PREVOTE", "node": "3fde868ea6caf3041493f50fbcc45ebc3bad7edab4bad774a5dca2b91bec8af0", "ts": 1785720803.212813, "type": "deliver"}
{"from": "f08474af8ab0926587a2475f38484edb316eecc339239614a2d1eff9ccd01800", "height": 5, "msg_type": "PREVOTE", "node": "4600e7073edcf35149235c417b55aed016ffc4133b445b7a44f86e142a6010ae", "ts": 1785720803.212819, "type": "deliver"}
{"from": "f08474af8ab0926587a2475f38484edb316eecc339239614a2d1eff9ccd01800", "height": 5, "msg_type": "PREVOTE", "node": "967fe6e8b6c8221a582c62797d0002f17eee1c8d34def67da5ac8c9fb33b7fd4", "ts": 1785720803.212827, "type": "deliver"}
{"from": "f08474af8ab0926587a2475f38484edb316eecc339239614a2d1eff9ccd01800", "height": 5, "msg_type": "PREVOTE", "node": "c8568c45b20b7a1b9e0f4a5dadd1987eb3d6007e239fc9dd224eeb47b71799cf", "ts": 1785720803.212833, "type": "deliver"}
{"from": "f08474af8ab0926587a2475f38484edb316eecc339239614a2d1eff9ccd01800", "height": 5, "msg_type": "PREVOTE", "node": "f22393e0df7ce07fe1b9a4b8647ed82c1e636f80a5b858638dba3ccf3f416959", "ts": 1785720803.212839, "type": "deliver"}
{"from": "f22393e0df7ce07fe1b9a4b8647ed82c1e636f80a5b858638dba3ccf3f416959", "height": 5, "msg_type": "PREVOTE", "node": "0772af86d70664e325e22546e3fe7a4c6b82feefae381b62cab85b230fb21719", "ts": 1785720803.212845, "type": "deliver"}
{"from": "f22393e0df7ce07fe1b9a4b8647ed82c1e636f80a5b858638dba3ccf3f416959", "height": 5, "msg_type": "PREVOTE", "node": "13756c2a50bf937f4229883f98ab0b11b0562401f6976befce154a83a086793f", "ts": 1785720803.212851, "type": "deliver"}
{"from": "f22393e0df7ce07fe1b9a4b8647ed82c1e636f80a5b858638dba3ccf3f416959", "height": 5, "msg_type": "PREVOTE", "node": "3fde868ea6caf3041493f50fbcc45ebc3bad7edab4bad774a5dca2b91bec8af0", "ts": 1785720803.212857, "type": "deliver"}
{"from": "f22393e0df7ce07fe1b9a4b8647ed82c1e636f80a5b858638dba3ccf3f416959", "height": 5, "msg_type": "PREVOTE", "node": "4600e7073edcf35149235c417b55aed016ffc4133b445b7a44f86e142a6010ae", "ts": 1785720803.212862, "type": "deliver"}
{"from": "f22393e0df7ce07fe1b9a4b8647ed82c1e636f80a5b858638dba3ccf3f416959", "height": 5, "msg_type": "PREVOTE", "node": "967fe6e8b6c8221a582c62797d0002f17eee1c8d34def67da5ac8c9fb33b7fd4", "ts": 1785720803.212868, "type": "deliver"}
{"from": "f22393e0df7ce07fe1b9a4b8647ed82c1e636f80a5b858638dba3ccf3f416959", "height": 5, "msg_type": "PREVOTE", "node": "c8568c45b20b7a1b9e0f4a5dadd1987eb3d6007e239fc9dd224eeb47b71799cf", "ts": 1785720803.212874, "type": "deliver"}
{"from": "f22393e0df7ce07fe1b9a4b8647ed82c1e636f80a5b858638dba3ccf3f416959", "height": 5, "msg_type": "PREVOTE", "node": "f08474af8ab0926587a2475f38484edb316eecc339239614a2d1eff9ccd01800", "ts": 1785720803.21288, "type": "deliver"}
{"delay": 0.02, "height": 5, "msg_type": "PRECOMMIT", "node": "13756c2a50bf937f4229883f98ab0b11b0562401f6976befce154a83a086793f", "to": "0772af86d70664e325e22546e3fe7a4c6b82feefae381b62cab85b230fb21719", "ts": 1785720803.213476, "type": "send"}
{"delay": 0.02, "height": 5, "msg_type": "PRECOMMIT", "node": "13756c2a50bf937f4229883f98ab0b11b0562401f6976befce154a83a086793f", "to": "3fde868ea6caf3041493f50fbcc45ebc3bad7edab4bad774a5dca2b91bec8af0", "ts": 1785720803.213494, "type": "send"}
{"delay": 0.02, "height": 5, "msg_type": "PRECOMMIT", "node": "13756c2a50bf937f4229883f98ab0b11b0562401f6976befce154a83a086793f", "to": "4600e7073edcf35149235c417b55aed016ffc4133b445b7a44f86e142a6010ae", "ts": 1785720803.213504, "type": "send"}
{"delay": 0.02, "height": 5, "msg_type": "PRECOMMIT", "node": "13756c2a50bf937f4229883f98ab0b11b0562401f6976befce154a83a086793f", "to": "967fe6e8b6c8221a582c62797d0002f17eee1c8d34def67da5ac8c9fb33b7fd4", "ts": 1785720803.213513, "type": "send"}
{"delay": 0.02, "height": 5, "msg_type": "PRECOMMIT", "node": "13756c2a50bf937f4229883f98ab0b11b0562401f6976befce154a83a086793f", "to": "c8568c45b20b7a1b9e0f4a5dadd1987eb3d6007e239fc9dd224eeb47b71799cf", "ts": 1785720803.213521, "type": "send"}
{"delay": 0.02, "height": 5, "msg_type": "PRECOMMIT", "node": "13756c2a50bf937f4229883f98ab0b11b0562401f6976befce154a83a086793f", "to": "f08474af8ab0926587a2475f38484edb316eecc339239614a2d1eff9ccd01800", "ts": 1785720803.21353, "type": "send"}
{"delay": 0.02, "height": 5, "msg_type": "PRECOMMIT", "node": "13756c2a50bf937f4229883f98ab0b11b0562401f6976befce154a83a086793f", "to": "f22393e0df7ce07fe1b9a4b8647ed82c1e636f80a5b858638dba3ccf3f416959", "ts": 1785720803.213538, "type": "send"}
{"delay": 0.02, "height": 5, "msg_type": "PRECOMMIT", "node": "3fde868ea6caf3041493f50fbcc45ebc3bad7edab4bad774a5dca2b91bec8af0", "to": "0772af86d70664e325e22546e3fe7a4c6b82feefae381b62cab85b230fb21719", "ts": 1785720803.214512, "type": "send"}
{"delay": 0.02, "height": 5, "msg_type": "PRECOMMIT", "node": "3fde868ea6caf3041493f50fbcc45ebc3bad7edab4bad774a5dca2b91bec8af0", "to": "13756c2a50bf937f4229883f98ab0b11b0562401f6976befce154a83a086793f", "ts": 1785720803.214524, "type": "send"}
{"delay": 0.02, "height": 5, "msg_type": "PRECOMMIT", "node": "3fde868ea6caf3041493f50fbcc45ebc3bad7edab4bad774a5dca2b91bec8af0", "to": "4600e7073edcf35149235c417b55aed016ffc4133b445b7a44f86e142a6010ae", "ts": 1785720803.214531, "type": "send"}
{"delay": 0.02, "height": 5, "msg_type": "PRECOMMIT", "node": "3fde868ea6caf3041493f50fbcc45ebc3bad7edab4bad774a5dca2b91bec8af0", "to": "967fe6e8b6c8221a582c62797d0002f17eee1c8d34def67da5ac8c9fb33b7fd4", "ts": 1785720803.214537, "type": "send"}
{"delay": 0.02, "height": 5, "msg_type": "PRECOMMIT", "node": "3fde868ea6caf3041493f50fbcc45ebc3bad7edab4bad774a5dca2b91bec8af0", "to": "c8568c45b20b7a1b9e0f4a5dadd1987eb3d6007e239fc9dd224eeb47b71799cf", "ts": 1785720803.214544, "type": "send"}
{"delay": 0.02, "height": 5, "msg_type": "PRECOMMIT", "node": "3fde868ea6caf3041493f50fbcc45ebc3bad7edab4bad774a5dca2b91bec8af0", "to": "f08474af8ab0926587a2475f38484edb316eecc339239614a2d1eff9ccd01800", "ts": 1785720803.21455, "type": "send"}
{"delay": 0.02, "height": 5, "msg_type": "PRECOMMIT", "node": "3fde868ea6caf3041493f50fbcc45ebc3bad7edab4bad774a5dca2b91bec8af0", "to": "f22393e0df7ce07fe1b9a4b8647ed82c1e636f80a5b858638dba3ccf3f416959", "ts": 1785720803.214556, "type": "send"}
{"delay": 0.02, "height": 5, "msg_type": "PRECOMMIT", "node": "4600e7073edcf35149235c417b55aed016ffc4133b445b7a44f86e142a6010ae", "to": "0772af86d70664e325e22546e3fe7a4c6b82feefae381b62cab85b230fb21719", "ts": 1785720803.215493, "type": "send"}
{"delay": 0.02, "height": 5, "msg_type": "PRECOMMIT", "node": "4600e7073edcf35149235c417b55aed016ffc4133b445b7a44f86e142a6010ae", "to": "13756c2a50bf937f4229883f98ab0b11b0562401f6976befce154a83a086793f", "ts": 1785720803.215505, "type": "send"}
{"delay": 0.02, "height": 5, "msg_type": "PRECOMMIT", "node": "4600e7073edcf35149235c417b55aed016ffc4133b445b7a44f86e142a6010ae", "to": "3fde868ea6caf3041493f50fbcc45ebc3bad7edab4bad774a5dca2b91bec8af0", "ts": 1785720803.215512, "type": "send"}
{"delay": 0.02, "height": 5, "msg_type": "PRECOMMIT", "node": "4600e7073edcf35149235c417b55aed016ffc4133b445b7a44f86e142a6010ae", "to": "967fe6e8b6c8221a582c62797d0002f17eee1c8d34def67da5ac8c9fb33b7fd4", "ts": 1785720803.215518, "type": "send"}
{"delay": 0.02, "height": 5, "msg_type": "PRECOMMIT", "node": "4600e7073edcf35149235c417b55aed016ffc4133b445b7a44f86e142a6010ae", "to": "c8568c45b20b7a1b9e0f4a5dadd1987eb3d6007e239fc9dd224eeb47b71799cf", "ts": 1785720803.215524, "type": "send"}
{"delay": 0.02, "height": 5, "msg_type": "PRECOMMIT", "node": "4600e7073edcf35149235c417b55aed016ffc4133b445b7a44f86e142a6010ae", "to": "f08474af8ab0926587a2475f38484edb316eecc339239614a2d1eff9ccd01800", "ts": 1785720803.21553, "type": "send"}
{"delay": 0.02, "height": 5, "msg_type": "PRECOMMIT", "node": "4600e7073edcf35149235c417b55aed016ffc4133b445b7a44f86e142a6010ae", "to": "f22393e0df7ce07fe1b9a4b8647ed82c1e636f80a5b858638dba3ccf3f416959", "ts": 1785720803.215536, "type": "send"}
{"delay": 0.02, "height": 5, "msg_type": "PRECOMMIT", "node": "967fe6e8b6c8221a582c62797d0002f17eee1c8d34def67da5ac8c9fb33b7fd4", "to": "0772af86d70664e325e22546e3fe7a4c6b82feefae381b62cab85b230fb21719", "ts": 1785720803.216636, "type": "send"}
{"delay": 0.02, "height": 5, "msg_type": "PRECOMMIT", "node": "967fe6e8b6c8221a582c62797d0002f17eee1c8d34def67da5ac8c9fb33b7fd4", "to": "13756c2a50bf937f4229883f98ab0b11b0562401f6976befce154a83a086793f", "ts": 1785720803.21665, "type": "send"}
{"delay": 0.02, "height": 5, "msg_type": "PRECOMMIT", "node": "967fe6e8b6c8221a582c62797d0002f17eee1c8d34def67da5ac8c9fb33b7fd4", "to": "3fde868ea6caf3041493f50fbcc45ebc3bad7edab4bad774a5dca2b91bec8af0", "ts": 1785720803.216657, "type": "send"}
{"delay": 0.02, "height": 5, "msg_type": "PRECOMMIT", "node": "967fe6e8b6c8221a582c62797d0002f17eee1c8d34def67da5ac8c9fb33b7fd4", "to": "4600e7073edcf35149235c417b55aed016ffc4133b445b7a44f86e142a6010ae", "ts": 1785720803.216664, "type": "send"}
{"delay": 0.02, "height": 5, "msg_type": "PRECOMMIT", "node": "967fe6e8b6c8221a582c62797d0002f17eee1c8d34def67da5ac8c9fb33b7fd4", "to": "c8568c45b20b7a1b9e0f4a5dadd1987eb3d6007e239fc9dd224eeb47b71799cf", "ts": 1785720803.21667, "type": "send"}
{"delay": 0.02, "height": 5, "msg_type": "PRECOMMIT", "node": "967fe6e8b6c8221a582c62797d0002f17eee1c8d34def67da5ac8c9fb33b7fd4", "to": "f08474af8ab0926587a2475f38484edb316eecc339239614a2d1eff9ccd01800", "ts": 1785720803.216676, "type": "send"}
{"delay": 0.02, "height": 5, "msg_type": "PRECOMMIT", "node": "967fe6e8b6c8221a582c62797d0002f17eee1c8d34def67da5ac8c9fb33b7fd4", "to": "f22393e0df7ce07fe1b9a4b8647ed82c1e636f80a5b858638dba3ccf3f416959", "ts": 1785720803.216682, "type": "send"}
{"delay": 0.02, "height": 5, "msg_type": "PRECOMMIT", "node": "c8568c45b20b7a1b9e0f4a5dadd1987eb3d6007e239fc9dd224eeb47b71799cf", "to": "0772af86d70664e325e22546e3fe7a4c6b82feefae381b62cab85b230fb21719", "ts": 1785720803.217769, "type": "send"}
{"delay": 0.02, "height": 5, "msg_type": "PRECOMMIT", "node": "c8568c45b20b7a1b9e0f4a5dadd1987eb3d6007e239fc9dd224eeb47b71799cf", "to": "13756c2a50bf937f4229883f98ab0b11b0562401f6976befce154a83a086793f", "ts": 1785720803.217783, "type": "send"}
{"delay": 0.02, "height": 5, "msg_type": "PRECOMMIT", "node": "c8568c45b20b7a1b9e0f4a5dadd1987eb3d6007e239fc9dd224eeb47b71799cf", "to": "3fde868ea6caf3041493f50fbcc45ebc3bad7edab4bad774a5dca2b91bec8af0", "ts": 1785720803.217791, "type": "send"}
{"delay": 0.02, "height": 5, "msg_type": "PRECOMMIT", "node": "c8568c45b20b7a1b9e0f4a5dadd1987eb3d6007e239fc9dd224eeb47b71799cf", "to": "4600e7073edcf35149235c417b55aed016ffc4133b445b7a44f86e142a6010ae", "ts": 1785720803.217797, "type": "send"}
{"delay": 0.02, "height": 5, "msg_type": "PRECOMMIT", "node": "c8568c45b20b7a1b9e0f4a5dadd1987eb3d6007e239fc9dd224eeb47b71799cf", "to": "967fe6e8b6c8221a582c62797d0002f17eee1c8d34def67da5ac8c9fb33b7fd4", "ts": 1785720803.217803, "type": "send"}
{"delay": 0.02, "height": 5, "msg_type": "PRECOMMIT", "node": "c8568c45b20b7a1b9e0f4a5dadd1987eb3d6007e239fc9dd224eeb47b71799cf", "to": "f08474af8ab0926587a2475f38484edb316eecc339239614a2d1eff9ccd01800", "ts": 1785720803.217809, "type": "send"}
{"delay": 0.02, "height": 5, "msg_type": "PRECOMMIT", "node": "c8568c45b20b7a1b9e0f4a5dadd1987eb3d6007e239fc9dd224eeb47b71799cf", "to": "f22393e0df7ce07fe1b9a4b8647ed82c1e636f80a5b858638dba3ccf3f416959", "ts": 1785720803.217815, "type": "send"}
{"delay": 0.02, "height": 5, "msg_type": "PRECOMMIT", "node": "f08474af8ab0926587a2475f38484edb316eecc339239614a2d1eff9ccd01800", "to": "0772af86d70664e325e22546e3fe7a4c6b82feefae381b62cab85b230fb21719", "ts": 1785720803.218751, "type": "send"}
{"delay": 0.02, "height": 5, "msg_type": "PRECOMMIT", "node": "f08474af8ab0926587a2475f38484edb316eecc339239614a2d1eff9ccd01800", "to": "13756c2a50bf937f4229883f98ab0b11b0562401f6976befce154a83a086793f", "ts": 1785720803.218762, "type": "send"}
{"delay": 0.02, "height": 5, "msg_type": "PRECOMMIT", "node": "f08474af8ab0926587a2475f38484edb316eecc339239614a2d1eff9ccd01800", "to": "3fde868ea6caf3041493f50fbcc45ebc3bad7edab4bad774a5dca2b91bec8af0", "ts": 1785720803.218769, "type": "send"}
{"delay": 0.02, "height": 5, "msg_type": "PRECOMMIT", "node": "f08474af8ab0926587a2475f38484edb316eecc339239614a2d1eff9ccd01800", "to": "4600e7073edcf35149235c417b55aed016ffc4133b445b7a44f86e142a6010ae", "ts": 1785720803.218776, "type": "send"}
{"delay": 0.02, "height": 5, "msg_type": "PRECOMMIT", "node": "f08474af8ab0926587a2475f38484edb316eecc339239614a2d1eff9ccd01800", "to": "967fe6e8b6c8221a582c62797d0002f17eee1c8d34def67da5ac8c9fb33b7fd4", "ts": 1785720803.218782, "type": "send"}
{"delay": 0.02, "height": 5, "msg_type": "PRECOMMIT", "node": "f08474af8ab0926587a2475f38484edb316eecc339239614a2d1eff9ccd01800", "to": "c8568c45b20b7a1b9e0f4a5dadd1987eb3d6007e239fc9dd224eeb47b71799cf", "ts": 1785720803.218788, "type": "send"}
{"delay": 0.02, "height": 5, "msg_type": "PRECOMMIT", "node": "f08474af8ab0926587a2475f38484edb316eecc339239614a2d1eff9ccd01800", "to": "f22393e0df7ce07fe1b9a4b8647ed82c1e636f80a5b858638dba3ccf3f416959", "ts": 1785720803.218795, "type": "send"}
{"delay": 0.02, "height": 5, "msg_type": "PRECOMMIT", "node": "f22393e0df7ce07fe1b9a4b8647ed82c1e636f80a5b858638dba3ccf3f416959", "to": "0772af86d70664e325e22546e3fe7a4c6b82feefae381b62cab85b230fb21719", "ts": 1785720803.219723, "type": "send"}
{"delay": 0.02, "height": 5, "msg_type": "PRECOMMIT", "node": "f22393e0df7ce07fe1b9a4b8647ed82c1e636f80a5b858638dba3ccf3f416959", "to": "13756c2a50bf937f4229883f98ab0b11b0562401f6976befce154a83a086793f", "ts": 1785720803.219733, "type": "send"}
{"delay": 0.02, "height": 5, "msg_type": "PRECOMMIT", "node": "f22393e0df7ce07fe1b9a4b8647ed82c1e636f80a5b858638dba3ccf3f416959", "to": "3fde868ea6caf3041493f50fbcc45ebc3bad7edab4bad774a5dca2b91bec8af0", "ts": 1785720803.21974, "type": "send"}
{"delay": 0.02, "height": 5, "msg_type": "PRECOMMIT", "node": "f22393e0df7ce07fe1b9a4b8647ed82c1e636f80a5b858638dba3ccf3f416959", "to": "4600e7073edcf35149235c417b55aed016ffc4133b445b7a44f86e142a6010ae", "ts": 1785720803.219746, "type": "send"}
{"delay": 0.02, "height": 5, "msg_type": "PRECOMMIT", "node": "f22393e0df7ce07fe1b9a4b8647ed82c1e636f80a5b858638dba3ccf3f416959", "to": "967fe6e8b6c8221a582c62797d0002f17eee1c8d34def67da5ac8c9fb33b7fd4", "ts": 1785720803.219752, "type": "send"}
{"delay": 0.02, "height": 5, "msg_type": "PRECOMMIT", "node": "f22393e0df7ce07fe1b9a4b8647ed82c1e636f80a5b858638dba3ccf3f416959", "to": "c8568c45b20b7a1b9e0f4a5dadd1987eb3d6007e239fc9dd224eeb47b71799cf", "ts": 1785720803.219758, "type": "send"}
{"delay": 0.02, "height": 5, "msg_type": "PRECOMMIT", "node": "f22393e0df7ce07fe1b9a4b8647ed82c1e636f80a5b858638dba3ccf3f416959", "to": "f08474af8ab0926587a2475f38484edb316eecc339239614a2d1eff9ccd01800", "ts": 1785720803.219764, "type": "send"}
{"delay": 0.02, "height": 5, "msg_type": "PRECOMMIT", "node": "0772af86d70664e325e22546e3fe7a4c6b82feefae381b62cab85b230fb21719", "to": "13756c2a50bf937f4229883f98ab0b11b0562401f6976befce154a83a086793f", "ts": 1785720803.220689, "type": "send"}
{"delay": 0.02, "height": 5, "msg_type": "PRECOMMIT", "node": "0772af86d70664e325e22546e3fe7a4c6b82feefae381b62cab85b230fb21719", "to": "3fde868ea6caf3041493f50fbcc45ebc3bad7edab4bad774a5dca2b91bec8af0", "ts": 1785720803.220699, "type": "send"}
{"delay": 0.02, "height": 5, "msg_type": "PRECOMMIT", "node": "0772af86d70664e325e22546e3fe7a4c6b82feefae381b62cab85b230fb21719", "to": "4600e7073edcf35149235c417b55aed016ffc4133b445b7a44f86e142a6010ae", "ts": 1785720803.220706, "type": "send"}
{"delay": 0.02, "height": 5, "msg_type": "PRECOMMIT", "node": "0772af86d70664e325e22546e3fe7a4c6b82feefae381b62cab85b230fb21719", "to": "967fe6e8b6c8221a582c62797d0002f17eee1c8d34def67da5ac8c9fb33b7fd4", "ts": 1785720803.220712, "type": "send"}
{"delay": 0.02, "height": 5, "msg_type": "PRECOMMIT", "node": "0772af86d70664e325e22546e3fe7a4c6b82feefae381b62cab85b230fb21719", "to": "c8568c45b20b7a1b9e0f4a5dadd1987eb3d6007e239fc9dd224eeb47b71799cf", "ts": 1785720803.220719, "type": "send"}
{"delay": 0.02, "height": 5, "msg_type": "PRECOMMIT", "node": "0772af86d70664e325e22546e3fe7a4c6b82feefae381b62cab85b230fb21719", "to": "f08474af8ab0926587a2475f38484edb316eecc339239614a2d1eff9ccd01800", "ts": 1785720803.220725, "type": "send"}
{"delay": 0.02, "height": 5, "msg_type": "PRECOMMIT", "node": "0772af86d70664e325e22546e3fe7a4c6b82feefae381b62cab85b230fb21719", "to": "f22393e0df7ce07fe1b9a4b8647ed82c1e636f80a5b858638dba3ccf3f416959", "ts": 1785720803.22073, "type": "send"}
{"from": "13756c2a50bf937f4229883f98ab0b11b0562401f6976befce154a83a086793f", "height": 5, "msg_type": "PRECOMMIT", "node": "0772af86d70664e325e22546e3fe7a4c6b82feefae381b62cab85b230fb21719", "ts": 1785720803.243407, "type": "deliver"}
{"from": "13756c2a50bf937f4229883f98ab0b11b0562401f6976befce154a83a086793f", "height": 5, "msg_type": "PRECOMMIT", "node": "3fde868ea6caf3041493f50fbcc45ebc3bad7edab4bad774a5dca2b91bec8af0", "ts": 1785720803.243432, "type": "deliver"}
{"from": "13756c2a50bf937f4229883f98ab0b11b0562401f6976befce154a83a086793f", "height": 5, "msg_type": "PRECOMMIT", "node": "4600e7073edcf35149235c417b55aed016ffc4133b445b7a44f86e142a6010ae", "ts": 1785720803.243443, "type": "deliver"}
{"from": "13756c2a50bf937f4229883f98ab0b11b0562401f6976befce154a83a086793f", "height": 5, "msg_type": "PRECOMMIT", "node": "967fe6e8b6c8221a582c62797d0002f17eee1c8d34def67da5ac8c9fb33b7fd4", "ts": 1785720803.243451, "type": "deliver"}
{"from": "13756c2a50bf937f4229883f98ab0b11b0562401f6976befce154a83a086793f", "height": 5, "msg_type": "PRECOMMIT", "node": "c8568c45b20b7a1b9e0f4a5dadd1987eb3d6007e239fc9dd224eeb47b71799cf", "ts": 1785720803.24346, "type": "deliver"}
{"from": "13756c2a50bf937f4229883f98ab0b11b0562401f6976befce154a83a086793f", "height": 5, "msg_type": "PRECOMMIT", "node": "f08474af8ab0926587a2475f38484edb316eecc339239614a2d1eff9ccd01800", "ts": 1785720803.243469, "type": "deliver"}
{"from": "13756c2a50bf937f4229883f98ab0b11b0562401f6976befce154a83a086793f", "height": 5, "msg_type": "PRECOMMIT", "node": "f22393e0df7ce07fe1b9a4b8647ed82c1e636f80a5b858638dba3ccf3f416959", "ts": 1785720803.243478, "type": "deliver"}
{"from": "3fde868ea6caf3041493f50fbcc45ebc3bad7edab4bad774a5dca2b91bec8af0", "height": 5, "msg_type": "PRECOMMIT", "node": "0772af86d70664e325e22546e3fe7a4c6b82feefae381b62cab85b230fb21719", "ts": 1785720803.243486, "type": "deliver"}
{"from": "3fde868ea6caf3041493f50fbcc45ebc3bad7edab4bad774a5dca2b91bec8af0", "height": 5, "msg_type": "PRECOMMIT", "node": "13756c2a50bf937f4229883f98ab0b11b0562401f6976befce154a83a086793f", "ts": 1785720803.243493, "type": "deliver"}
{"from": "3fde868ea6caf3041493f50fbcc45ebc3bad7edab4bad774a5dca2b91bec8af0", "height": 5, "msg_type": "PRECOMMIT", "node": "4600e7073edcf35149235c417b55aed016ffc4133b445b7a44f86e142a6010ae", "ts": 1785720803.243501, "type": "deliver"}
{"from": "3fde868ea6caf3041493f50fbcc45ebc3bad7edab4bad774a5dca2b91bec8af0", "height": 5, "msg_type": "PRECOMMIT", "node": "967fe6e8b6c8221a582c62797d0002f17eee1c8d34def67da5ac8c9fb33b7fd4", "ts": 1785720803.243507, "type": "deliver"}
{"from": "3fde868ea6caf3041493f50fbcc45ebc3bad7edab4bad774a5dca2b91bec8af0", "height": 5, "msg_type": "PRECOMMIT", "node": "c8568c45b20b7a1b9e0f4a5dadd1987eb3d6007e239fc9dd224eeb47b71799cf", "ts": 1785720803.243513, "type": "deliver"}
{"from": "3fde868ea6caf3041493f50fbcc45ebc3bad7edab4bad774a5dca2b91bec8af0", "height": 5, "msg_type": "PRECOMMIT", "node": "f08474af8ab0926587a2475f38484edb316eecc339239614a2d1eff9ccd01800", "ts": 1785720803.243519, "type": "deliver"}
{"from": "3fde868ea6caf3041493f50fbcc45ebc3bad7edab4bad774a5dca2b91bec8af0", "height": 5, "msg_type": "PRECOMMIT", "node": "f22393e0df7ce07fe1b9a4b8647ed82c1e636f80a5b858638dba3ccf3f416959", "ts": 1785720803.243525, "type": "deliver"}
{"from": "4600e7073edcf35149235c417b55aed016ffc4133b445b7a44f86e142a6010ae", "height": 5, "msg_type": "PRECOMMIT", "node": "0772af86d70664e325e22546e3fe7a4c6b82feefae381b62cab85b230fb21719", "ts": 1785720803.243531, "type": "deliver"}
{"from": "4600e7073edcf35149235c417b55aed016ffc4133b445b7a44f86e142a6010ae", "height": 5, "msg_type": "PRECOMMIT", "node": "13756c2a50bf937f4229883f98ab0b11b0562401f6976befce154a83a086793f", "ts": 1785720803.243538, "type": "deliver"}
{"from": "4600e7073edcf35149235c417b55aed016ffc4133b445b7a44f86e142a6010ae", "height": 5, "msg_type": "PRECOMMIT", "node": "3fde868ea6caf3041493f50fbcc45ebc3bad7edab4bad774a5dca2b91bec8af0", "ts": 1785720803.243544, "type": "deliver"}
{"from": "4600e7073edcf35149235c417b55aed016ffc4133b445b7a44f86e142a6010ae", "height": 5, "msg_type": "PRECOMMIT", "node": "967fe6e8b6c8221a582c62797d0002f17eee1c8d34def67da5ac8c9fb33b7fd4", "ts": 1785720803.243549, "type": "deliver"}
{"from": "4600e7073edcf35149235c417b55aed016ffc4133b445b7a44f86e142a6010ae", "height": 5, "msg_type": "PRECOMMIT", "node": "c8568c45b20b7a1b9e0f4a5dadd1987eb3d6007e239fc9dd224eeb47b71799cf", "ts": 1785720803.243556, "type": "deliver"}
{"from": "4600e7073edcf35149235c417b55aed016ffc4133b445b7a44f86e142a6010ae", "height": 5, "msg_type": "PRECOMMIT", "node": "f08474af8ab0926587a2475f38484edb316eecc339239614a2d1eff9ccd01800", "ts": 1785720803.243562, "type": "deliver"}
{"from": "4600e7073edcf35149235c417b55aed016ffc4133b445b7a44f86e142a6010ae", "height": 5, "msg_type": "PRECOMMIT", "node": "f22393e0df7ce07fe1b9a4b8647ed82c1e636f80a5b858638dba3ccf3f416959", "ts": 1785720803.243568, "type": "deliver"}
{"from": "967fe6e8b6c8221a582c62797d0002f17eee1c8d34def67da5ac8c9fb33b7fd4", "height": 5, "msg_type": "PRECOMMIT", "node": "0772af86d70664e325e22546e3fe7a4c6b82feefae381b62cab85b230fb21719", "ts": 1785720803.243574, "type": "deliver"}
{"from": "967fe6e8b6c8221a582c62797d0002f17eee1c8d34def67da5ac8c9fb33b7fd4", "height": 5, "msg_type": "PRECOMMIT", "node": "13756c2a50bf937f4229883f98ab0b11b0562401f6976befce154a83a086793f", "ts": 1785720803.243579, "type": "deliver"}
{"from": "967fe6e8b6c8221a582c62797d0002f17eee1c8d34def67da5ac8c9fb33b7fd4", "height": 5, "msg_type": "PRECOMMIT", "node": "3fde868ea6caf3041493f50fbcc45ebc3bad7edab4bad774a5dca2b91bec8af0", "ts": 1785720803.243591, "type": "deliver"}
{"from": "967fe6e8b6c8221a582c62797d0002f17eee1c8d34def67da5ac8c9fb33b7fd4", "height": 5, "msg_type": "PRECOMMIT", "node": "4600e7073edcf35149235c417b55aed016ffc4133b445b7a44f86e142a6010ae", "ts": 1785720803.243598, "type": "deliver"}
{"from": "967fe6e8b6c8221a582c62797d0002f17eee1c8d34def67da5ac8c9fb33b7fd4", "height": 5, "msg_type": "PRECOMMIT", "node": "c8568c45b20b7a1b9e0f4a5dadd1987eb3d6007e239fc9dd224eeb47b71799cf", "ts": 1785720803.243604, "type": "deliver"}
{"from": "967fe6e8b6c8221a582c62797d0002f17eee1c8d34def67da5ac8c9fb33b7fd4", "height": 5, "msg_type": "PRECOMMIT", "node": "f08474af8ab0926587a2475f38484edb316eecc339239614a2d1eff9ccd01800", "ts": 1785720803.24361, "type": "deliver"}
{"from": "967fe6e8b6c8221a582c62797d0002f17eee1c8d34def67da5ac8c9fb33b7fd4", "height": 5, "msg_type": "PRECOMMIT", "node": "f22393e0df7ce07fe1b9a4b8647ed82c1e636f80a5b858638dba3ccf3f416959", "ts": 1785720803.243615, "type": "deliver"}
{"from": "c8568c45b20b7a1b9e0f4a5dadd1987eb3d6007e239fc9dd224eeb47b71799cf", "height": 5, "msg_type": "PRECOMMIT", "node": "0772af86d70664e325e22546e3fe7a4c6b82feefae381b62cab85b230fb21719", "ts": 1785720803.243622, "type": "deliver"}
{"from": "c8568c45b20b7a1b9e0f4a5dadd1987eb3d6007e239fc9dd224eeb47b71799cf", "height": 5, "msg_type": "PRECOMMIT", "node": "13756c2a50bf937f4229883f98ab0b11b0562401f6976befce154a83a086793f", "ts": 1785720803.243628, "type": "deliver"}
{"from": "c8568c45b20b7a1b9e0f4a5dadd1987eb3d6007e239fc9dd224eeb47b71799cf", "height": 5, "msg_type": "PRECOMMIT", "node": "3fde868ea6caf3041493f50fbcc45ebc3bad7edab4bad774a5dca2b91bec8af0", "ts": 1785720803.243634, "type": "deliver"}
{"from": "c8568c45b20b7a1b9e0f4a5dadd1987eb3d6007e239fc9dd224eeb47b71799cf", "height": 5, "msg_type": "PRECOMMIT", "node": "4600e7073edcf35149235c417b55aed016ffc4133b445b7a44f86e142a6010ae", "ts": 1785720803.243639, "type": "deliver"}
{"from": "c8568c45b20b7a1b9e0f4a5dadd1987eb3d6007e239fc9dd224eeb47b71799cf", "height": 5, "msg_type": "PRECOMMIT", "node": "967fe6e8b6c8221a582c62797d0002f17eee1c8d34def67da5ac8c9fb33b7fd4", "ts": 1785720803.243645, "type": "deliver"}
{"from": "c8568c45b20b7a1b9e0f4a5dadd1987eb3d6007e239fc9dd224eeb47b71799cf", "height": 5, "msg_type": "PRECOMMIT", "node": "f08474af8ab0926587a2475f38484edb316eecc339239614a2d1eff9ccd01800", "ts": 1785720803.243653, "type": "deliver"}
{"from": "c8568c45b20b7a1b9e0f4a5dadd1987eb3d6007e239fc9dd224eeb47b71799cf", "height": 5, "msg_type": "PRECOMMIT", "node": "f22393e0df7ce07fe1b9a4b8647ed82c1e636f80a5b858638dba3ccf3f416959", "ts": 1785720803.243659, "type": "deliver"}
{"from": "f08474af8ab0926587a2475f38484edb316eecc339239614a2d1eff9ccd01800", "height": 5, "msg_type": "PRECOMMIT", "node": "0772af86d70664e325e22546e3fe7a4c6b82feefae381b62cab85b230fb21719", "ts": 1785720803.243665, "type": "deliver"}
{"from": "f08474af8ab0926587a2475f38484edb316eecc339239614a2d1eff9ccd01800", "height": 5, "msg_type": "PRECOMMIT", "node": "13756c2a50bf937f4229883f98ab0b11b0562401f6976befce154a83a086793f", "ts": 1785720803.243671, "type": "deliver"}
{"from": "f08474af8ab0926587a2475f38484edb316eecc339239614a2d1eff9ccd01800", "height": 5, "msg_type": "PRECOMMIT", "node": "3fde868ea6caf3041493f50fbcc45ebc3bad7edab4bad774a5dca2b91bec8af0", "ts": 1785720803.243677, "type": "deliver"}
{"from": "f08474af8ab0926587a2475f38484edb316eecc339239614a2d1eff9ccd01800", "height": 5, "msg_type": "PRECOMMIT", "node": "4600e7073edcf35149235c417b55aed016ffc4133b445b7a44f86e142a6010ae", "ts": 1785720803.243683, "type": "deliver"}
{"from": "f08474af8ab0926587a2475f38484edb316eecc339239614a2d1eff9ccd01800", "height": 5, "msg_type": "PRECOMMIT", "node": "967fe6e8b6c8221a582c62797d0002f17eee1c8d34def67da5ac8c9fb33b7fd4", "ts": 1785720803.243697, "type": "deliver"}
{"from": "f08474af8ab0926587a2475f38484edb316eecc339239614a2d1eff9ccd01800", "height": 5, "msg_type": "PRECOMMIT", "node": "c8568c45b20b7a1b9e0f4a5dadd1987eb3d6007e239fc9dd224eeb47b71799cf", "ts": 1785720803.243714, "type": "deliver"}
{"from": "f08474af8ab0926587a2475f38484edb316eecc339239614a2d1eff9ccd01800", "height": 5, "msg_type": "PRECOMMIT", "node": "f22393e0df7ce07fe1b9a4b8647ed82c1e636f80a5b858638dba3ccf3f416959", "ts": 1785720803.243728, "type": "deliver"}
{"from": "f22393e0df7ce07fe1b9a4b8647ed82c1e636f80a5b858638dba3ccf3f416959", "height": 5, "msg_type": "PRECOMMIT", "node": "0772af86d70664e325e22546e3fe7a4c6b82feefae381b62cab85b230fb21719", "ts": 1785720803.243745, "type": "deliver"}
{"from": "f22393e0df7ce07fe1b9a4b8647ed82c1e636f80a5b858638dba3ccf3f416959", "height": 5, "msg_type": "PRECOMMIT", "node": "13756c2a50bf937f4229883f98ab0b11b0562401f6976befce154a83a086793f", "ts": 1785720803.243756, "type": "deliver"}
{"from": "f22393e0df7ce07fe1b9a4b8647ed82c1e636f80a5b858638dba3ccf3f416959", "height": 5, "msg_type": "PRECOMMIT", "node": "3fde868ea6caf3041493f50fbcc45ebc3bad7edab4bad774a5dca2b91bec8af0", "ts": 1785720803.243768, "type": "deliver"}
{"from": "f22393e0df7ce07fe1b9a4b8647ed82c1e636f80a5b858638dba3ccf3f416959", "height": 5, "msg_type": "PRECOMMIT", "node": "4600e7073edcf35149235c417b55aed016ffc4133b445b7a44f86e142a6010ae", "ts": 1785720803.24378, "type": "deliver"}
{"from": "f22393e0df7ce07fe1b9a4b8647ed82c1e636f80a5b858638dba3ccf3f416959", "height": 5, "msg_type": "PRECOMMIT", "node": "967fe6e8b6c8221a582c62797d0002f17eee1c8d34def67da5ac8c9fb33b7fd4", "ts": 1785720803.243792, "type": "deliver"}
{"from": "f22393e0df7ce07fe1b9a4b8647ed82c1e636f80a5b858638dba3ccf3f416959", "height": 5, "msg_type": "PRECOMMIT", "node": "c8568c45b20b7a1b9e0f4a5dadd1987eb3d6007e239fc9dd224eeb47b71799cf", "ts": 1785720803.243804, "type": "deliver"}
{"from": "f22393e0df7ce07fe1b9a4b8647ed82c1e636f80a5b858638dba3ccf3f416959", "height": 5, "msg_type": "PRECOMMIT", "node": "f08474af8ab0926587a2475f38484edb316eecc339239614a2d1eff9ccd01800", "ts": 1785720803.24382, "type": "deliver"}
{"from": "0772af86d70664e325e22546e3fe7a4c6b82feefae381b62cab85b230fb21719", "height": 5, "msg_type": "PRECOMMIT", "node": "13756c2a50bf937f4229883f98ab0b11b0562401f6976befce154a83a086793f", "ts": 1785720803.243833, "type": "deliver"}
{"from": "0772af86d70664e325e22546e3fe7a4c6b82feefae381b62cab85b230fb21719", "height": 5, "msg_type": "PRECOMMIT", "node": "3fde868ea6caf3041493f50fbcc45ebc3bad7edab4bad774a5dca2b91bec8af0", "ts": 1785720803.243846, "type": "deliver"}
{"from": "0772af86d70664e325e22546e3fe7a4c6b82feefae381b62cab85b230fb21719", "height": 5, "msg_type": "PRECOMMIT", "node": "4600e7073edcf35149235c417b55aed016ffc4133b445b7a44f86e142a6010ae", "ts": 1785720803.243859, "type": "deliver"}
{"from": "0772af86d70664e325e22546e3fe7a4c6b82feefae381b62cab85b230fb21719", "height": 5, "msg_type": "PRECOMMIT", "node": "967fe6e8b6c8221a582c62797d0002f17eee1c8d34def67da5ac8c9fb33b7fd4", "ts": 1785720803.243873, "type": "deliver"}
{"from": "0772af86d70664e325e22546e3fe7a4c6b82feefae381b62cab85b230fb21719", "height": 5, "msg_type": "PRECOMMIT", "node": "c8568c45b20b7a1b9e0f4a5dadd1987eb3d6007e239fc9dd224eeb47b71799cf", "ts": 1785720803.243886, "type": "deliver"}
{"from": "0772af86d70664e325e22546e3fe7a4c6b82feefae381b62cab85b230fb21719", "height": 5, "msg_type": "PRECOMMIT", "node": "f08474af8ab0926587a2475f38484edb316eecc339239614a2d1eff9ccd01800", "ts": 1785720803.243898, "type": "deliver"}
{"from": "0772af86d70664e325e22546e3fe7a4c6b82feefae381b62cab85b230fb21719", "height": 5, "msg_type": "PRECOMMIT", "node": "f22393e0df7ce07fe1b9a4b8647ed82c1e636f80a5b858638dba3ccf3f416959", "ts": 1785720803.24391, "type": "deliver"}
{"delay": 0.02, "height": 6, "msg_type": "PROPOSAL", "node": "f08474af8ab0926587a2475f38484edb316eecc339239614a2d1eff9ccd01800", "to": "0772af86d70664e325e22546e3fe7a4c6b82feefae381b62cab85b230fb21719", "ts": 1785720803.250354, "type": "send"}
{"delay": 0.02, "height": 6, "msg_type": "PROPOSAL", "node": "f08474af8ab0926587a2475f38484edb316eecc339239614a2d1eff9ccd01800", "to": "13756c2a50bf937f4229883f98ab0b11b0562401f6976befce154a83a086793f", "ts": 1785720803.250371, "type": "send"}
{"delay": 0.02, "height": 6, "msg_type": "PROPOSAL", "node": "f08474af8ab0926587a2475f38484edb316eecc339239614a2d1eff9ccd01800", "to": "3fde868ea6caf3041493f50fbcc45ebc3bad7edab4bad774a5dca2b91bec8af0", "ts": 1785720803.25038, "type": "send"}
{"delay": 0.02, "height": 6, "msg_type": "PROPOSAL", "node": "f08474af8ab0926587a2475f38484edb316eecc339239614a2d1eff9ccd01800", "to": "4600e7073edcf35149235c417b55aed016ffc4133b445b7a44f86e142a6010ae", "ts": 1785720803.250387, "type": "send"}
{"delay": 0.02, "height": 6, "msg_type": "PROPOSAL", "node": "f08474af8ab0926587a2475f38484edb316eecc339239614a2d1eff9ccd01800", "to": "967fe6e8b6c8221a582c62797d0002f17eee1c8d34def67da5ac8c9fb33b7fd4", "ts": 1785720803.250394, "type": "send"}
{"delay": 0.02, "height": 6, "msg_type": "PROPOSAL", "node": "f08474af8ab0926587a2475f38484edb316eecc339239614a2d1eff9ccd01800", "to": "c8568c45b20b7a1b9e0f4a5dadd1987eb3d6007e239fc9dd224eeb47b71799cf", "ts": 1785720803.250401, "type": "send"}
{"delay": 0.02, "height": 6, "msg_type": "PROPOSAL", "node": "f08474af8ab0926587a2475f38484edb316eecc339239614a2d1eff9ccd01800", "to": "f22393e0df7ce07fe1b9a4b8647ed82c1e636f80a5b858638dba3ccf3f416959", "ts": 1785720803.250408, "type": "send"}
{"delay": 0.02, "height": 6, "msg_type": "PREVOTE", "node": "f08474af8ab0926587a2475f38484edb316eecc339239614a2d1eff9ccd01800", "to": "0772af86d70664e325e22546e3fe7a4c6b82feefae381b62cab85b230fb21719", "ts": 1785720803.250946, "type": "send"}
{"delay": 0.02, "height": 6, "msg_type": "PREVOTE", "node": "f08474af8ab0926587a2475f38484edb316eecc339239614a2d1eff9ccd01800", "to": "13756c2a50bf937f4229883f98ab0b11b0562401f6976befce154a83a086793f", "ts": 1785720803.250975, "type": "send"}
{"delay": 0.02, "height": 6, "msg_type": "PREVOTE", "node": "f08474af8ab0926587a2475f38484edb316eecc339239614a2d1eff9ccd01800", "to": "3fde868ea6caf3041493f50fbcc45ebc3bad7edab4bad774a5dca2b91bec8af0", "ts": 1785720803.250995, "type": "send"}
{"delay": 0.02, "height": 6, "msg_type": "PREVOTE", "node": "f08474af8ab0926587a2475f38484edb316eecc339239614a2d1eff9ccd01800", "to": "4600e7073edcf35149235c417b55aed016ffc4133b445b7a44f86e142a6010ae", "ts": 1785720803.251009, "type": "send"}
{"delay": 0.02, "height": 6, "msg_type": "PREVOTE", "node": "f08474af8ab0926587a2475f38484edb316eecc339239614a2d1eff9ccd01800", "to": "967fe6e8b6c8221a582c62797d0002f17eee1c8d34def67da5ac8c9fb33b7fd4", "ts": 1785720803.251022, "type": "send"}
{"delay": 0.02, "height": 6, "msg_type": "PREVOTE", "node": "f08474af8ab0926587a2475f38484edb316eecc339239614a2d1eff9ccd01800", "to": "c8568c45b20b7a1b9e0f4a5dadd1987eb3d6007e239fc9dd224eeb47b71799cf", "ts": 1785720803.251036, "type": "send"}
{"delay": 0.02, "height": 6, "msg_type": "PREVOTE", "node": "f08474af8ab0926587a2475f38484edb316eecc339239614a2d1eff9ccd01800", "to": "f22393e0df7ce07fe1b9a4b8647ed82c1e636f80a5b858638dba3ccf3f416959", "ts": 1785720803.25105, "type": "send"}
{"from": "f08474af8ab0926587a2475f38484edb316eecc339239614a2d1eff9ccd01800", "height": 6, "msg_type": "PROPOSAL", "node": "0772af86d70664e325e22546e3fe7a4c6b82feefae381b62cab85b230fb21719", "ts": 1785720803.275866, "type": "deliver"}
{"from": "f08474af8ab0926587a2475f38484edb316eecc339239614a2d1eff9ccd01800", "height": 6, "msg_type": "PROPOSAL", "node": "13756c2a50bf937f4229883f98ab0b11b0562401f6976befce154a83a086793f", "ts": 1785720803.275899, "type": "deliver"}
{"from": "f08474af8ab0926587a2475f38484edb316eecc339239614a2d1eff9ccd01800", "height": 6, "msg_type": "PROPOSAL", "node": "3fde868ea6caf3041493f50fbcc45ebc3bad7edab4bad774a5dca2b91bec8af0", "ts": 1785720803.275917, "type": "deliver"}
{"from": "f08474af8ab0926587a2475f38484edb316eecc339239614a2d1eff9ccd01800", "height": 6, "msg_type": "PROPOSAL", "node": "4600e7073edcf35149235c417b55aed016ffc4133b445b7a44f86e142a6010ae", "ts": 1785720803.275934, "type": "deliver"}
{"from": "f08474af8ab0926587a2475f38484edb316eecc339239614a2d1eff9ccd01800", "height": 6, "msg_type": "PROPOSAL", "node": "967fe6e8b6c8221a582c62797d0002f17eee1c8d34def67da5ac8c9fb33b7fd4", "ts": 1785720803.27595, "type": "deliver"}
{"from": "f08474af8ab0926587a2475f38484edb316eecc339239614a2d1eff9ccd01800", "height": 6, "msg_type": "PROPOSAL", "node": "c8568c45b20b7a1b9e0f4a5dadd1987eb3d6007e239fc9dd224eeb47b71799cf", "ts": 1785720803.275966, "type": "deliver"}
{"from": "f08474af8ab0926587a2475f38484edb316eecc339239614a2d1eff9ccd01800", "height": 6, "msg_type": "PROPOSAL", "node": "f22393e0df7ce07fe1b9a4b8647ed82c1e636f80a5b858638dba3ccf3f416959", "ts": 1785720803.275986, "type": "deliver"}
{"from": "f08474af8ab0926587a2475f38484edb316eecc339239614a2d1eff9ccd01800", "height": 6, "msg_type": "PREVOTE", "node": "0772af86d70664e325e22546e3fe7a4c6b82feefae381b62cab85b230fb21719", "ts": 1785720803.276004, "type": "deliver"}
{"from": "f08474af8ab0926587a2475f38484edb316eecc339239614a2d1eff9ccd01800", "height": 6, "msg_type": "PREVOTE", "node": "13756c2a50bf937f4229883f98ab0b11b0562401f6976befce154a83a086793f", "ts": 1785720803.276016, "type": "deliver"}
{"from": "f08474af8ab0926587a2475f38484edb316eecc339239614a2d1eff9ccd01800", "height": 6, "msg_type": "PREVOTE", "node": "3fde868ea6caf3041493f50fbcc45ebc3bad7edab4bad774a5dca2b91bec8af0", "ts": 1785720803.276028, "type": "deliver"}
{"from": "f08474af8ab0926587a2475f38484edb316eecc339239614a2d1eff9ccd01800", "height": 6, "msg_type": "PREVOTE", "node": "4600e7073edcf35149235c417b55aed016ffc4133b445b7a44f86e142a6010ae", "ts": 1785720803.276041, "type": "deliver"}
{"from": "f08474af8ab0926587a2475f38484edb316eecc339239614a2d1eff9ccd01800", "height": 6, "msg_type": "PREVOTE", "node": "967fe6e8b6c8221a582c62797d0002f17eee1c8d34def67da5ac8c9fb33b7fd4", "ts": 1785720803.276052, "type": "deliver"}
{"from": "f08474af8ab0926587a2475f38484edb316eecc339239614a2d1eff9ccd01800", "height": 6, "msg_type": "PREVOTE", "node": "c8568c45b20b7a1b9e0f4a5dadd1987eb3d6007e239fc9dd224eeb47b71799cf", "ts": 1785720803.276065, "type": "deliver"}
{"from": "f08474af8ab0926587a2475f38484edb316eecc339239614a2d1eff9ccd01800", "height": 6, "msg_type": "PREVOTE", "node": "f22393e0df7ce07fe1b9a4b8647ed82c1e636f80a5b858638dba3ccf3f416959", "ts": 1785720803.276078, "type": "deliver"}
{"delay": 0.02, "height": 6, "msg_type": "PREVOTE", "node": "0772af86d70664e325e22546e3fe7a4c6b82feefae381b62cab85b230fb21719", "to": "13756c2a50bf937f4229883f98ab0b11b0562401f6976befce154a83a086793f", "ts": 1785720803.276673, "type": "send"}
{"delay": 0.02, "height": 6, "msg_type": "PREVOTE", "node": "0772af86d70664e325e22546e3fe7a4c6b82feefae381b62cab85b230fb21719", "to": "3fde868ea6caf3041493f50fbcc45ebc3bad7edab4bad774a5dca2b91bec8af0", "ts": 1785720803.276696, "type": "send"}
{"delay": 0.02, "height": 6, "msg_type": "PREVOTE", "node": "0772af86d70664e325e22546e3fe7a4c6b82feefae381b62cab85b230fb21719", "to": "4600e7073edcf35149235c417b55aed016ffc4133b445b7a44f86e142a6010ae", "ts": 1785720803.276711, "type": "send"}
{"delay": 0.02, "height": 6, "msg_type": "PREVOTE", "node": "0772af86d70664e325e22546e3fe7a4c6b82feefae381b62cab85b230fb21719", "to": "967fe6e8b6c8221a582c62797d0002f17eee1c8d34def67da5ac8c9fb33b7fd4", "ts": 1785720803.276725, "type": "send"}
{"delay": 0.02, "height": 6, "msg_type": "PREVOTE", "node": "0772af86d70664e325e22546e3fe7a4c6b82feefae381b62cab85b230fb21719", "to": "c8568c45b20b7a1b9e0f4a5dadd1987eb3d6007e239fc9dd224eeb47b71799cf", "ts": 1785720803.276738, "type": "send"}
{"delay": 0.02, "height": 6, "msg_type": "PREVOTE", "node": "0772af86d70664e325e22546e3fe7a4c6b82feefae381b62cab85b230fb21719", "to": "f08474af8ab0926587a2475f38484edb316eecc339239614a2d1eff9ccd01800", "ts": 1785720803.276752, "type": "send"}
{"delay": 0.02, "height": 6, "msg_type": "PREVOTE", "node": "0772af86d70664e325e22546e3fe7a4c6b82feefae381b62cab85b230fb21719", "to": "f22393e0df7ce07fe1b9a4b8647ed82c1e636f80a5b858638dba3ccf3f416959", "ts": 1785720803.276766, "type": "send"}
{"delay": 0.02, "height": 6, "msg_type": "PREVOTE", "node": "13756c2a50bf937f4229883f98ab0b11b0562401f6976befce154a83a086793f", "to": "0772af86d70664e325e22546e3fe7a4c6b82feefae381b62cab85b230fb21719", "ts": 1785720803.277545, "type": "send"}
{"delay": 0.02, "height": 6, "msg_type": "PREVOTE", "node": "13756c2a50bf937f4229883f98ab0b11b0562401f6976befce154a83a086793f", "to": "3fde868ea6caf3041493f50fbcc45ebc3bad7edab4bad774a5dca2b91bec8af0", "ts": 1785720803.277563, "type": "send"}
{"delay": 0.02, "height": 6, "msg_type": "PREVOTE", "node": "13756c2a50bf937f4229883f98ab0b11b0562401f6976befce154a83a086793f", "to": "4600e7073edcf35149235c417b55aed016ffc4133b445b7a44f86e142a6010ae", "ts": 1785720803.277577, "type": "send"}
{"delay": 0.02, "height": 6, "msg_type": "PREVOTE", "node": "13756c2a50bf937f4229883f98ab0b11b0562401f6976befce154a83a086793f", "to": "967fe6e8b6c8221a582c62797d0002f17eee1c8d34def67da5ac8c9fb33b7fd4", "ts": 1785720803.277591, "type": "send"}
{"delay": 0.02, "height": 6, "msg_type": "PREVOTE", "node": "13756c2a50bf937f4229883f98ab0b11b0562401f6976befce154a83a086793f", "to": "c8568c45b20b7a1b9e0f4a5dadd1987eb3d6007e239fc9dd224eeb47b71799cf", "ts": 1785720803.277603, "type": "send"}
{"delay": 0.02, "height": 6, "msg_type": "PREVOTE", "node": "13756c2a50bf937f4229883f98ab0b11b0562401f6976befce154a83a086793f", "to": "f08474af8ab0926587a2475f38484edb316eecc339239614a2d1eff9ccd01800", "ts": 1785720803.277616, "type": "send"}
{"delay": 0.02, "height": 6, "msg_type": "PREVOTE", "node": "13756c2a50bf937f4229883f98ab0b11b0562401f6976befce154a83a086793f", "to": "f22393e0df7ce07fe1b9a4b8647ed82c1e636f80a5b858638dba3ccf3f416959", "ts": 1785720803.277628, "type": "send"}
{"delay": 0.02, "height": 6, "msg_type": "PREVOTE", "node": "3fde868ea6caf3041493f50fbcc45ebc3bad7edab4bad774a5dca2b91bec8af0", "to": "0772af86d70664e325e22546e3fe7a4c6b82feefae381b62cab85b230fb21719", "ts": 1785720803.278352, "type": "send"}
{"delay": 0.02, "height": 6, "msg_type": "PREVOTE", "node": "3fde868ea6caf3041493f50fbcc45ebc3bad7edab4bad774a5dca2b91bec8af0", "to": "13756c2a50bf937f4229883f98ab0b11b0562401f6976befce154a83a086793f", "ts": 1785720803.278377, "type": "send"}
{"delay": 0.02, "height": 6, "msg_type": "PREVOTE", "node": "3fde868ea6caf3041493f50fbcc45ebc3bad7edab4bad774a5dca2b91bec8af0", "to": "4600e7073edcf35149235c417b55aed016ffc4133b445b7a44f86e142a6010ae", "ts": 1785720803.278391, "type": "send"}
{"delay": 0.02, "height": 6, "msg_type": "PREVOTE", "node": "3fde868ea6caf3041493f50fbcc45ebc3bad7edab4bad774a5dca2b91bec8af0", "to": "967fe6e8b6c8221a582c62797d0002f17eee1c8d34def67da5ac8c9fb33b7fd4", "ts": 1785720803.278435, "type": "send"}
{"delay": 0.02, "height": 6, "msg_type": "PREVOTE", "node": "3fde868ea6caf3041493f50fbcc45ebc3bad7edab4bad774a5dca2b91bec8af0", "to": "c8568c45b20b7a1b9e0f4a5dadd1987eb3d6007e239fc9dd224eeb47b71799cf", "ts": 1785720803.278454, "type": "send"}
{"delay": 0.02, "height": 6, "msg_type": "PREVOTE", "node": "3fde868ea6caf3041493f50fbcc45ebc3bad7edab4bad774a5dca2b91bec8af0", "to": "f08474af8ab0926587a2475f38484edb316eecc339239614a2d1eff9ccd01800", "ts": 1785720803.278472, "type": "send"}
{"delay": 0.02, "height": 6, "msg_type": "PREVOTE", "node": "3fde868ea6caf3041493f50fbcc45ebc3bad7edab4bad774a5dca2b91bec8af0", "to": "f22393e0df7ce07fe1b9a4b8647ed82c1e636f80a5b858638dba3ccf3f416959", "ts": 1785720803.278491, "type": "send"}
{"delay": 0.02, "height": 6, "msg_type": "PREVOTE", "node": "4600e7073edcf35149235c417b55aed016ffc4133b445b7a44f86e142a6010ae", "to": "0772af86d70664e325e22546e3fe7a4c6b82feefae381b62cab85b230fb21719", "ts": 1785720803.279676, "type": "send"}
{"delay": 0.02, "height": 6, "msg_type": "PREVOTE", "node": "4600e7073edcf35149235c417b55aed016ffc4133b445b7a44f86e142a6010ae", "to": "13756c2a50bf937f4229883f98ab0b11b0562401f6976befce154a83a086793f", "ts": 1785720803.279708, "type": "send"}
{"delay": 0.02, "height": 6, "msg_type": "PREVOTE", "node": "4600e7073edcf35149235c417b55aed016ffc4133b445b7a44f86e142a6010ae", "to": "3fde868ea6caf3041493f50fbcc45ebc3bad7edab4bad774a5dca2b91bec8af0", "ts": 1785720803.27973, "type": "send"}
{"delay": 0.02, "height": 6, "msg_type": "PREVOTE", "node": "4600e7073edcf35149235c417b55aed016ffc4133b445b7a44f86e142a6010ae", "to": "967fe6e8b6c8221a582c62797d0002f17eee1c8d34def67da5ac8c9fb33b7fd4", "ts": 1785720803.279749, "type": "send"}
{"delay": 0.02, "height": 6, "msg_type": "PREVOTE", "node": "4600e7073edcf35149235c417b55aed016ffc4133b445b7a44f86e142a6010ae", "to": "c8568c45b20b7a1b9e0f4a5dadd1987eb3d6007e239fc9dd224eeb47b71799cf", "ts": 1785720803.279768, "type": "send"}
{"delay": 0.02, "height": 6, "msg_type": "PREVOTE", "node": "4600e7073edcf35149235c417b55aed016ffc4133b445b7a44f86e142a6010ae", "to": "f08474af8ab0926587a2475f38484edb316eecc339239614a2d1eff9ccd01800", "ts": 1785720803.279787, "type": "send"}
{"delay": 0.02, "height": 6, "msg_type": "PREVOTE", "node": "4600e7073edcf35149235c417b55aed016ffc4133b445b7a44f86e142a6010ae", "to": "f22393e0df7ce07fe1b9a4b8647ed82c1e636f80a5b858638dba3ccf3f416959", "ts": 1785720803.279803, "type": "send"}
{"delay": 0.02, "height": 6, "msg_type": "PREVOTE", "node": "967fe6e8b6c8221a582c62797d0002f17eee1c8d34def67da5ac8c9fb33b7fd4", "to": "0772af86d70664e325e22546e3fe7a4c6b82feefae381b62cab85b230fb21719", "ts": 1785720803.280653, "type": "send"}
{"delay": 0.02, "height": 6, "msg_type": "PREVOTE", "node": "967fe6e8b6c8221a582c62797d0002f17eee1c8d34def67da5ac8c9fb33b7fd4", "to": "13756c2a50bf937f4229883f98ab0b11b0562401f6976befce154a83a086793f", "ts": 1785720803.280677, "type": "send"}
{"delay": 0.02, "height": 6, "msg_type": "PREVOTE", "node": "967fe6e8b6c8221a582c62797d0002f17eee1c8d34def67da5ac8c9fb33b7fd4", "to": "3fde868ea6caf3041493f50fbcc45ebc3bad7edab4bad774a5dca2b91bec8af0", "ts": 1785720803.280696, "type": "send"}
{"delay": 0.02, "height": 6, "msg_type": "PREVOTE", "node": "967fe6e8b6c8221a582c62797d0002f17eee1c8d34def67da5ac8c9fb33b7fd4", "to": "4600e7073edcf35149235c417b55aed016ffc4133b445b7a44f86e142a6010ae", "ts": 1785720803.280717, "type": "send"}
{"delay": 0.02, "height": 6, "msg_type": "PREVOTE", "node": "967fe6e8b6c8221a582c62797d0002f17eee1c8d34def67da5ac8c9fb33b7fd4", "to": "c8568c45b20b7a1b9e0f4a5dadd1987eb3d6007e239fc9dd224eeb47b71799cf", "ts": 1785720803.280739, "type": "send"}
{"delay": 0.02, "height": 6, "msg_type": "PREVOTE", "node": "967fe6e8b6c8221a582c62797d0002f17eee1c8d34def67da5ac8c9fb33b7fd4", "to": "f08474af8ab0926587a2475f38484edb316eecc339239614a2d1eff9ccd01800", "ts": 1785720803.280752, "type": "send"}
{"delay": 0.02, "height": 6, "msg_type": "PREVOTE", "node": "967fe6e8b6c8221a582c62797d0002f17eee1c8d34def67da5ac8c9fb33b7fd4", "to": "f22393e0df7ce07fe1b9a4b8647ed82c1e636f80a5b858638dba3ccf3f416959", "ts": 1785720803.280765, "type": "send"}
{"delay": 0.02, "height": 6, "msg_type": "PREVOTE", "node": "c8568c45b20b7a1b9e0f4a5dadd1987eb3d6007e239fc9dd224eeb47b71799cf", "to": "0772af86d70664e325e22546e3fe7a4c6b82feefae381b62cab85b230fb21719", "ts": 1785720803.282247, "type": "send"}
{"delay": 0.02, "height": 6, "msg_type": "PREVOTE", "node": "c8568c45b20b7a1b9e0f4a5dadd1987eb3d6007e239fc9dd224eeb47b71799cf", "to": "13756c2a50bf937f4229883f98ab0b11b0562401f6976befce154a83a086793f", "ts": 1785720803.282284, "type": "send"}
{"delay": 0.02, "height": 6, "msg_type": "PREVOTE", "node": "c8568c45b20b7a1b9e0f4a5dadd1987eb3d6007e239fc9dd224eeb47b71799cf", "to": "3fde868ea6caf3041493f50fbcc45ebc3bad7edab4bad774a5dca2b91bec8af0", "ts": 1785720803.282306, "type": "send"}
{"delay": 0.02, "height": 6, "msg_type": "PREVOTE", "node": "c8568c45b20b7a1b9e0f4a5dadd1987eb3d6007e239fc9dd224eeb47b71799cf", "to": "4600e7073edcf35149235c417b55aed016ffc4133b445b7a44f86e142a6010ae", "ts": 1785720803.282326, "type": "send"}
{"delay": 0.02, "height": 6, "msg_type": "PREVOTE", "node": "c8568c45b20b7a1b9e0f4a5dadd1987eb3d6007e239fc9dd224eeb47b71799cf", "to": "967fe6e8b6c8221a582c62797d0002f17eee1c8d34def67da5ac8c9fb33b7fd4", "ts": 1785720803.282345, "type": "send"}
{"delay": 0.02, "height": 6, "msg_type": "PREVOTE", "node": "c8568c45b20b7a1b9e0f4a5dadd1987eb3d6007e239fc9dd224eeb47b71799cf", "to": "f08474af8ab0926587a2475f38484edb316eecc339239614a2d1eff9ccd01800", "ts": 1785720803.282365, "type": "send"}
{"delay": 0.02, "height": 6, "msg_type": "PREVOTE", "node": "c8568c45b20b7a1b9e0f4a5dadd1987eb3d6007e239fc9dd224eeb47b71799cf", "to": "f22393e0df7ce07fe1b9a4b8647ed82c1e636f80a5b858638dba3ccf3f416959", "ts": 1785720803.28248, "type": "send"}
{"delay": 0.02, "height": 6, "msg_type": "PREVOTE", "node": "f22393e0df7ce07fe1b9a4b8647ed82c1e636f80a5b858638dba3ccf3f416959", "to": "0772af86d70664e325e22546e3fe7a4c6b82feefae381b62cab85b230fb21719", "ts": 1785720803.283422, "type": "send"}
{"delay": 0.02, "height": 6, "msg_type": "PREVOTE", "node": "f22393e0df7ce07fe1b9a4b8647ed82c1e636f80a5b858638dba3ccf3f416959", "to": "13756c2a50bf937f4229883f98ab0b11b0562401f6976befce154a83a086793f", "ts": 1785720803.283453, "type": "send"}
{"delay": 0.02, "height": 6, "msg_type": "PREVOTE", "node": "f22393e0df7ce07fe1b9a4b8647ed82c1e636f80a5b858638dba3ccf3f416959", "to": "3fde868ea6caf3041493f50fbcc45ebc3bad7edab4bad774a5dca2b91bec8af0", "ts": 1785720803.283479, "type": "send"}
{"delay": 0.02, "height": 6, "msg_type": "PREVOTE", "node": "f22393e0df7ce07fe1b9a4b8647ed82c1e636f80a5b858638dba3ccf3f416959", "to": "4600e7073edcf35149235c417b55aed016ffc4133b445b7a44f86e142a6010ae", "ts": 1785720803.283494, "type": "send"}
{"delay": 0.02, "height": 6, "msg_type": "PREVOTE", "node": "f22393e0df7ce07fe1b9a4b8647ed82c1e636f80a5b858638dba3ccf3f416959", "to": "967fe6e8b6c8221a582c62797d0002f17eee1c8d34def67da5ac8c9fb33b7fd4", "ts": 1785720803.283511, "type": "send"}
{"delay": 0.02, "height": 6, "msg_type": "PREVOTE", "node": "f22393e0df7ce07fe1b9a4b8647ed82c1e636f80a5b858638dba3ccf3f416959", "to": "c8568c45b20b7a1b9e0f4a5dadd1987eb3d6007e239fc9dd224eeb47b71799cf", "ts": 1785720803.283527, "type": "send"}
{"delay": 0.02, "height": 6, "msg_type": "PREVOTE", "node": "f22393e0df7ce07fe1b9a4b8647ed82c1e636f80a5b858638dba3ccf3f416959", "to": "f08474af8ab0926587a2475f38484edb316eecc339239614a2d1eff9ccd01800", "ts": 1785720803.283543, "type": "send"}
{"from": "0772af86d70664e325e22546e3fe7a4c6b82feefae381b62cab85b230fb21719", "height": 6, "msg_type": "PREVOTE", "node": "13756c2a50bf937f4229883f98ab0b11b0562401f6976befce154a83a086793f", "ts": 1785720803.307091, "type": "deliver"}
{"from": "0772af86d70664e325e22546e3fe7a4c6b82feefae381b62cab85b230fb21719", "height": 6, "msg_type": "PREVOTE", "node": "3fde868ea6caf3041493f50fbcc45ebc3bad7edab4bad774a5dca2b91bec8af0", "ts": 1785720803.307127, "type": "deliver"}
{"from": "0772af86d70664e325e22546e3fe7a4c6b82feefae381b62cab85b230fb21719", "height": 6, "msg_type": "PREVOTE", "node": "4600e7073edcf35149235c417b55aed016ffc4133b445b7a44f86e142a6010ae", "ts": 1785720803.307147, "type": "deliver"}
{"from": "0772af86d70664e325e22546e3fe7a4c6b82feefae381b62cab85b230fb21719", "height": 6, "msg_type": "PREVOTE", "node": "967fe6e8b6c8221a582c62797d0002f17eee1c8d34def67da5ac8c9fb33b7fd4", "ts": 1785720803.307165, "type": "deliver"}
{"from": "0772af86d70664e325e22546e3fe7a4c6b82feefae381b62cab85b230fb21719", "height": 6, "msg_type": "PREVOTE", "node": "c8568c45b20b7a1b9e0f4a5dadd1987eb3d6007e239fc9dd224eeb47b71799cf", "ts": 1785720803.307184, "type": "deliver"}
{"from": "0772af86d70664e325e22546e3fe7a4c6b82feefae381b62cab85b230fb21719", "height": 6, "msg_type": "PREVOTE", "node": "f08474af8ab0926587a2475f38484edb316eecc339239614a2d1eff9ccd01800", "ts": 1785720803.307202, "type": "deliver"}
{"from": "0772af86d70664e325e22546e3fe7a4c6b82feefae381b62cab85b230fb21719", "height": 6, "msg_type": "PREVOTE", "node": "f22393e0df7ce07fe1b9a4b8647ed82c1e636f80a5b858638dba3ccf3f416959", "ts": 1785720803.30722, "type": "deliver"}
{"from": "13756c2a50bf937f4229883f98ab0b11b0562401f6976befce154a83a086793f", "height": 6, "msg_type": "PREVOTE", "node": "0772af86d70664e325e22546e3fe7a4c6b82feefae381b62cab85b230fb21719", "ts": 1785720803.307238, "type": "deliver"}
{"from": "13756c2a50bf937f4229883f98ab0b11b0562401f6976befce154a83a086793f", "height": 6, "msg_type": "PREVOTE", "node": "3fde868ea6caf3041493f50fbcc45ebc3bad7edab4bad774a5dca2b91bec8af0", "ts": 1785720803.307256, "type": "deliver"}
{"from": "13756c2a50bf937f4229883f98ab0b11b0562401f6976befce154a83a086793f", "height": 6, "msg_type": "PREVOTE", "node": "4600e7073edcf35149235c417b55aed016ffc4133b445b7a44f86e142a6010ae", "ts": 1785720803.30727, "type": "deliver"}
{"from": "13756c2a50bf937f4229883f98ab0b11b0562401f6976befce154a83a086793f", "height": 6, "msg_type": "PREVOTE", "node": "967fe6e8b6c8221a582c62797d0002f17eee1c8d34def67da5ac8c9fb33b7fd4", "ts": 1785720803.307284, "type": "deliver"}
{"from": "13756c2a50bf937f4229883f98ab0b11b0562401f6976befce154a83a086793f", "height": 6, "msg_type": "PREVOTE", "node": "c8568c45b20b7a1b9e0f4a5dadd1987eb3d6007e239fc9dd224eeb47b71799cf", "ts": 1785720803.307309, "type": "deliver"}
{"from": "13756c2a50bf937f4229883f98ab0b11b0562401f6976befce154a83a086793f", "height": 6, "msg_type": "PREVOTE", "node": "f08474af8ab0926587a2475f38484edb316eecc339239614a2d1eff9ccd01800", "ts": 1785720803.307322, "type": "deliver"}
{"from": "13756c2a50bf937f4229883f98ab0b11b0562401f6976befce154a83a086793f", "height": 6, "msg_type": "PREVOTE", "node": "f22393e0df7ce07fe1b9a4b8647ed82c1e636f80a5b858638dba3ccf3f416959", "ts": 1785720803.307336, "type": "deliver"}
{"from": "3fde868ea6caf3041493f50fbcc45ebc3bad7edab4bad774a5dca2b91bec8af0", "height": 6, "msg_type": "PREVOTE", "node": "0772af86d70664e325e22546e3fe7a4c6b82feefae381b62cab85b230fb21719", "ts": 1785720803.307349, "type": "deliver"}
{"from": "3fde868ea6caf3041493f50fbcc45ebc3bad7edab4bad774a5dca2b91bec8af0", "height": 6, "msg_type": "PREVOTE", "node": "13756c2a50bf937f4229883f98ab0b11b0562401f6976befce154a83a086793f", "ts": 1785720803.307361, "type": "deliver"}
{"from": "3fde868ea6caf3041493f50fbcc45ebc3bad7edab4bad774a5dca2b91bec8af0", "height": 6, "msg_type": "PREVOTE", "node": "4600e7073edcf35149235c417b55aed016ffc4133b445b7a44f86e142a6010ae", "ts": 1785720803.30738, "type": "deliver"}
{"from": "3fde868ea6caf3041493f50fbcc45ebc3bad7edab4bad774a5dca2b91bec8af0", "height": 6, "msg_type": "PREVOTE", "node": "967fe6e8b6c8221a582c62797d0002f17eee1c8d34def67da5ac8c9fb33b7fd4", "ts": 1785720803.307393, "type": "deliver"}
{"from": "3fde868ea6caf3041493f50fbcc45ebc3bad7edab4bad774a5dca2b91bec8af0", "height": 6, "msg_type": "PREVOTE", "node": "c8568c45b20b7a1b9e0f4a5dadd1987eb3d6007e239fc9dd224eeb47b71799cf", "ts": 1785720803.307406, "type": "deliver"}
{"from": "3fde868ea6caf3041493f50fbcc45ebc3bad7edab4bad774a5dca2b91bec8af0", "height": 6, "msg_type": "PREVOTE", "node": "f08474af8ab0926587a2475f38484edb316eecc339239614a2d1eff9ccd01800", "ts": 1785720803.307419, "type": "deliver"}
{"from": "3fde868ea6caf3041493f50fbcc45ebc3bad7edab4bad774a5dca2b91bec8af0", "height": 6, "msg_type": "PREVOTE", "node": "f22393e0df7ce07fe1b9a4b8647ed82c1e636f80a5b858638dba3ccf3f416959", "ts": 1785720803.307431, "type": "deliver"}
{"from": "4600e7073edcf35149235c417b55aed016ffc4133b445b7a44f86e142a6010ae", "height": 6, "msg_type": "PREVOTE", "node": "0772af86d70664e325e22546e3fe7a4c6b82feefae381b62cab85b230fb21719", "ts": 1785720803.307445, "type": "deliver"}
{"from": "4600e7073edcf35149235c417b55aed016ffc4133b445b7a44f86e142a6010ae", "height": 6, "msg_type": "PREVOTE", "node": "13756c2a50bf937f4229883f98ab0b11b0562401f6976befce154a83a086793f", "ts": 1785720803.307458, "type": "deliver"}
{"from": "4600e7073edcf35149235c417b55aed016ffc4133b445b7a44f86e142a6010ae", "height": 6, "msg_type": "PREVOTE", "node": "3fde868ea6caf3041493f50fbcc45ebc3bad7edab4bad774a5dca2b91bec8af0", "ts": 1785720803.307472, "type": "deliver"}
{"from": "4600e7073edcf35149235c417b55aed016ffc4133b445b7a44f86e142a6010ae", "height": 6, "msg_type": "PREVOTE", "node": "967fe6e8b6c8221a582c62797d0002f17eee1c8d34def67da5ac8c9fb33b7fd4", "ts": 1785720803.307486, "type": "deliver"}
{"from": "4600e7073edcf35149235c417b55aed016ffc4133b445b7a44f86e142a6010ae", "height": 6, "msg_type": "PREVOTE", "node": "c8568c45b20b7a1b9e0f4a5dadd1987eb3d6007e239fc9dd224eeb47b71799cf", "ts": 1785720803.307499, "type": "deliver"}
{"from": "4600e7073edcf35149235c417b55aed016ffc4133b445b7a44f86e142a6010ae", "height": 6, "msg_type": "PREVOTE", "node": "f08474af8ab0926587a2475f38484edb316eecc339239614a2d1eff9ccd01800", "ts": 1785720803.307513, "type": "deliver"}
{"from": "4600e7073edcf35149235c417b55aed016ffc4133b445b7a44f86e142a6010ae", "height": 6, "msg_type": "PREVOTE", "node": "f22393e0df7ce07fe1b9a4b8647ed82c1e636f80a5b858638dba3ccf3f416959", "ts": 1785720803.307528, "type": "deliver"}
{"from": "967fe6e8b6c8221a582c62797d0002f17eee1c8d34def67da5ac8c9fb33b7fd4", "height": 6, "msg_type": "PREVOTE", "node": "0772af86d70664e325e22546e3fe7a4c6b82feefae381b62cab85b230fb21719", "ts": 1785720803.307541, "type": "deliver"}
{"from": "967fe6e8b6c8221a582c62797d0002f17eee1c8d34def67da5ac8c9fb33b7fd4", "height": 6, "msg_type": "PREVOTE", "node": "13756c2a50bf937f4229883f98ab0b11b0562401f6976befce154a83a086793f", "ts": 1785720803.307554, "type": "deliver"}
{"from": "967fe6e8b6c8221a582c62797d0002f17eee1c8d34def67da5ac8c9fb33b7fd4", "height": 6, "msg_type": "PREVOTE", "node": "3fde868ea6caf3041493f50fbcc45ebc3bad7edab4bad774a5dca2b91bec8af0", "ts": 1785720803.307568, "type": "deliver"}
{"from": "967fe6e8b6c8221a582c62797d0002f17eee1c8d34def67da5ac8c9fb33b7fd4", "height": 6, "msg_type": "PREVOTE", "node": "4600e7073edcf35149235c417b55aed016ffc4133b445b7a44f86e142a6010ae", "ts": 1785720803.307582, "type": "deliver"}
{"from": "967fe6e8b6c8221a582c62797d0002f17eee1c8d34def67da5ac8c9fb33b7fd4", "height": 6, "msg_type": "PREVOTE", "node": "c8568c45b20b7a1b9e0f4a5dadd1987eb3d6007e239fc9dd224eeb47b71799cf", "ts": 1785720803.307595, "type": "deliver"}
{"from": "967fe6e8b6c8221a582c62797d0002f17eee1c8d34def67da5ac8c9fb33b7fd4", "height": 6, "msg_type": "PREVOTE", "node": "f08474af8ab0926587a2475f38484edb316eecc339239614a2d1eff9ccd01800", "ts": 1785720803.307608, "type": "deliver"}
{"from": "967fe6e8b6c8221a582c62797d0002f17eee1c8d34def67da5ac8c9fb33b7fd4", "height": 6, "msg_type": "PREVOTE", "node": "f22393e0df7ce07fe1b9a4b8647ed82c1e636f80a5b858638dba3ccf3f416959", "ts": 1785720803.307621, "type": "deliver"}
{"from": "c8568c45b20b7a1b9e0f4a5dadd1987eb3d6007e239fc9dd224eeb47b71799cf", "height": 6, "msg_type": "PREVOTE", "node": "0772af86d70664e325e22546e3fe7a4c6b82feefae381b62cab85b230fb21719", "ts": 1785720803.307643, "type": "deliver"}
{"from": "c8568c45b20b7a1b9e0f4a5dadd1987eb3d6007e239fc9dd224eeb47b71799cf", "height": 6, "msg_type": "PREVOTE", "node": "13756c2a50bf937f4229883f98ab0b11b0562401f6976befce154a83a086793f", "ts": 1785720803.307656, "type": "deliver"}
{"from": "c8568c45b20b7a1b9e0f4a5dadd1987eb3d6007e239fc9dd224eeb47b71799cf", "height": 6, "msg_type": "PREVOTE", "node": "3fde868ea6caf3041493f50fbcc45ebc3bad7edab4bad774a5dca2b91bec8af0", "ts": 1785720803.307668, "type": "deliver"}
{"from": "c8568c45b20b7a1b9e0f4a5dadd1987eb3d6007e239fc9dd224eeb47b71799cf", "height": 6, "msg_type": "PREVOTE", "node": "4600e7073edcf35149235c417b55aed016ffc4133b445b7a44f86e142a6010ae", "ts": 1785720803.307841, "type": "deliver"}
{"from": "c8568c45b20b7a1b9e0f4a5dadd1987eb3d6007e239fc9dd224eeb47b71799cf", "height": 6, "msg_type": "PREVOTE", "node": "967fe6e8b6c8221a582c62797d0002f17eee1c8d34def67da5ac8c9fb33b7fd4", "ts": 1785720803.307862, "type": "deliver"}
{"from": "c8568c45b20b7a1b9e0f4a5dadd1987eb3d6007e239fc9dd224eeb47b71799cf", "height": 6, "msg_type": "PREVOTE", "node": "f08474af8ab0926587a2475f38484edb316eecc339239614a2d1eff9ccd01800", "ts": 1785720803.307876, "type": "deliver"}
{"from": "c8568c45b20b7a1b9e0f4a5dadd1987eb3d6007e239fc9dd224eeb47b71799cf", "height": 6, "msg_type": "PREVOTE", "node": "f22393e0df7ce07fe1b9a4b8647ed82c1e636f80a5b858638dba3ccf3f416959", "ts": 1785720803.307891, "type": "deliver"}
{"from": "f22393e0df7ce07fe1b9a4b8647ed82c1e636f80a5b858638dba3ccf3f416959", "height": 6, "msg_type": "PREVOTE", "node": "0772af86d70664e325e22546e3fe7a4c6b82feefae381b62cab85b230fb21719", "ts": 1785720803.307912, "type": "deliver"}
{"from": "f22393e0df7ce07fe1b9a4b8647ed82c1e636f80a5b858638dba3ccf3f416959", "height": 6, "msg_type": "PREVOTE", "node": "13756c2a50bf937f4229883f98ab0b11b0562401f6976befce154a83a086793f", "ts": 1785720803.307926, "type": "deliver"}
{"from": "f22393e0df7ce07fe1b9a4b8647ed82c1e636f80a5b858638dba3ccf3f416959", "height": 6, "msg_type": "PREVOTE", "node": "3fde868ea6caf3041493f50fbcc45ebc3bad7edab4bad774a5dca2b91bec8af0", "ts": 1785720803.307939, "type": "deliver"}
{"from": "f22393e0df7ce07fe1b9a4b8647ed82c1e636f80a5b858638dba3ccf3f416959", "height": 6, "msg_type": "PREVOTE", "node": "4600e7073edcf35149235c417b55aed016ffc4133b445b7a44f86e142a6010ae", "ts": 1785720803.307953, "type": "deliver"}
{"from": "f22393e0df7ce07fe1b9a4b8647ed82c1e636f80a5b858638dba3ccf3f416959", "height": 6, "msg_type": "PREVOTE", "node": "967fe6e8b6c8221a582c62797d0002f17eee1c8d34def67da5ac8c9fb33b7fd4", "ts": 1785720803.307966, "type": "deliver"}
{"from": "f22393e0df7ce07fe1b9a4b8647ed82c1e636f80a5b858638dba3ccf3f416959", "height": 6, "msg_type": "PREVOTE", "node": "c8568c45b20b7a1b9e0f4a5dadd1987eb3d6007e239fc9dd224eeb47b71799cf", "ts": 1785720803.307983, "type": "deliver"}
{"from": "f22393e0df7ce07fe1b9a4b8647ed82c1e636f80a5b858638dba3ccf3f416959", "height": 6, "msg_type": "PREVOTE", "node": "f08474af8ab0926587a2475f38484edb316eecc339239614a2d1eff9ccd01800", "ts": 1785720803.307997, "type": "deliver"}
{"delay": 0.02, "height": 6, "msg_type": "PRECOMMIT", "node": "13756c2a50bf937f4229883f98ab0b11b0562401f6976befce154a83a086793f", "to": "0772af86d70664e325e22546e3fe7a4c6b82feefae381b62cab85b230fb21719", "ts": 1785720803.309098, "type": "send"}
{"delay": 0.02, "height": 6, "msg_type": "PRECOMMIT", "node": "13756c2a50bf937f4229883f98ab0b11b0562401f6976befce154a83a086793f", "to": "3fde868ea6caf3041493f50fbcc45ebc3bad7edab4bad774a5dca2b91bec8af0", "ts": 1785720803.309126, "type": "send"}
{"delay": 0.02, "height": 6, "msg_type": "PRECOMMIT", "node": "13756c2a50bf937f4229883f98ab0b11b0562401f6976befce154a83a086793f", "to": "4600e7073edcf35149235c417b55aed016ffc4133b445b7a44f86e142a6010ae", "ts": 1785720803.309141, "type": "send"}
{"delay": 0.02, "height": 6, "msg_type": "PRECOMMIT", "node": "13756c2a50bf937f4229883f98ab0b11b0562401f6976befce154a83a086793f", "to": "967fe6e8b6c8221a582c62797d0002f17eee1c8d34def67da5ac8c9fb33b7fd4", "ts": 1785720803.309156, "type": "send"}
{"delay": 0.02, "height": 6, "msg_type": "PRECOMMIT", "node": "13756c2a50bf937f4229883f98ab0b11b0562401f6976befce154a83a086793f", "to": "c8568c45b20b7a1b9e0f4a5dadd1987eb3d6007e239fc9dd224eeb47b71799cf", "ts": 1785720803.309171, "type": "send"}
{"delay": 0.02, "height": 6, "msg_type": "PRECOMMIT", "node": "13756c2a50bf937f4229883f98ab0b11b0562401f6976befce154a83a086793f", "to": "f08474af8ab0926587a2475f38484edb316eecc339239614a2d1eff9ccd01800", "ts": 1785720803.309191, "type": "send"}
{"delay": 0.02, "height": 6, "msg_type": "PRECOMMIT", "node": "13756c2a50bf937f4229883f98ab0b11b0562401f6976befce154a83a086793f", "to": "f22393e0df7ce07fe1b9a4b8647ed82c1e636f80a5b858638dba3ccf3f416959", "ts": 1785720803.309205, "type": "send"}
{"delay": 0.02, "height": 6, "msg_type": "PRECOMMIT", "node": "3fde868ea6caf3041493f50fbcc45ebc3bad7edab4bad774a5dca2b91bec8af0", "to": "0772af86d70664e325e22546e3fe7a4c6b82feefae381b62cab85b230fb21719", "ts": 1785720803.311859, "type": "send"}
{"delay": 0.02, "height": 6, "msg_type": "PRECOMMIT", "node": "3fde868ea6caf3041493f50fbcc45ebc3bad7edab4bad774a5dca2b91bec8af0", "to": "13756c2a50bf937f4229883f98ab0b11b0562401f6976befce154a83a086793f", "ts": 1785720803.311895, "type": "send"}
{"delay": 0.02, "height": 6, "msg_type": "PRECOMMIT", "node": "3fde868ea6caf3041493f50fbcc45ebc3bad7edab4bad774a5dca2b91bec8af0", "to": "4600e7073edcf35149235c417b55aed016ffc4133b445b7a44f86e142a6010ae", "ts": 1785720803.311939, "type": "send"}
{"delay": 0.02, "height": 6, "msg_type": "PRECOMMIT", "node": "3fde868ea6caf3041493f50fbcc45ebc3bad7edab4bad774a5dca2b91bec8af0", "to": "967fe6e8b6c8221a582c62797d0002f17eee1c8d34def67da5ac8c9fb33b7fd4", "ts": 1785720803.311963, "type": "send"}
{"delay": 0.02, "height": 6, "msg_type": "PRECOMMIT", "node": "3fde868ea6caf3041493f50fbcc45ebc3bad7edab4bad774a5dca2b91bec8af0", "to": "c8568c45b20b7a1b9e0f4a5dadd1987eb3d6007e239fc9dd224eeb47b71799cf", "ts": 1785720803.311988, "type": "send"}
{"delay": 0.02, "height": 6, "msg_type": "PRECOMMIT", "node": "3fde868ea6caf3041493f50fbcc45ebc3bad7edab4bad774a5dca2b91bec8af0", "to": "f08474af8ab0926587a2475f38484edb316eecc339239614a2d1eff9ccd01800", "ts": 1785720803.312008, "type": "send"}
{"delay": 0.02, "height": 6, "msg_type": "PRECOMMIT", "node": "3fde868ea6caf3041493f50fbcc45ebc3bad7edab4bad774a5dca2b91bec8af0", "to": "f22393e0df7ce07fe1b9a4b8647ed82c1e636f80a5b858638dba3ccf3f416959", "ts": 1785720803.312031, "type": "send"}
{"delay": 0.02, "height": 6, "msg_type": "PRECOMMIT", "node": "4600e7073edcf35149235c417b55aed016ffc4133b445b7a44f86e142a6010ae", "to": "0772af86d70664e325e22546e3fe7a4c6b82feefae381b62cab85b230fb21719", "ts": 1785720803.315309, "type": "send"}
{"delay": 0.02, "height": 6, "msg_type": "PRECOMMIT", "node": "4600e7073edcf35149235c417b55aed016ffc4133b445b7a44f86e142a6010ae", "to": "13756c2a50bf937f4229883f98ab0b11b0562401f6976befce154a83a086793f", "ts": 1785720803.315356, "type": "send"}
{"delay": 0.02, "height": 6, "msg_type": "PRECOMMIT", "node": "4600e7073edcf35149235c417b55aed016ffc4133b445b7a44f86e142a6010ae", "to": "3fde868ea6caf3041493f50fbcc45ebc3bad7edab4bad774a5dca2b91bec8af0", "ts": 1785720803.315374, "type": "send"}
{"delay": 0.02, "height": 6, "msg_type": "PRECOMMIT", "node": "4600e7073edcf35149235c417b55aed016ffc4133b445b7a44f86e142a6010ae", "to": "967fe6e8b6c8221a582c62797d0002f17eee1c8d34def67da5ac8c9fb33b7fd4", "ts": 1785720803.315392, "type": "send"}
{"delay": 0.02, "height": 6, "msg_type": "PRECOMMIT", "node": "4600e7073edcf35149235c417b55aed016ffc4133b445b7a44f86e142a6010ae", "to": "c8568c45b20b7a1b9e0f4a5dadd1987eb3d6007e239fc9dd224eeb47b71799cf", "ts": 1785720803.315408, "type": "send"}
{"delay": 0.02, "height": 6, "msg_type": "PRECOMMIT", "node": "4600e7073edcf35149235c417b55aed016ffc4133b445b7a44f86e142a6010ae", "to": "f08474af8ab0926587a2475f38484edb316eecc339239614a2d1eff9ccd01800", "ts": 1785720803.315426, "type": "send"}
{"delay": 0.02, "height": 6, "msg_type": "PRECOMMIT", "node": "4600e7073edcf35149235c417b55aed016ffc4133b445b7a44f86e142a6010ae", "to": "f22393e0df7ce07fe1b9a4b8647ed82c1e636f80a5b858638dba3ccf3f416959", "ts": 1785720803.31545, "type": "send"}
{"delay": 0.02, "height": 6, "msg_type": "PRECOMMIT", "node": "967fe6e8b6c8221a582c62797d0002f17eee1c8d34def67da5ac8c9fb33b7fd4", "to": "0772af86d70664e325e22546e3fe7a4c6b82feefae381b62cab85b230fb21719", "ts": 1785720803.317912, "type": "send"}
{"delay": 0.02, "height": 6, "msg_type": "PRECOMMIT", "node": "967fe6e8b6c8221a582c62797d0002f17eee1c8d34def67da5ac8c9fb33b7fd4", "to": "13756c2a50bf937f4229883f98ab0b11b0562401f6976befce154a83a086793f", "ts": 1785720803.317946, "type": "send"}
{"delay": 0.02, "height": 6, "msg_type": "PRECOMMIT", "node": "967fe6e8b6c8221a582c62797d0002f17eee1c8d34def67da5ac8c9fb33b7fd4", "to": "3fde868ea6caf3041493f50fbcc45ebc3bad7edab4bad774a5dca2b91bec8af0", "ts": 1785720803.317965, "type": "send"}
{"delay": 0.02, "height": 6, "msg_type": "PRECOMMIT", "node": "967fe6e8b6c8221a582c62797d0002f17eee1c8d34def67da5ac8c9fb33b7fd4", "to": "4600e7073edcf35149235c417b55aed016ffc4133b445b7a44f86e142a6010ae", "ts": 1785720803.317997, "type": "send"}
{"delay": 0.02, "height": 6, "msg_type": "PRECOMMIT", "node": "967fe6e8b6c8221a582c62797d0002f17eee1c8d34def67da5ac8c9fb33b7fd4", "to": "c8568c45b20b7a1b9e0f4a5dadd1987eb3d6007e239fc9dd224eeb47b71799cf", "ts": 1785720803.318015, "type": "send"}
{"delay": 0.02, "height": 6, "msg_type": "PRECOMMIT", "node": "967fe6e8b6c8221a582c62797d0002f17eee1c8d34def67da5ac8c9fb33b7fd4", "to": "f08474af8ab0926587a2475f38484edb316eecc339239614a2d1eff9ccd01800", "ts": 1785720803.318036, "type": "send"}
{"delay": 0.02, "height": 6, "msg_type": "PRECOMMIT", "node": "967fe6e8b6c8221a582c62797d0002f17eee1c8d34def67da5ac8c9fb33b7fd4", "to": "f22393e0df7ce07fe1b9a4b8647ed82c1e636f80a5b858638dba3ccf3f416959", "ts": 1785720803.318057, "type": "send"}
{"delay": 0.02, "height": 6, "msg_type": "PRECOMMIT", "node": "c8568c45b20b7a1b9e0f4a5dadd1987eb3d6007e239fc9dd224eeb47b71799cf", "to": "0772af86d70664e325e22546e3fe7a4c6b82feefae381b62cab85b230fb21719", "ts": 1785720803.320243, "type": "send"}
{"delay": 0.02, "height": 6, "msg_type": "PRECOMMIT", "node": "c8568c45b20b7a1b9e0f4a5dadd1987eb3d6007e239fc9dd224eeb47b71799cf", "to": "13756c2a50bf937f4229883f98ab0b11b0562401f6976befce154a83a086793f", "ts": 1785720803.32028, "type": "send"}
{"delay": 0.02, "height": 6, "msg_type": "PRECOMMIT", "node": "c8568c45b20b7a1b9e0f4a5dadd1987eb3d6007e239fc9dd224eeb47b71799cf", "to": "3fde868ea6caf3041493f50fbcc45ebc3bad7edab4bad774a5dca2b91bec8af0", "ts": 1785720803.320301, "type": "send"}
{"delay": 0.02, "height": 6, "msg_type": "PRECOMMIT", "node": "c8568c45b20b7a1b9e0f4a5dadd1987eb3d6007e239fc9dd224eeb47b71799cf", "to": "4600e7073edcf35149235c417b55aed016ffc4133b445b7a44f86e142a6010ae", "ts": 1785720803.320337, "type": "send"}
{"delay": 0.02, "height": 6, "msg_type": "PRECOMMIT", "node": "c8568c45b20b7a1b9e0f4a5dadd1987eb3d6007e239fc9dd224eeb47b71799cf", "to": "967fe6e8b6c8221a582c62797d0002f17eee1c8d34def67da5ac8c9fb33b7fd4", "ts": 1785720803.320356, "type": "send"}
{"delay": 0.02, "height": 6, "msg_type": "PRECOMMIT", "node": "c8568c45b20b7a1b9e0f4a5dadd1987eb3d6007e239fc9dd224eeb47b71799cf", "to": "f08474af8ab0926587a2475f38484edb316eecc339239614a2d1eff9ccd01800", "ts": 1785720803.320376, "type": "send"}
{"delay": 0.02, "height": 6, "msg_type": "PRECOMMIT", "node": "c8568c45b20b7a1b9e0f4a5dadd1987eb3d6007e239fc9dd224eeb47b71799cf", "to": "f22393e0df7ce07fe1b9a4b8647ed82c1e636f80a5b858638dba3ccf3f416959", "ts": 1785720803.320396, "type": "send"}
{"delay": 0.02, "height": 6, "msg_type": "PRECOMMIT", "node": "f08474af8ab0926587a2475f38484edb316eecc339239614a2d1eff9ccd01800", "to": "0772af86d70664e325e22546e3fe7a4c6b82feefae381b62cab85b230fb21719", "ts": 1785720803.324097, "type": "send"}
{"delay": 0.02, "height": 6, "msg_type": "PRECOMMIT", "node": "f08474af8ab0926587a2475f38484edb316eecc339239614a2d1eff9ccd01800", "to": "13756c2a50bf937f4229883f98ab0b11b0562401f6976befce154a83a086793f", "ts": 1785720803.324231, "type": "send"}
{"delay": 0.02, "height": 6, "msg_type": "PRECOMMIT", "node": "f08474af8ab0926587a2475f38484edb316eecc339239614a2d1eff9ccd01800", "to": "3fde868ea6caf3041493f50fbcc45ebc3bad7edab4bad774a5dca2b91bec8af0", "ts": 1785720803.324438, "type": "send"}
{"delay": 0.02, "height": 6, "msg_type": "PRECOMMIT", "node": "f08474af8ab0926587a2475f38484edb316eecc339239614a2d1eff9ccd01800", "to": "4600e7073edcf35149235c417b55aed016ffc4133b445b7a44f86e142a6010ae", "ts": 1785720803.324553, "type": "send"}
{"delay": 0.02, "height": 6, "msg_type": "PRECOMMIT", "node": "f08474af8ab0926587a2475f38484edb316eecc339239614a2d1eff9ccd01800", "to": "967fe6e8b6c8221a582c62797d0002f17eee1c8d34def67da5ac8c9fb33b7fd4", "ts": 1785720803.324574, "type": "send"}
{"delay": 0.02, "height": 6, "msg_type": "PRECOMMIT", "node": "f08474af8ab0926587a2475f38484edb316eecc339239614a2d1eff9ccd01800", "to": "c8568c45b20b7a1b9e0f4a5dadd1987eb3d6007e239fc9dd224eeb47b71799cf", "ts": 1785720803.324592, "type": "send"}
{"delay": 0.02, "height": 6, "msg_type": "PRECOMMIT", "node": "f08474af8ab0926587a2475f38484edb316eecc339239614a2d1eff9ccd01800", "to": "f22393e0df7ce07fe1b9a4b8647ed82c1e636f80a5b858638dba3ccf3f416959", "ts": 1785720803.32461, "type": "send"}
{"delay": 0.02, "height": 6, "msg_type": "PRECOMMIT", "node": "f22393e0df7ce07fe1b9a4b8647ed82c1e636f80a5b858638dba3ccf3f416959", "to": "0772af86d70664e325e22546e3fe7a4c6b82feefae381b62cab85b230fb21719", "ts": 1785720803.327075, "type": "send"}
{"delay": 0.02, "height": 6, "msg_type": "PRECOMMIT", "node": "f22393e0df7ce07fe1b9a4b8647ed82c1e636f80a5b858638dba3ccf3f416959", "to": "13756c2a50bf937f4229883f98ab0b11b0562401f6976befce154a83a086793f", "ts": 1785720803.327111, "type": "send"}
{"delay": 0.02, "height": 6, "msg_type": "PRECOMMIT", "node": "f22393e0df7ce07fe1b9a4b8647ed82c1e636f80a5b858638dba3ccf3f416959", "to": "3fde868ea6caf3041493f50fbcc45ebc3bad7edab4bad774a5dca2b91bec8af0", "ts": 1785720803.327134, "type": "send"}
{"delay": 0.02, "height": 6, "msg_type": "PRECOMMIT", "node": "f22393e0df7ce07fe1b9a4b8647ed82c1e636f80a5b858638dba3ccf3f416959", "to": "4600e7073edcf35149235c417b55aed016ffc4133b445b7a44f86e142a6010ae", "ts": 1785720803.327155, "type": "send"}
{"delay": 0.02, "height": 6, "msg_type": "PRECOMMIT", "node": "f22393e0df7ce07fe1b9a4b8647ed82c1e636f80a5b858638dba3ccf3f416959", "to": "967fe6e8b6c8221a582c62797d0002f17eee1c8d34def67da5ac8c9fb33b7fd4", "ts": 1785720803.327179, "type": "send"}
{"delay": 0.02, "height": 6, "msg_type": "PRECOMMIT", "node": "f22393e0df7ce07fe1b9a4b8647ed82c1e636f80a5b858638dba3ccf3f416959", "to": "c8568c45b20b7a1b9e0f4a5dadd1987eb3d6007e239fc9dd224eeb47b71799cf", "ts": 1785720803.327199, "type": "send"}
{"delay": 0.02, "height": 6, "msg_type": "PRECOMMIT", "node": "f22393e0df7ce07fe1b9a4b8647ed82c1e636f80a5b858638dba3ccf3f416959", "to": "f08474af8ab0926587a2475f38484edb316eecc339239614a2d1eff9ccd01800", "ts": 1785720803.327219, "type": "send"}
{"delay": 0.02, "height": 6, "msg_type": "PRECOMMIT", "node": "0772af86d70664e325e22546e3fe7a4c6b82feefae381b62cab85b230fb21719", "to": "13756c2a50bf937f4229883f98ab0b11b0562401f6976befce154a83a086793f", "ts": 1785720803.329366, "type": "send"}
{"delay": 0.02, "height": 6, "msg_type": "PRECOMMIT", "node": "0772af86d70664e325e22546e3fe7a4c6b82feefae381b62cab85b230fb21719", "to": "3fde868ea6caf3041493f50fbcc45ebc3bad7edab4bad774a5dca2b91bec8af0", "ts": 1785720803.329397, "type": "send"}
{"delay": 0.02, "height": 6, "msg_type": "PRECOMMIT", "node": "0772af86d70664e325e22546e3fe7a4c6b82feefae381b62cab85b230fb21719", "to": "4600e7073edcf35149235c417b55aed016ffc4133b445b7a44f86e142a6010ae", "ts": 1785720803.329417, "type": "send"}
{"delay": 0.02, "height": 6, "msg_type": "PRECOMMIT", "node": "0772af86d70664e325e22546e3fe7a4c6b82feefae381b62cab85b230fb21719", "to": "967fe6e8b6c8221a582c62797d0002f17eee1c8d34def67da5ac8c9fb33b7fd4", "ts": 1785720803.329437, "type": "send"}
{"delay": 0.02, "height": 6, "msg_type": "PRECOMMIT", "node": "0772af86d70664e325e22546e3fe7a4c6b82feefae381b62cab85b230fb21719", "to": "c8568c45b20b7a1b9e0f4a5dadd1987eb3d6007e239fc9dd224eeb47b71799cf", "ts": 1785720803.329452, "type": "send"}
{"delay": 0.02, "height": 6, "msg_type": "PRECOMMIT", "node": "0772af86d70664e325e22546e3fe7a4c6b82feefae381b62cab85b230fb21719", "to": "f08474af8ab0926587a2475f38484edb316eecc339239614a2d1eff9ccd01800", "ts": 1785720803.329473, "type": "send"}
{"delay": 0.02, "height": 6, "msg_type": "PRECOMMIT", "node": "0772af86d70664e325e22546e3fe7a4c6b82feefae381b62cab85b230fb21719", "to": "f22393e0df7ce07fe1b9a4b8647ed82c1e636f80a5b858638dba3ccf3f416959", "ts": 1785720803.329487, "type": "send"}
{"from": "13756c2a50bf937f4229883f98ab0b11b0562401f6976befce154a83a086793f", "height": 6, "msg_type": "PRECOMMIT", "node": "0772af86d70664e325e22546e3fe7a4c6b82feefae381b62cab85b230fb21719", "ts": 1785720803.359777, "type": "deliver"}
{"from": "13756c2a50bf937f4229883f98ab0b11b0562401f6976befce154a83a086793f", "height": 6, "msg_type": "PRECOMMIT", "node": "3fde868ea6caf3041493f50fbcc45ebc3bad7edab4bad774a5dca2b91bec8af0", "ts": 1785720803.359821, "type": "deliver"}
{"from": "13756c2a50bf937f4229883f98ab0b11b0562401f6976befce154a83a086793f", "height": 6, "msg_type": "PRECOMMIT", "node": "4600e7073edcf35149235c417b55aed016ffc4133b445b7a44f86e142a6010ae", "ts": 1785720803.359848, "type": "deliver"}
{"from": "13756c2a50bf937f4229883f98ab0b11b0562401f6976befce154a83a086793f", "height": 6, "msg_type": "PRECOMMIT", "node": "967fe6e8b6c8221a582c62797d0002f17eee1c8d34def67da5ac8c9fb33b7fd4", "ts": 1785720803.359873, "type": "deliver"}
{"from": "13756c2a50bf937f4229883f98ab0b11b0562401f6976befce154a83a086793f", "height": 6, "msg_type": "PRECOMMIT", "node": "c8568c45b20b7a1b9e0f4a5dadd1987eb3d6007e239fc9dd224eeb47b71799cf", "ts": 1785720803.359897, "type": "deliver"}
{"from": "13756c2a50bf937f4229883f98ab0b11b0562401f6976befce154a83a086793f", "height": 6, "msg_type": "PRECOMMIT", "node": "f08474af8ab0926587a2475f38484edb316eecc339239614a2d1eff9ccd01800", "ts": 1785720803.359921, "type": "deliver"}
{"from": "13756c2a50bf937f4229883f98ab0b11b0562401f6976befce154a83a086793f", "height": 6, "msg_type": "PRECOMMIT", "node": "f22393e0df7ce07fe1b9a4b8647ed82c1e636f80a5b858638dba3ccf3f416959", "ts": 1785720803.359944, "type": "deliver"}
{"from": "3fde868ea6caf3041493f50fbcc45ebc3bad7edab4bad774a5dca2b91bec8af0", "height": 6, "msg_type": "PRECOMMIT", "node": "0772af86d70664e325e22546e3fe7a4c6b82feefae381b62cab85b230fb21719", "ts": 1785720803.359965, "type": "deliver"}
{"from": "3fde868ea6caf3041493f50fbcc45ebc3bad7edab4bad774a5dca2b91bec8af0", "height": 6, "msg_type": "PRECOMMIT", "node": "13756c2a50bf937f4229883f98ab0b11b0562401f6976befce154a83a086793f", "ts": 1785720803.359988, "type": "deliver"}
{"from": "3fde868ea6caf3041493f50fbcc45ebc3bad7edab4bad774a5dca2b91bec8af0", "height": 6, "msg_type": "PRECOMMIT", "node": "4600e7073edcf35149235c417b55aed016ffc4133b445b7a44f86e142a6010ae", "ts": 1785720803.360011, "type": "deliver"}
{"from": "3fde868ea6caf3041493f50fbcc45ebc3bad7edab4bad774a5dca2b91bec8af0", "height": 6, "msg_type": "PRECOMMIT", "node": "967fe6e8b6c8221a582c62797d0002f17eee1c8d34def67da5ac8c9fb33b7fd4", "ts": 1785720803.360029, "type": "deliver"}
{"from": "3fde868ea6caf3041493f50fbcc45ebc3bad7edab4bad774a5dca2b91bec8af0", "height": 6, "msg_type": "PRECOMMIT", "node": "c8568c45b20b7a1b9e0f4a5dadd1987eb3d6007e239fc9dd224eeb47b71799cf", "ts": 1785720803.360046, "type": "deliver"}
{"from": "3fde868ea6caf3041493f50fbcc45ebc3bad7edab4bad774a5dca2b91bec8af0", "height": 6, "msg_type": "PRECOMMIT", "node": "f08474af8ab0926587a2475f38484edb316eecc339239614a2d1eff9ccd01800", "ts": 1785720803.360063, "type": "deliver"}
{"from": "3fde868ea6caf3041493f50fbcc45ebc3bad7edab4bad774a5dca2b91bec8af0", "height": 6, "msg_type": "PRECOMMIT", "node": "f22393e0df7ce07fe1b9a4b8647ed82c1e636f80a5b858638dba3ccf3f416959", "ts": 1785720803.360081, "type": "deliver"}
{"from": "4600e7073edcf35149235c417b55aed016ffc4133b445b7a44f86e142a6010ae", "height": 6, "msg_type": "PRECOMMIT", "node": "0772af86d70664e325e22546e3fe7a4c6b82feefae381b62cab85b230fb21719", "ts": 1785720803.360099, "type": "deliver"}
{"from": "4600e7073edcf35149235c417b55aed016ffc4133b445b7a44f86e142a6010ae", "height": 6, "msg_type": "PRECOMMIT", "node": "13756c2a50bf937f4229883f98ab0b11b0562401f6976befce154a83a086793f", "ts": 1785720803.360117, "type": "deliver"}
{"from": "4600e7073edcf35149235c417b55aed016ffc4133b445b7a44f86e142a6010ae", "height": 6, "msg_type": "PRECOMMIT", "node": "3fde868ea6caf3041493f50fbcc45ebc3bad7edab4bad774a5dca2b91bec8af0", "ts": 1785720803.360136, "type": "deliver"}
{"from": "4600e7073edcf35149235c417b55aed016ffc4133b445b7a44f86e142a6010ae", "height": 6, "msg_type": "PRECOMMIT", "node": "967fe6e8b6c8221a582c62797d0002f17eee1c8d34def67da5ac8c9fb33b7fd4", "ts": 1785720803.360154, "type": "deliver"}
{"from": "4600e7073edcf35149235c417b55aed016ffc4133b445b7a44f86e142a6010ae", "height": 6, "msg_type": "PRECOMMIT", "node": "c8568c45b20b7a1b9e0f4a5dadd1987eb3d6007e239fc9dd224eeb47b71799cf", "ts": 1785720803.360167, "type": "deliver"}
{"from": "4600e7073edcf35149235c417b55aed016ffc4133b445b7a44f86e142a6010ae", "height": 6, "msg_type": "PRECOMMIT", "node": "f08474af8ab0926587a2475f38484edb316eecc339239614a2d1eff9ccd01800", "ts": 1785720803.360186, "type": "deliver"}
{"from": "4600e7073edcf35149235c417b55aed016ffc4133b445b7a44f86e142a6010ae", "height": 6, "msg_type": "PRECOMMIT", "node": "f22393e0df7ce07fe1b9a4b8647ed82c1e636f80a5b858638dba3ccf3f416959", "ts": 1785720803.360199, "type": "deliver"}
{"from": "967fe6e8b6c8221a582c62797d0002f17eee1c8d34def67da5ac8c9fb33b7fd4", "height": 6, "msg_type": "PRECOMMIT", "node": "0772af86d70664e325e22546e3fe7a4c6b82feefae381b62cab85b230fb21719", "ts": 1785720803.360211, "type": "deliver"}
{"from": "967fe6e8b6c8221a582c62797d0002f17eee1c8d34def67da5ac8c9fb33b7fd4", "height": 6, "msg_type": "PRECOMMIT", "node": "13756c2a50bf937f4229883f98ab0b11b0562401f6976befce154a83a086793f", "ts": 1785720803.360228, "type": "deliver"}
{"from": "967fe6e8b6c8221a582c62797d0002f17eee1c8d34def67da5ac8c9fb33b7fd4", "height": 6, "msg_type": "PRECOMMIT", "node": "3fde868ea6caf3041493f50fbcc45ebc3bad7edab4bad774a5dca2b91bec8af0", "ts": 1785720803.360246, "type": "deliver"}
{"from": "967fe6e8b6c8221a582c62797d0002f17eee1c8d34def67da5ac8c9fb33b7fd4", "height": 6, "msg_type": "PRECOMMIT", "node": "4600e7073edcf35149235c417b55aed016ffc4133b445b7a44f86e142a6010ae", "ts": 1785720803.360264, "type": "deliver"}
{"from": "967fe6e8b6c8221a582c62797d0002f17eee1c8d34def67da5ac8c9fb33b7fd4", "height": 6, "msg_type": "PRECOMMIT", "node": "c8568c45b20b7a1b9e0f4a5dadd1987eb3d6007e239fc9dd224eeb47b71799cf", "ts": 1785720803.360282, "type": "deliver"}
{"from": "967fe6e8b6c8221a582c62797d0002f17eee1c8d34def67da5ac8c9fb33b7fd4", "height": 6, "msg_type": "PRECOMMIT", "node": "f08474af8ab0926587a2475f38484edb316eecc339239614a2d1eff9ccd01800", "ts": 1785720803.360299, "type": "deliver"}
{"from": "967fe6e8b6c8221a582c62797d0002f17eee1c8d34def67da5ac8c9fb33b7fd4", "height": 6, "msg_type": "PRECOMMIT", "node": "f22393e0df7ce07fe1b9a4b8647ed82c1e636f80a5b858638dba3ccf3f416959", "ts": 1785720803.360316, "type": "deliver"}
{"from": "c8568c45b20b7a1b9e0f4a5dadd1987eb3d6007e239fc9dd224eeb47b71799cf", "height": 6, "msg_type": "PRECOMMIT", "node": "0772af86d70664e325e22546e3fe7a4c6b82feefae381b62cab85b230fb21719", "ts": 1785720803.360332, "type": "deliver"}
{"from": "c8568c45b20b7a1b9e0f4a5dadd1987eb3d6007e239fc9dd224eeb47b71799cf", "height": 6, "msg_type": "PRECOMMIT", "node": "13756c2a50bf937f4229883f98ab0b11b0562401f6976befce154a83a086793f", "ts": 1785720803.360348, "type": "deliver"}
{"from": "c8568c45b20b7a1b9e0f4a5dadd1987eb3d6007e239fc9dd224eeb47b71799cf", "height": 6, "msg_type": "PRECOMMIT", "node": "3fde868ea6caf3041493f50fbcc45ebc3bad7edab4bad774a5dca2b91bec8af0", "ts": 1785720803.360364, "type": "deliver"}
{"from": "c8568c45b20b7a1b9e0f4a5dadd1987eb3d6007e239fc9dd224eeb47b71799cf", "height": 6, "msg_type": "PRECOMMIT", "node": "4600e7073edcf35149235c417b55aed016ffc4133b445b7a44f86e142a6010ae", "ts": 1785720803.36038, "type": "deliver"}
{"from": "c8568c45b20b7a1b9e0f4a5dadd1987eb3d6007e239fc9dd224eeb47b71799cf", "height": 6, "msg_type": "PRECOMMIT", "node": "967fe6e8b6c8221a582c62797d0002f17eee1c8d34def67da5ac8c9fb33b7fd4", "ts": 1785720803.360397, "type": "deliver"}
{"from": "c8568c45b20b7a1b9e0f4a5dadd1987eb3d6007e239fc9dd224eeb47b71799cf", "height": 6, "msg_type": "PRECOMMIT", "node": "f08474af8ab0926587a2475f38484edb316eecc339239614a2d1eff9ccd01800", "ts": 1785720803.360415, "type": "deliver"}
{"from": "c8568c45b20b7a1b9e0f4a5dadd1987eb3d6007e239fc9dd224eeb47b71799cf", "height": 6, "msg_type": "PRECOMMIT", "node": "f22393e0df7ce07fe1b9a4b8647ed82c1e636f80a5b858638dba3ccf3f416959", "ts": 1785720803.360434, "type": "deliver"}
{"from": "f08474af8ab0926587a2475f38484edb316eecc339239614a2d1eff9ccd01800", "height": 6, "msg_type": "PRECOMMIT", "node": "0772af86d70664e325e22546e3fe7a4c6b82feefae381b62cab85b230fb21719", "ts": 1785720803.360452, "type": "deliver"}
{"from": "f08474af8ab0926587a2475f38484edb316eecc339239614a2d1eff9ccd01800", "height": 6, "msg_type": "PRECOMMIT", "node": "13756c2a50bf937f4229883f98ab0b11b0562401f6976befce154a83a086793f", "ts": 1785720803.360469, "type": "deliver"}
{"from": "f08474af8ab0926587a2475f38484edb316eecc339239614a2d1eff9ccd01800", "height": 6, "msg_type": "PRECOMMIT", "node": "3fde868ea6caf3041493f50fbcc45ebc3bad7edab4bad774a5dca2b91bec8af0", "ts": 1785720803.360484, "type": "deliver"}
{"from": "f08474af8ab0926587a2475f38484edb316eecc339239614a2d1eff9ccd01800", "height": 6, "msg_type": "PRECOMMIT", "node": "4600e7073edcf35149235c417b55aed016ffc4133b445b7a44f86e142a6010ae", "ts": 1785720803.360501, "type": "deliver"}
{"from": "f08474af8ab0926587a2475f38484edb316eecc339239614a2d1eff9ccd01800", "height": 6, "msg_type": "PRECOMMIT", "node": "967fe6e8b6c8221a582c62797d0002f17eee1c8d34def67da5ac8c9fb33b7fd4", "ts": 1785720803.360514, "type": "deliver"}
{"from": "f08474af8ab0926587a2475f38484edb316eecc339239614a2d1eff9ccd01800", "height": 6, "msg_type": "PRECOMMIT", "node": "c8568c45b20b7a1b9e0f4a5dadd1987eb3d6007e239fc9dd224eeb47b71799cf", "ts": 1785720803.36053, "type": "deliver"}
{"from": "f08474af8ab0926587a2475f38484edb316eecc339239614a2d1eff9ccd01800", "height": 6, "msg_type": "PRECOMMIT", "node": "f22393e0df7ce07fe1b9a4b8647ed82c1e636f80a5b858638dba3ccf3f416959", "ts": 1785720803.360548, "type": "deliver"}
{"from": "f22393e0df7ce07fe1b9a4b8647ed82c1e636f80a5b858638dba3ccf3f416959", "height": 6, "msg_type": "PRECOMMIT", "node": "0772af86d70664e325e22546e3fe7a4c6b82feefae381b62cab85b230fb21719", "ts": 1785720803.360565, "type": "deliver"}
{"from": "f22393e0df7ce07fe1b9a4b8647ed82c1e636f80a5b858638dba3ccf3f416959", "height": 6, "msg_type": "PRECOMMIT", "node": "13756c2a50bf937f4229883f98ab0b11b0562401f6976befce154a83a086793f", "ts": 1785720803.360584, "type": "deliver"}
{"from": "f22393e0df7ce07fe1b9a4b8647ed82c1e636f80a5b858638dba3ccf3f416959", "height": 6, "msg_type": "PRECOMMIT", "node": "3fde868ea6caf3041493f50fbcc45ebc3bad7edab4bad774a5dca2b91bec8af0", "ts": 1785720803.360623, "type": "deliver"}
{"from": "f22393e0df7ce07fe1b9a4b8647ed82c1e636f80a5b858638dba3ccf3f416959", "height": 6, "msg_type": "PRECOMMIT", "node": "4600e7073edcf35149235c417b55aed016ffc4133b445b7a44f86e142a6010ae", "ts": 1785720803.360661, "type": "deliver"}
{"from": "f22393e0df7ce07fe1b9a4b8647ed82c1e636f80a5b858638dba3ccf3f416959", "height": 6, "msg_type": "PRECOMMIT", "node": "967fe6e8b6c8221a582c62797d0002f17eee1c8d34def67da5ac8c9fb33b7fd4", "ts": 1785720803.360686, "type": "deliver"}
{"from": "f22393e0df7ce07fe1b9a4b8647ed82c1e636f80a5b858638dba3ccf3f416959", "height": 6, "msg_type": "PRECOMMIT", "node": "c8568c45b20b7a1b9e0f4a5dadd1987eb3d6007e239fc9dd224eeb47b71799cf", "ts": 1785720803.360704, "type": "deliver"}
{"from": "f22393e0df7ce07fe1b9a4b8647ed82c1e636f80a5b858638dba3ccf3f416959", "height": 6, "msg_type": "PRECOMMIT", "node": "f08474af8ab0926587a2475f38484edb316eecc339239614a2d1eff9ccd01800", "ts": 1785720803.360722, "type": "deliver"}
{"from": "0772af86d70664e325e22546e3fe7a4c6b82feefae381b62cab85b230fb21719", "height": 6, "msg_type": "PRECOMMIT", "node": "13756c2a50bf937f4229883f98ab0b11b0562401f6976befce154a83a086793f", "ts": 1785720803.360741, "type": "deliver"}
{"from": "0772af86d70664e325e22546e3fe7a4c6b82feefae381b62cab85b230fb21719", "height": 6, "msg_type": "PRECOMMIT", "node": "3fde868ea6caf3041493f50fbcc45ebc3bad7edab4bad774a5dca2b91bec8af0", "ts": 1785720803.360759, "type": "deliver"}
{"from": "0772af86d70664e325e22546e3fe7a4c6b82feefae381b62cab85b230fb21719", "height": 6, "msg_type": "PRECOMMIT", "node": "4600e7073edcf35149235c417b55aed016ffc4133b445b7a44f86e142a6010ae", "ts": 1785720803.360778, "type": "deliver"}
{"from": "0772af86d70664e325e22546e3fe7a4c6b82feefae381b62cab85b230fb21719", "height": 6, "msg_type": "PRECOMMIT", "node": "967fe6e8b6c8221a582c62797d0002f17eee1c8d34def67da5ac8c9fb33b7fd4", "ts": 1785720803.360797, "type": "deliver"}
{"from": "0772af86d70664e325e22546e3fe7a4c6b82feefae381b62cab85b230fb21719", "height": 6, "msg_type": "PRECOMMIT", "node": "c8568c45b20b7a1b9e0f4a5dadd1987eb3d6007e239fc9dd224eeb47b71799cf", "ts": 1785720803.360811, "type": "deliver"}
{"from": "0772af86d70664e325e22546e3fe7a4c6b82feefae381b62cab85b230fb21719", "height": 6, "msg_type": "PRECOMMIT", "node": "f08474af8ab0926587a2475f38484edb316eecc339239614a2d1eff9ccd01800", "ts": 1785720803.360824, "type": "deliver"}
{"from": "0772af86d70664e325e22546e3fe7a4c6b82feefae381b62cab85b230fb21719", "height": 6, "msg_type": "PRECOMMIT", "node": "f22393e0df7ce07fe1b9a4b8647ed82c1e636f80a5b858638dba3ccf3f416959", "ts": 1785720803.360837, "type": "deliver"}
{"delay": 0.02, "height": 7, "msg_type": "PROPOSAL", "node": "f22393e0df7ce07fe1b9a4b8647ed82c1e636f80a5b858638dba3ccf3f416959", "to": "0772af86d70664e325e22546e3fe7a4c6b82feefae381b62cab85b230fb21719", "ts": 1785720803.371297, "type": "send"}
{"delay": 0.02, "height": 7, "msg_type": "PROPOSAL", "node": "f22393e0df7ce07fe1b9a4b8647ed82c1e636f80a5b858638dba3ccf3f416959", "to": "13756c2a50bf937f4229883f98ab0b11b0562401f6976befce154a83a086793f", "ts": 1785720803.371326, "type": "send"}
{"delay": 0.02, "height": 7, "msg_type": "PROPOSAL", "node": "f22393e0df7ce07fe1b9a4b8647ed82c1e636f80a5b858638dba3ccf3f416959", "to": "3fde868ea6caf3041493f50fbcc45ebc3bad7edab4bad774a5dca2b91bec8af0", "ts": 1785720803.371349, "type": "send"}
{"delay": 0.02, "height": 7, "msg_type": "PROPOSAL", "node": "f22393e0df7ce07fe1b9a4b8647ed82c1e636f80a5b858638dba3ccf3f416959", "to": "4600e7073edcf35149235c417b55aed016ffc4133b445b7a44f86e142a6010ae", "ts": 1785720803.371371, "type": "send"}
{"delay": 0.02, "height": 7, "msg_type": "PROPOSAL", "node": "f22393e0df7ce07fe1b9a4b8647ed82c1e636f80a5b858638dba3ccf3f416959", "to": "967fe6e8b6c8221a582c62797d0002f17eee1c8d34def67da5ac8c9fb33b7fd4", "ts": 1785720803.371392, "type": "send"}
{"delay": 0.02, "height": 7, "msg_type": "PROPOSAL", "node": "f22393e0df7ce07fe1b9a4b8647ed82c1e636f80a5b858638dba3ccf3f416959", "to": "c8568c45b20b7a1b9e0f4a5dadd1987eb3d6007e239fc9dd224eeb47b71799cf", "ts": 1785720803.371412, "type": "send"}
{"delay": 0.02, "height": 7, "msg_type": "PROPOSAL", "node": "f22393e0df7ce07fe1b9a4b8647ed82c1e636f80a5b858638dba3ccf3f416959", "to": "f08474af8ab0926587a2475f38484edb316eecc339239614a2d1eff9ccd01800", "ts": 1785720803.371433, "type": "send"}
{"delay": 0.02, "height": 7, "msg_type": "PREVOTE", "node": "f22393e0df7ce07fe1b9a4b8647ed82c1e636f80a5b858638dba3ccf3f416959", "to": "0772af86d70664e325e22546e3fe7a4c6b82feefae381b62cab85b230fb21719", "ts": 1785720803.371964, "type": "send"}
{"delay": 0.02, "height": 7, "msg_type": "PREVOTE", "node": "f22393e0df7ce07fe1b9a4b8647ed82c1e636f80a5b858638dba3ccf3f416959", "to": "13756c2a50bf937f4229883f98ab0b11b0562401f6976befce154a83a086793f", "ts": 1785720803.372009, "type": "send"}
{"delay": 0.02, "height": 7, "msg_type": "PREVOTE", "node": "f22393e0df7ce07fe1b9a4b8647ed82c1e636f80a5b858638dba3ccf3f416959", "to": "3fde868ea6caf3041493f50fbcc45ebc3bad7edab4bad774a5dca2b91bec8af0", "ts": 1785720803.372032, "type": "send"}
{"delay": 0.02, "height": 7, "msg_type": "PREVOTE", "node": "f22393e0df7ce07fe1b9a4b8647ed82c1e636f80a5b858638dba3ccf3f416959", "to": "4600e7073edcf35149235c417b55aed016ffc4133b445b7a44f86e142a6010ae", "ts": 1785720803.372055, "type": "send"}
{"delay": 0.02, "height": 7, "msg_type": "PREVOTE", "node": "f22393e0df7ce07fe1b9a4b8647ed82c1e636f80a5b858638dba3ccf3f416959", "to": "967fe6e8b6c8221a582c62797d0002f17eee1c8d34def67da5ac8c9fb33b7fd4", "ts": 1785720803.372098, "type": "send"}
{"delay": 0.02, "height": 7, "msg_type": "PREVOTE", "node": "f22393e0df7ce07fe1b9a4b8647ed82c1e636f80a5b858638dba3ccf3f416959", "to": "c8568c45b20b7a1b9e0f4a5dadd1987eb3d6007e239fc9dd224eeb47b71799cf", "ts": 1785720803.372118, "type": "send"}
{"delay": 0.02, "height": 7, "msg_type": "PREVOTE", "node": "f22393e0df7ce07fe1b9a4b8647ed82c1e636f80a5b858638dba3ccf3f416959", "to": "f08474af8ab0926587a2475f38484edb316eecc339239614a2d1eff9ccd01800", "ts": 1785720803.372136, "type": "send"}
{"from": "f22393e0df7ce07fe1b9a4b8647ed82c1e636f80a5b858638dba3ccf3f416959", "height": 7, "msg_type": "PROPOSAL", "node": "0772af86d70664e325e22546e3fe7a4c6b82feefae381b62cab85b230fb21719", "ts": 1785720803.409797, "type": "deliver"}
{"from": "f22393e0df7ce07fe1b9a4b8647ed82c1e636f80a5b858638dba3ccf3f416959", "height": 7, "msg_type": "PROPOSAL", "node": "13756c2a50bf937f4229883f98ab0b11b0562401f6976befce154a83a086793f", "ts": 1785720803.409839, "type": "deliver"}
{"from": "f22393e0df7ce07fe1b9a4b8647ed82c1e636f80a5b858638dba3ccf3f416959", "height": 7, "msg_type": "PROPOSAL", "node": "3fde868ea6caf3041493f50fbcc45ebc3bad7edab4bad774a5dca2b91bec8af0", "ts": 1785720803.409861, "type": "deliver"}
{"from": "f22393e0df7ce07fe1b9a4b8647ed82c1e636f80a5b858638dba3ccf3f416959", "height": 7, "msg_type": "PROPOSAL", "node": "4600e7073edcf35149235c417b55aed016ffc4133b445b7a44f86e142a6010ae", "ts": 1785720803.409879, "type": "deliver"}
{"from": "f22393e0df7ce07fe1b9a4b8647ed82c1e636f80a5b858638dba3ccf3f416959", "height": 7, "msg_type": "PROPOSAL", "node": "967fe6e8b6c8221a582c62797d0002f17eee1c8d34def67da5ac8c9fb33b7fd4", "ts": 1785720803.409898, "type": "deliver"}
{"from": "f22393e0df7ce07fe1b9a4b8647ed82c1e636f80a5b858638dba3ccf3f416959", "height": 7, "msg_type": "PROPOSAL", "node": "c8568c45b20b7a1b9e0f4a5dadd1987eb3d6007e239fc9dd224eeb47b71799cf", "ts": 1785720803.409919, "type": "deliver"}
{"from": "f22393e0df7ce07fe1b9a4b8647ed82c1e636f80a5b858638dba3ccf3f416959", "height": 7, "msg_type": "PROPOSAL", "node": "f08474af8ab0926587a2475f38484edb316eecc339239614a2d1eff9ccd01800", "ts": 1785720803.409937, "type": "deliver"}
{"from": "f22393e0df7ce07fe1b9a4b8647ed82c1e636f80a5b858638dba3ccf3f416959", "height": 7, "msg_type": "PREVOTE", "node": "0772af86d70664e325e22546e3fe7a4c6b82feefae381b62cab85b230fb21719", "ts": 1785720803.409956, "type": "deliver"}
{"from": "f22393e0df7ce07fe1b9a4b8647ed82c1e636f80a5b858638dba3ccf3f416959", "height": 7, "msg_type": "PREVOTE", "node": "13756c2a50bf937f4229883f98ab0b11b0562401f6976befce154a83a086793f", "ts": 1785720803.40997, "type": "deliver"}
{"from": "f22393e0df7ce07fe1b9a4b8647ed82c1e636f80a5b858638dba3ccf3f416959", "height": 7, "msg_type": "PREVOTE", "node": "3fde868ea6caf3041493f50fbcc45ebc3bad7edab4bad774a5dca2b91bec8af0", "ts": 1785720803.409992, "type": "deliver"}
{"from": "f22393e0df7ce07fe1b9a4b8647ed82c1e636f80a5b858638dba3ccf3f416959", "height": 7, "msg_type": "PREVOTE", "node": "4600e7073edcf35149235c417b55aed016ffc4133b445b7a44f86e142a6010ae", "ts": 1785720803.410008, "type": "deliver"}
{"from": "f22393e0df7ce07fe1b9a4b8647ed82c1e636f80a5b858638dba3ccf3f416959", "height": 7, "msg_type": "PREVOTE", "node": "967fe6e8b6c8221a582c62797d0002f17eee1c8d34def67da5ac8c9fb33b7fd4", "ts": 1785720803.410023, "type": "deliver"}
{"from": "f22393e0df7ce07fe1b9a4b8647ed82c1e636f80a5b858638dba3ccf3f416959", "height": 7, "msg_type": "PREVOTE", "node": "c8568c45b20b7a1b9e0f4a5dadd1987eb3d6007e239fc9dd224eeb47b71799cf", "ts": 1785720803.410037, "type": "deliver"}
{"from": "f22393e0df7ce07fe1b9a4b8647ed82c1e636f80a5b858638dba3ccf3f416959", "height": 7, "msg_type": "PREVOTE", "node": "f08474af8ab0926587a2475f38484edb316eecc339239614a2d1eff9ccd01800", "ts": 1785720803.410051, "type": "deliver"}
{"delay": 0.02, "height": 7, "msg_type": "PREVOTE", "node": "0772af86d70664e325e22546e3fe7a4c6b82feefae381b62cab85b230fb21719", "to": "13756c2a50bf937f4229883f98ab0b11b0562401f6976befce154a83a086793f", "ts": 1785720803.411938, "type": "send"}
{"delay": 0.02, "height": 7, "msg_type": "PREVOTE", "node": "0772af86d70664e325e22546e3fe7a4c6b82feefae381b62cab85b230fb21719", "to": "3fde868ea6caf3041493f50fbcc45ebc3bad7edab4bad774a5dca2b91bec8af0", "ts": 1785720803.411976, "type": "send"}
{"delay": 0.02, "height": 7, "msg_type": "PREVOTE", "node": "0772af86d70664e325e22546e3fe7a4c6b82feefae381b62cab85b230fb21719", "to": "4600e7073edcf35149235c417b55aed016ffc4133b445b7a44f86e142a6010ae", "ts": 1785720803.412003, "type": "send"}
{"delay": 0.02, "height": 7, "msg_type": "PREVOTE", "node": "0772af86d70664e325e22546e3fe7a4c6b82feefae381b62cab85b230fb21719", "to": "967fe6e8b6c8221a582c62797d0002f17eee1c8d34def67da5ac8c9fb33b7fd4", "ts": 1785720803.412018, "type": "send"}
{"delay": 0.02, "height": 7, "msg_type": "PREVOTE", "node": "0772af86d70664e325e22546e3fe7a4c6b82feefae381b62cab85b230fb21719", "to": "c8568c45b20b7a1b9e0f4a5dadd1987eb3d6007e239fc9dd224eeb47b71799cf", "ts": 1785720803.412033, "type": "send"}
{"delay": 0.02, "height": 7, "msg_type": "PREVOTE", "node": "0772af86d70664e325e22546e3fe7a4c6b82feefae381b62cab85b230fb21719", "to": "f08474af8ab0926587a2475f38484edb316eecc339239614a2d1eff9ccd01800", "ts": 1785720803.412824, "type": "send"}
{"delay": 0.02, "height": 7, "msg_type": "PREVOTE", "node": "0772af86d70664e325e22546e3fe7a4c6b82feefae381b62cab85b230fb21719", "to": "f22393e0df7ce07fe1b9a4b8647ed82c1e636f80a5b858638dba3ccf3f416959", "ts": 1785720803.412855, "type": "send"}
{"delay": 0.02, "height": 7, "msg_type": "PREVOTE", "node": "13756c2a50bf937f4229883f98ab0b11b0562401f6976befce154a83a086793f", "to": "0772af86d70664e325e22546e3fe7a4c6b82feefae381b62cab85b230fb21719", "ts": 1785720803.414047, "type": "send"}
{"delay": 0.02, "height": 7, "msg_type": "PREVOTE", "node": "13756c2a50bf937f4229883f98ab0b11b0562401f6976befce154a83a086793f", "to": "3fde868ea6caf3041493f50fbcc45ebc3bad7edab4bad774a5dca2b91bec8af0", "ts": 1785720803.414117, "type": "send"}
{"delay": 0.02, "height": 7, "msg_type": "PREVOTE", "node": "13756c2a50bf937f4229883f98ab0b11b0562401f6976befce154a83a086793f", "to": "4600e7073edcf35149235c417b55aed016ffc4133b445b7a44f86e142a6010ae", "ts": 1785720803.414158, "type": "send"}
{"delay": 0.02, "height": 7, "msg_type": "PREVOTE", "node": "13756c2a50bf937f4229883f98ab0b11b0562401f6976befce154a83a086793f", "to": "967fe6e8b6c8221a582c62797d0002f17eee1c8d34def67da5ac8c9fb33b7fd4", "ts": 1785720803.414182, "type": "send"}
{"delay": 0.02, "height": 7, "msg_type": "PREVOTE", "node": "13756c2a50bf937f4229883f98ab0b11b0562401f6976befce154a83a086793f", "to": "c8568c45b20b7a1b9e0f4a5dadd1987eb3d6007e239fc9dd224eeb47b71799cf", "ts": 1785720803.414199, "type": "send"}
{"delay": 0.02, "height": 7, "msg_type": "PREVOTE", "node": "13756c2a50bf937f4229883f98ab0b11b0562401f6976befce154a83a086793f", "to": "f08474af8ab0926587a2475f38484edb316eecc339239614a2d1eff9ccd01800", "ts": 1785720803.414214, "type": "send"}
{"delay": 0.02, "height": 7, "msg_type": "PREVOTE", "node": "13756c2a50bf937f4229883f98ab0b11b0562401f6976befce154a83a086793f", "to": "f22393e0df7ce07fe1b9a4b8647ed82c1e636f80a5b858638dba3ccf3f416959", "ts": 1785720803.414228, "type": "send"}
{"delay": 0.02, "height": 7, "msg_type": "PREVOTE", "node": "3fde868ea6caf3041493f50fbcc45ebc3bad7edab4bad774a5dca2b91bec8af0", "to": "0772af86d70664e325e22546e3fe7a4c6b82feefae381b62cab85b230fb21719", "ts": 1785720803.416759, "type": "send"}
{"delay": 0.02, "height": 7, "msg_type": "PREVOTE", "node": "3fde868ea6caf3041493f50fbcc45ebc3bad7edab4bad774a5dca2b91bec8af0", "to": "13756c2a50bf937f4229883f98ab0b11b0562401f6976befce154a83a086793f", "ts": 1785720803.416795, "type": "send"}
{"delay": 0.02, "height": 7, "msg_type": "PREVOTE", "node": "3fde868ea6caf3041493f50fbcc45ebc3bad7edab4bad774a5dca2b91bec8af0", "to": "4600e7073edcf35149235c417b55aed016ffc4133b445b7a44f86e142a6010ae", "ts": 1785720803.416813, "type": "send"}
{"delay": 0.02, "height": 7, "msg_type": "PREVOTE", "node": "3fde868ea6caf3041493f50fbcc45ebc3bad7edab4bad774a5dca2b91bec8af0", "to": "967fe6e8b6c8221a582c62797d0002f17eee1c8d34def67da5ac8c9fb33b7fd4", "ts": 1785720803.416828, "type": "send"}
{"delay": 0.02, "height": 7, "msg_type": "PREVOTE", "node": "3fde868ea6caf3041493f50fbcc45ebc3bad7edab4bad774a5dca2b91bec8af0", "to": "c8568c45b20b7a1b9e0f4a5dadd1987eb3d6007e239fc9dd224eeb47b71799cf", "ts": 1785720803.416843, "type": "send"}
{"delay": 0.02, "height": 7, "msg_type": "PREVOTE", "node": "3fde868ea6caf3041493f50fbcc45ebc3bad7edab4bad774a5dca2b91bec8af0", "to": "f08474af8ab0926587a2475f38484edb316eecc339239614a2d1eff9ccd01800", "ts": 1785720803.416857, "type": "send"}
{"delay": 0.02, "height": 7, "msg_type": "PREVOTE", "node": "3fde868ea6caf3041493f50fbcc45ebc3bad7edab4bad774a5dca2b91bec8af0", "to": "f22393e0df7ce07fe1b9a4b8647ed82c1e636f80a5b858638dba3ccf3f416959", "ts": 1785720803.416874, "type": "send"}
{"delay": 0.02, "height": 7, "msg_type": "PREVOTE", "node": "4600e7073edcf35149235c417b55aed016ffc4133b445b7a44f86e142a6010ae", "to": "0772af86d70664e325e22546e3fe7a4c6b82feefae381b62cab85b230fb21719", "ts": 1785720803.417766, "type": "send"}
{"delay": 0.02, "height": 7, "msg_type": "PREVOTE", "node": "4600e7073edcf35149235c417b55aed016ffc4133b445b7a44f86e142a6010ae", "to": "13756c2a50bf937f4229883f98ab0b11b0562401f6976befce154a83a086793f", "ts": 1785720803.417799, "type": "send"}
{"delay": 0.02, "height": 7, "msg_type": "PREVOTE", "node": "4600e7073edcf35149235c417b55aed016ffc4133b445b7a44f86e142a6010ae", "to": "3fde868ea6caf3041493f50fbcc45ebc3bad7edab4bad774a5dca2b91bec8af0", "ts": 1785720803.417819, "type": "send"}
{"delay": 0.02, "height": 7, "msg_type": "PREVOTE", "node": "4600e7073edcf35149235c417b55aed016ffc4133b445b7a44f86e142a6010ae", "to": "967fe6e8b6c8221a582c62797d0002f17eee1c8d34def67da5ac8c9fb33b7fd4", "ts": 1785720803.41784, "type": "send"}
{"delay": 0.02, "height": 7, "msg_type": "PREVOTE", "node": "4600e7073edcf35149235c417b55aed016ffc4133b445b7a44f86e142a6010ae", "to": "c8568c45b20b7a1b9e0f4a5dadd1987eb3d6007e239fc9dd224eeb47b71799cf", "ts": 1785720803.41786, "type": "send"}
{"delay": 0.02, "height": 7, "msg_type": "PREVOTE", "node": "4600e7073edcf35149235c417b55aed016ffc4133b445b7a44f86e142a6010ae", "to": "f08474af8ab0926587a2475f38484edb316eecc339239614a2d1eff9ccd01800", "ts": 1785720803.417877, "type": "send"}
{"delay": 0.02, "height": 7, "msg_type": "PREVOTE", "node": "4600e7073edcf35149235c417b55aed016ffc4133b445b7a44f86e142a6010ae", "to": "f22393e0df7ce07fe1b9a4b8647ed82c1e636f80a5b858638dba3ccf3f416959", "ts": 1785720803.417893, "type": "send"}
{"delay": 0.02, "height": 7, "msg_type": "PREVOTE", "node": "967fe6e8b6c8221a582c62797d0002f17eee1c8d34def67da5ac8c9fb33b7fd4", "to": "0772af86d70664e325e22546e3fe7a4c6b82feefae381b62cab85b230fb21719", "ts": 1785720803.418703, "type": "send"}
{"delay": 0.02, "height": 7, "msg_type": "PREVOTE", "node": "967fe6e8b6c8221a582c62797d0002f17eee1c8d34def67da5ac8c9fb33b7fd4", "to": "13756c2a50bf937f4229883f98ab0b11b0562401f6976befce154a83a086793f", "ts": 1785720803.418752, "type": "send"}
{"delay": 0.02, "height": 7, "msg_type": "PREVOTE", "node": "967fe6e8b6c8221a582c62797d0002f17eee1c8d34def67da5ac8c9fb33b7fd4", "to": "3fde868ea6caf3041493f50fbcc45ebc3bad7edab4bad774a5dca2b91bec8af0", "ts": 1785720803.418776, "type": "send"}
{"delay": 0.02, "height": 7, "msg_type": "PREVOTE", "node": "967fe6e8b6c8221a582c62797d0002f17eee1c8d34def67da5ac8c9fb33b7fd4", "to": "4600e7073edcf35149235c417b55aed016ffc4133b445b7a44f86e142a6010ae", "ts": 1785720803.418792, "type": "send"}
{"delay": 0.02, "height": 7, "msg_type": "PREVOTE", "node": "967fe6e8b6c8221a582c62797d0002f17eee1c8d34def67da5ac8c9fb33b7fd4", "to": "c8568c45b20b7a1b9e0f4a5dadd1987eb3d6007e239fc9dd224eeb47b71799cf", "ts": 1785720803.418807, "type": "send"}
{"delay": 0.02, "height": 7, "msg_type": "PREVOTE", "node": "967fe6e8b6c8221a582c62797d0002f17eee1c8d34def67da5ac8c9fb33b7fd4", "to": "f08474af8ab0926587a2475f38484edb316eecc339239614a2d1eff9ccd01800", "ts": 1785720803.418824, "type": "send"}
{"delay": 0.02, "height": 7, "msg_type": "PREVOTE", "node": "967fe6e8b6c8221a582c62797d0002f17eee1c8d34def67da5ac8c9fb33b7fd4", "to": "f22393e0df7ce07fe1b9a4b8647ed82c1e636f80a5b858638dba3ccf3f416959", "ts": 1785720803.41884, "type": "send"}
{"delay": 0.02, "height": 7, "msg_type": "PREVOTE", "node": "c8568c45b20b7a1b9e0f4a5dadd1987eb3d6007e239fc9dd224eeb47b71799cf", "to": "0772af86d70664e325e22546e3fe7a4c6b82feefae381b62cab85b230fb21719", "ts": 1785720803.427027, "type": "send"}
{"delay": 0.02, "height": 7, "msg_type": "PREVOTE", "node": "c8568c45b20b7a1b9e0f4a5dadd1987eb3d6007e239fc9dd224eeb47b71799cf", "to": "13756c2a50bf937f4229883f98ab0b11b0562401f6976befce154a83a086793f", "ts": 1785720803.427256, "type": "send"}
{"delay": 0.02, "height": 7, "msg_type": "PREVOTE", "node": "c8568c45b20b7a1b9e0f4a5dadd1987eb3d6007e239fc9dd224eeb47b71799cf", "to": "3fde868ea6caf3041493f50fbcc45ebc3bad7edab4bad774a5dca2b91bec8af0", "ts": 1785720803.427297, "type": "send"}
{"delay": 0.02, "height": 7, "msg_type": "PREVOTE", "node": "c8568c45b20b7a1b9e0f4a5dadd1987eb3d6007e239fc9dd224eeb47b71799cf", "to": "4600e7073edcf35149235c417b55aed016ffc4133b445b7a44f86e142a6010ae", "ts": 1785720803.427316, "type": "send"}
{"delay": 0.02, "height": 7, "msg_type": "PREVOTE", "node": "c8568c45b20b7a1b9e0f4a5dadd1987eb3d6007e239fc9dd224eeb47b71799cf", "to": "967fe6e8b6c8221a582c62797d0002f17eee1c8d34def67da5ac8c9fb33b7fd4", "ts": 1785720803.427335, "type": "send"}
{"delay": 0.02, "height": 7, "msg_type": "PREVOTE", "node": "c8568c45b20b7a1b9e0f4a5dadd1987eb3d6007e239fc9dd224eeb47b71799cf", "to": "f08474af8ab0926587a2475f38484edb316eecc339239614a2d1eff9ccd01800", "ts": 1785720803.427602, "type": "send"}
{"delay": 0.02, "height": 7, "msg_type": "PREVOTE", "node": "c8568c45b20b7a1b9e0f4a5dadd1987eb3d6007e239fc9dd224eeb47b71799cf", "to": "f22393e0df7ce07fe1b9a4b8647ed82c1e636f80a5b858638dba3ccf3f416959", "ts": 1785720803.427634, "type": "send"}
{"delay": 0.02, "height": 7, "msg_type": "PREVOTE", "node": "f08474af8ab0926587a2475f38484edb316eecc339239614a2d1eff9ccd01800", "to": "0772af86d70664e325e22546e3fe7a4c6b82feefae381b62cab85b230fb21719", "ts": 1785720803.428988, "type": "send"}
{"delay": 0.02, "height": 7, "msg_type": "PREVOTE", "node": "f08474af8ab0926587a2475f38484edb316eecc339239614a2d1eff9ccd01800", "to": "13756c2a50bf937f4229883f98ab0b11b0562401f6976befce154a83a086793f", "ts": 1785720803.429017, "type": "send"}
{"delay": 0.02, "height": 7, "msg_type": "PREVOTE", "node": "f08474af8ab0926587a2475f38484edb316eecc339239614a2d1eff9ccd01800", "to": "3fde868ea6caf3041493f50fbcc45ebc3bad7edab4bad774a5dca2b91bec8af0", "ts": 1785720803.429034, "type": "send"}
{"delay": 0.02, "height": 7, "msg_type": "PREVOTE", "node": "f08474af8ab0926587a2475f38484edb316eecc339239614a2d1eff9ccd01800", "to": "4600e7073edcf35149235c417b55aed016ffc4133b445b7a44f86e142a6010ae", "ts": 1785720803.429053, "type": "send"}
{"delay": 0.02, "height": 7, "msg_type": "PREVOTE", "node": "f08474af8ab0926587a2475f38484edb316eecc339239614a2d1eff9ccd01800", "to": "967fe6e8b6c8221a582c62797d0002f17eee1c8d34def67da5ac8c9fb33b7fd4", "ts": 1785720803.42908, "type": "send"}
{"delay": 0.02, "height": 7, "msg_type": "PREVOTE", "node": "f08474af8ab0926587a2475f38484edb316eecc339239614a2d1eff9ccd01800", "to": "c8568c45b20b7a1b9e0f4a5dadd1987eb3d6007e239fc9dd224eeb47b71799cf", "ts": 1785720803.429104, "type": "send"}
{"delay": 0.02, "height": 7, "msg_type": "PREVOTE", "node": "f08474af8ab0926587a2475f38484edb316eecc339239614a2d1eff9ccd01800", "to": "f22393e0df7ce07fe1b9a4b8647ed82c1e636f80a5b858638dba3ccf3f416959", "ts": 1785720803.429129, "type": "send"}
{"from": "0772af86d70664e325e22546e3fe7a4c6b82feefae381b62cab85b230fb21719", "height": 7, "msg_type": "PREVOTE", "node": "13756c2a50bf937f4229883f98ab0b11b0562401f6976befce154a83a086793f", "ts": 1785720803.464196, "type": "deliver"}
{"from": "0772af86d70664e325e22546e3fe7a4c6b82feefae381b62cab85b230fb21719", "height": 7, "msg_type": "PREVOTE", "node": "3fde868ea6caf3041493f50fbcc45ebc3bad7edab4bad774a5dca2b91bec8af0", "ts": 1785720803.464239, "type": "deliver"}
{"from": "0772af86d70664e325e22546e3fe7a4c6b82feefae381b62cab85b230fb21719", "height": 7, "msg_type": "PREVOTE", "node": "4600e7073edcf35149235c417b55aed016ffc4133b445b7a44f86e142a6010ae", "ts": 1785720803.464267, "type": "deliver"}
{"from": "0772af86d70664e325e22546e3fe7a4c6b82feefae381b62cab85b230fb21719", "height": 7, "msg_type": "PREVOTE", "node": "967fe6e8b6c8221a582c62797d0002f17eee1c8d34def67da5ac8c9fb33b7fd4", "ts": 1785720803.464294, "type": "deliver"}
{"from": "0772af86d70664e325e22546e3fe7a4c6b82feefae381b62cab85b230fb21719", "height": 7, "msg_type": "PREVOTE", "node": "c8568c45b20b7a1b9e0f4a5dadd1987eb3d6007e239fc9dd224eeb47b71799cf", "ts": 1785720803.464319, "type": "deliver"}
{"from": "0772af86d70664e325e22546e3fe7a4c6b82feefae381b62cab85b230fb21719", "height": 7, "msg_type": "PREVOTE", "node": "f08474af8ab0926587a2475f38484edb316eecc339239614a2d1eff9ccd01800", "ts": 1785720803.464341, "type": "deliver"}
{"from": "0772af86d70664e325e22546e3fe7a4c6b82feefae381b62cab85b230fb21719", "height": 7, "msg_type": "PREVOTE", "node": "f22393e0df7ce07fe1b9a4b8647ed82c1e636f80a5b858638dba3ccf3f416959", "ts": 1785720803.464364, "type": "deliver"}
{"from": "13756c2a50bf937f4229883f98ab0b11b0562401f6976befce154a83a086793f", "height": 7, "msg_type": "PREVOTE", "node": "0772af86d70664e325e22546e3fe7a4c6b82feefae381b62cab85b230fb21719", "ts": 1785720803.464388, "type": "deliver"}
{"from": "13756c2a50bf937f4229883f98ab0b11b0562401f6976befce154a83a086793f", "height": 7, "msg_type": "PREVOTE", "node": "3fde868ea6caf3041493f50fbcc45ebc3bad7edab4bad774a5dca2b91bec8af0", "ts": 1785720803.464413, "type": "deliver"}
{"from": "13756c2a50bf937f4229883f98ab0b11b0562401f6976befce154a83a086793f", "height": 7, "msg_type": "PREVOTE", "node": "4600e7073edcf35149235c417b55aed016ffc4133b445b7a44f86e142a6010ae", "ts": 1785720803.464431, "type": "deliver"}
{"from": "13756c2a50bf937f4229883f98ab0b11b0562401f6976befce154a83a086793f", "height": 7, "msg_type": "PREVOTE", "node": "967fe6e8b6c8221a582c62797d0002f17eee1c8d34def67da5ac8c9fb33b7fd4", "ts": 1785720803.464448, "type": "deliver"}
{"from": "13756c2a50bf937f4229883f98ab0b11b0562401f6976befce154a83a086793f", "height": 7, "msg_type": "PREVOTE", "node": "c8568c45b20b7a1b9e0f4a5dadd1987eb3d6007e239fc9dd224eeb47b71799cf", "ts": 1785720803.464466, "type": "deliver"}
{"from": "13756c2a50bf937f4229883f98ab0b11b0562401f6976befce154a83a086793f", "height": 7, "msg_type": "PREVOTE", "node": "f08474af8ab0926587a2475f38484edb316eecc339239614a2d1eff9ccd01800", "ts": 1785720803.464492, "type": "deliver"}
{"from": "13756c2a50bf937f4229883f98ab0b11b0562401f6976befce154a83a086793f", "height": 7, "msg_type": "PREVOTE", "node": "f22393e0df7ce07fe1b9a4b8647ed82c1e636f80a5b858638dba3ccf3f416959", "ts": 1785720803.464513, "type": "deliver"}
{"from": "3fde868ea6caf3041493f50fbcc45ebc3bad7edab4bad774a5dca2b91bec8af0", "height": 7, "msg_type": "PREVOTE", "node": "0772af86d70664e325e22546e3fe7a4c6b82feefae381b62cab85b230fb21719", "ts": 1785720803.46453, "type": "deliver"}
{"from": "3fde868ea6caf3041493f50fbcc45ebc3bad7edab4bad774a5dca2b91bec8af0", "height": 7, "msg_type": "PREVOTE", "node": "13756c2a50bf937f4229883f98ab0b11b0562401f6976befce154a83a086793f", "ts": 1785720803.464549, "type": "deliver"}
{"from": "3fde868ea6caf3041493f50fbcc45ebc3bad7edab4bad774a5dca2b91bec8af0", "height": 7, "msg_type": "PREVOTE", "node": "4600e7073edcf35149235c417b55aed016ffc4133b445b7a44f86e142a6010ae", "ts": 1785720803.464565, "type": "deliver"}
{"from": "3fde868ea6caf3041493f50fbcc45ebc3bad7edab4bad774a5dca2b91bec8af0", "height": 7, "msg_type": "PREVOTE", "node": "967fe6e8b6c8221a582c62797d0002f17eee1c8d34def67da5ac8c9fb33b7fd4", "ts": 1785720803.464582, "type": "deliver"}
{"from": "3fde868ea6caf3041493f50fbcc45ebc3bad7edab4bad774a5dca2b91bec8af0", "height": 7, "msg_type": "PREVOTE", "node": "c8568c45b20b7a1b9e0f4a5dadd1987eb3d6007e239fc9dd224eeb47b71799cf", "ts": 1785720803.464599, "type": "deliver"}
{"from": "3fde868ea6caf3041493f50fbcc45ebc3bad7edab4bad774a5dca2b91bec8af0", "height": 7, "msg_type": "PREVOTE", "node": "f08474af8ab0926587a2475f38484edb316eecc339239614a2d1eff9ccd01800", "ts": 1785720803.464615, "type": "deliver"}
{"from": "3fde868ea6caf3041493f50fbcc45ebc3bad7edab4bad774a5dca2b91bec8af0", "height": 7, "msg_type": "PREVOTE", "node": "f22393e0df7ce07fe1b9a4b8647ed82c1e636f80a5b858638dba3ccf3f416959", "ts": 1785720803.464658, "type": "deliver"}
{"from": "4600e7073edcf35149235c417b55aed016ffc4133b445b7a44f86e142a6010ae", "height": 7, "msg_type": "PREVOTE", "node": "0772af86d70664e325e22546e3fe7a4c6b82feefae381b62cab85b230fb21719", "ts": 1785720803.464679, "type": "deliver"}
{"from": "4600e7073edcf35149235c417b55aed016ffc4133b445b7a44f86e142a6010ae", "height": 7, "msg_type": "PREVOTE", "node": "13756c2a50bf937f4229883f98ab0b11b0562401f6976befce154a83a086793f", "ts": 1785720803.464697, "type": "deliver"}
{"from": "4600e7073edcf35149235c417b55aed016ffc4133b445b7a44f86e142a6010ae", "height": 7, "msg_type": "PREVOTE", "node": "3fde868ea6caf3041493f50fbcc45ebc3bad7edab4bad774a5dca2b91bec8af0", "ts": 1785720803.464714, "type": "deliver"}
{"from": "4600e7073edcf35149235c417b55aed016ffc4133b445b7a44f86e142a6010ae", "height": 7, "msg_type": "PREVOTE", "node": "967fe6e8b6c8221a582c62797d0002f17eee1c8d34def67da5ac8c9fb33b7fd4", "ts": 1785720803.464736, "type": "deliver"}
{"from": "4600e7073edcf35149235c417b55aed016ffc4133b445b7a44f86e142a6010ae", "height": 7, "msg_type": "PREVOTE", "node": "c8568c45b20b7a1b9e0f4a5dadd1987eb3d6007e239fc9dd224eeb47b71799cf", "ts": 1785720803.464755, "type": "deliver"}
{"from": "4600e7073edcf35149235c417b55aed016ffc4133b445b7a44f86e142a6010ae", "height": 7, "msg_type": "PREVOTE", "node": "f08474af8ab0926587a2475f38484edb316eecc339239614a2d1eff9ccd01800", "ts": 1785720803.464773, "type": "deliver"}
{"from": "4600e7073edcf35149235c417b55aed016ffc4133b445b7a44f86e142a6010ae", "height": 7, "msg_type": "PREVOTE", "node": "f22393e0df7ce07fe1b9a4b8647ed82c1e636f80a5b858638dba3ccf3f416959", "ts": 1785720803.464791, "type": "deliver"}
{"from": "967fe6e8b6c8221a582c62797d0002f17eee1c8d34def67da5ac8c9fb33b7fd4", "height": 7, "msg_type": "PREVOTE", "node": "0772af86d70664e325e22546e3fe7a4c6b82feefae381b62cab85b230fb21719", "ts": 1785720803.464809, "type": "deliver"}
{"from": "967fe6e8b6c8221a582c62797d0002f17eee1c8d34def67da5ac8c9fb33b7fd4", "height": 7, "msg_type": "PREVOTE", "node": "13756c2a50bf937f4229883f98ab0b11b0562401f6976befce154a83a086793f", "ts": 1785720803.464827, "type": "deliver"}
{"from": "967fe6e8b6c8221a582c62797d0002f17eee1c8d34def67da5ac8c9fb33b7fd4", "height": 7, "msg_type": "PREVOTE", "node": "3fde868ea6caf3041493f50fbcc45ebc3bad7edab4bad774a5dca2b91bec8af0", "ts": 1785720803.464844, "type": "deliver"}
{"from": "967fe6e8b6c8221a582c62797d0002f17eee1c8d34def67da5ac8c9fb33b7fd4", "height": 7, "msg_type": "PREVOTE", "node": "4600e7073edcf35149235c417b55aed016ffc4133b445b7a44f86e142a6010ae", "ts": 1785720803.464865, "type": "deliver"}
{"from": "967fe6e8b6c8221a582c62797d0002f17eee1c8d34def67da5ac8c9fb33b7fd4", "height": 7, "msg_type": "PREVOTE", "node": "c8568c45b20b7a1b9e0f4a5dadd1987eb3d6007e239fc9dd224eeb47b71799cf", "ts": 1785720803.464881, "type": "deliver"}
{"from": "967fe6e8b6c8221a582c62797d0002f17eee1c8d34def67da5ac8c9fb33b7fd4", "height": 7, "msg_type": "PREVOTE", "node": "f08474af8ab0926587a2475f38484edb316eecc339239614a2d1eff9ccd01800", "ts": 1785720803.464899, "type": "deliver"}
{"from": "967fe6e8b6c8221a582c62797d0002f17eee1c8d34def67da5ac8c9fb33b7fd4", "height": 7, "msg_type": "PREVOTE", "node": "f22393e0df7ce07fe1b9a4b8647ed82c1e636f80a5b858638dba3ccf3f416959", "ts": 1785720803.464917, "type": "deliver"}
{"from": "c8568c45b20b7a1b9e0f4a5dadd1987eb3d6007e239fc9dd224eeb47b71799cf", "height": 7, "msg_type": "PREVOTE", "node": "0772af86d70664e325e22546e3fe7a4c6b82feefae381b62cab85b230fb21719", "ts": 1785720803.464935, "type": "deliver"}
{"from": "c8568c45b20b7a1b9e0f4a5dadd1987eb3d6007e239fc9dd224eeb47b71799cf", "height": 7, "msg_type": "PREVOTE", "node": "13756c2a50bf937f4229883f98ab0b11b0562401f6976befce154a83a086793f", "ts": 1785720803.464953, "type": "deliver"}
{"from": "c8568c45b20b7a1b9e0f4a5dadd1987eb3d6007e239fc9dd224eeb47b71799cf", "height": 7, "msg_type": "PREVOTE", "node": "3fde868ea6caf3041493f50fbcc45ebc3bad7edab4bad774a5dca2b91bec8af0", "ts": 1785720803.464971, "type": "deliver"}
{"from": "c8568c45b20b7a1b9e0f4a5dadd1987eb3d6007e239fc9dd224eeb47b71799cf", "height": 7, "msg_type": "PREVOTE", "node": "4600e7073edcf35149235c417b55aed016ffc4133b445b7a44f86e142a6010ae", "ts": 1785720803.464994, "type": "deliver"}
{"from": "c8568c45b20b7a1b9e0f4a5dadd1987eb3d6007e239fc9dd224eeb47b71799cf", "height": 7, "msg_type": "PREVOTE", "node": "967fe6e8b6c8221a582c62797d0002f17eee1c8d34def67da5ac8c9fb33b7fd4", "ts": 1785720803.465012, "type": "deliver"}
{"from": "c8568c45b20b7a1b9e0f4a5dadd1987eb3d6007e239fc9dd224eeb47b71799cf", "height": 7, "msg_type": "PREVOTE", "node": "f08474af8ab0926587a2475f38484edb316eecc339239614a2d1eff9ccd01800", "ts": 1785720803.465029, "type": "deliver"}
{"from": "c8568c45b20b7a1b9e0f4a5dadd1987eb3d6007e239fc9dd224eeb47b71799cf", "height": 7, "msg_type": "PREVOTE", "node": "f22393e0df7ce07fe1b9a4b8647ed82c1e636f80a5b858638dba3ccf3f416959", "ts": 1785720803.465045, "type": "deliver"}
{"from": "f08474af8ab0926587a2475f38484edb316eecc339239614a2d1eff9ccd01800", "height": 7, "msg_type": "PREVOTE", "node": "0772af86d70664e325e22546e3fe7a4c6b82feefae381b62cab85b230fb21719", "ts": 1785720803.465062, "type": "deliver"}
{"from": "f08474af8ab0926587a2475f38484edb316eecc339239614a2d1eff9ccd01800", "height": 7, "msg_type": "PREVOTE", "node": "13756c2a50bf937f4229883f98ab0b11b0562401f6976befce154a83a086793f", "ts": 1785720803.465079, "type": "deliver"}
{"from": "f08474af8ab0926587a2475f38484edb316eecc339239614a2d1eff9ccd01800", "height": 7, "msg_type": "PREVOTE", "node": "3fde868ea6caf3041493f50fbcc45ebc3bad7edab4bad774a5dca2b91bec8af0", "ts": 1785720803.465094, "type": "deliver"}
{"from": "f08474af8ab0926587a2475f38484edb316eecc339239614a2d1eff9ccd01800", "height": 7, "msg_type": "PREVOTE", "node": "4600e7073edcf35149235c417b55aed016ffc4133b445b7a44f86e142a6010ae", "ts": 1785720803.465113, "type": "deliver"}
{"from": "f08474af8ab0926587a2475f38484edb316eecc339239614a2d1eff9ccd01800", "height": 7, "msg_type": "PREVOTE", "node": "967fe6e8b6c8221a582c62797d0002f17eee1c8d34def67da5ac8c9fb33b7fd4", "ts": 1785720803.465135, "type": "deliver"}
{"from": "f08474af8ab0926587a2475f38484edb316eecc339239614a2d1eff9ccd01800", "height": 7, "msg_type": "PREVOTE", "node": "c8568c45b20b7a1b9e0f4a5dadd1987eb3d6007e239fc9dd224eeb47b71799cf", "ts": 1785720803.46515, "type": "deliver"}
{"from": "f08474af8ab0926587a2475f38484edb316eecc339239614a2d1eff9ccd01800", "height": 7, "msg_type": "PREVOTE", "node": "f22393e0df7ce07fe1b9a4b8647ed82c1e636f80a5b858638dba3ccf3f416959", "ts": 1785720803.465193, "type": "deliver"}
{"delay": 0.02, "height": 7, "msg_type": "PRECOMMIT", "node": "13756c2a50bf937f4229883f98ab0b11b0562401f6976befce154a83a086793f", "to": "0772af86d70664e325e22546e3fe7a4c6b82feefae381b62cab85b230fb21719", "ts": 1785720803.466504, "type": "send"}
{"delay": 0.02, "height": 7, "msg_type": "PRECOMMIT", "node": "13756c2a50bf937f4229883f98ab0b11b0562401f6976befce154a83a086793f", "to": "3fde868ea6caf3041493f50fbcc45ebc3bad7edab4bad774a5dca2b91bec8af0", "ts": 1785720803.466538, "type": "send"}
{"delay": 0.02, "height": 7, "msg_type": "PRECOMMIT", "node": "13756c2a50bf937f4229883f98ab0b11b0562401f6976befce154a83a086793f", "to": "4600e7073edcf35149235c417b55aed016ffc4133b445b7a44f86e142a6010ae", "ts": 1785720803.46656, "type": "send"}
{"delay": 0.02, "height": 7, "msg_type": "PRECOMMIT", "node": "13756c2a50bf937f4229883f98ab0b11b0562401f6976befce154a83a086793f", "to": "967fe6e8b6c8221a582c62797d0002f17eee1c8d34def67da5ac8c9fb33b7fd4", "ts": 1785720803.46658, "type": "send"}
{"delay": 0.02, "height": 7, "msg_type": "PRECOMMIT", "node": "13756c2a50bf937f4229883f98ab0b11b0562401f6976befce154a83a086793f", "to": "c8568c45b20b7a1b9e0f4a5dadd1987eb3d6007e239fc9dd224eeb47b71799cf", "ts": 1785720803.466599, "type": "send"}
{"delay": 0.02, "height": 7, "msg_type": "PRECOMMIT", "node": "13756c2a50bf937f4229883f98ab0b11b0562401f6976befce154a83a086793f", "to": "f08474af8ab0926587a2475f38484edb316eecc339239614a2d1eff9ccd01800", "ts": 1785720803.466619, "type": "send"}
{"delay": 0.02, "height": 7, "msg_type": "PRECOMMIT", "node": "13756c2a50bf937f4229883f98ab0b11b0562401f6976befce154a83a086793f", "to": "f22393e0df7ce07fe1b9a4b8647ed82c1e636f80a5b858638dba3ccf3f416959", "ts": 1785720803.466639, "type": "send"}
{"delay": 0.02, "height": 7, "msg_type": "PRECOMMIT", "node": "3fde868ea6caf3041493f50fbcc45ebc3bad7edab4bad774a5dca2b91bec8af0", "to": "0772af86d70664e325e22546e3fe7a4c6b82feefae381b62cab85b230fb21719", "ts": 1785720803.468913, "type": "send"}
{"delay": 0.02, "height": 7, "msg_type": "PRECOMMIT", "node": "3fde868ea6caf3041493f50fbcc45ebc3bad7edab4bad774a5dca2b91bec8af0", "to": "13756c2a50bf937f4229883f98ab0b11b0562401f6976befce154a83a086793f", "ts": 1785720803.468969, "type": "send"}
{"delay": 0.02, "height": 7, "msg_type": "PRECOMMIT", "node": "3fde868ea6caf3041493f50fbcc45ebc3bad7edab4bad774a5dca2b91bec8af0", "to": "4600e7073edcf35149235c417b55aed016ffc4133b445b7a44f86e142a6010ae", "ts": 1785720803.469008, "type": "send"}
{"delay": 0.02, "height": 7, "msg_type": "PRECOMMIT", "node": "3fde868ea6caf3041493f50fbcc45ebc3bad7edab4bad774a5dca2b91bec8af0", "to": "967fe6e8b6c8221a582c62797d0002f17eee1c8d34def67da5ac8c9fb33b7fd4", "ts": 1785720803.46903, "type": "send"}
{"delay": 0.02, "height": 7, "msg_type": "PRECOMMIT", "node": "3fde868ea6caf3041493f50fbcc45ebc3bad7edab4bad774a5dca2b91bec8af0", "to": "c8568c45b20b7a1b9e0f4a5dadd1987eb3d6007e239fc9dd224eeb47b71799cf", "ts": 1785720803.469051, "type": "send"}
{"delay": 0.02, "height": 7, "msg_type": "PRECOMMIT", "node": "3fde868ea6caf3041493f50fbcc45ebc3bad7edab4bad774a5dca2b91bec8af0", "to": "f08474af8ab0926587a2475f38484edb316eecc339239614a2d1eff9ccd01800", "ts": 1785720803.469071, "type": "send"}
{"delay": 0.02, "height": 7, "msg_type": "PRECOMMIT", "node": "3fde868ea6caf3041493f50fbcc45ebc3bad7edab4bad774a5dca2b91bec8af0", "to": "f22393e0df7ce07fe1b9a4b8647ed82c1e636f80a5b858638dba3ccf3f416959", "ts": 1785720803.469091, "type": "send"}
{"delay": 0.02, "height": 7, "msg_type": "PRECOMMIT", "node": "4600e7073edcf35149235c417b55aed016ffc4133b445b7a44f86e142a6010ae", "to": "0772af86d70664e325e22546e3fe7a4c6b82feefae381b62cab85b230fb21719", "ts": 1785720803.47163, "type": "send"}
{"delay": 0.02, "height": 7, "msg_type": "PRECOMMIT", "node": "4600e7073edcf35149235c417b55aed016ffc4133b445b7a44f86e142a6010ae", "to": "13756c2a50bf937f4229883f98ab0b11b0562401f6976befce154a83a086793f", "ts": 1785720803.471663, "type": "send"}
{"delay": 0.02, "height": 7, "msg_type": "PRECOMMIT", "node": "4600e7073edcf35149235c417b55aed016ffc4133b445b7a44f86e142a6010ae", "to": "3fde868ea6caf3041493f50fbcc45ebc3bad7edab4bad774a5dca2b91bec8af0", "ts": 1785720803.471687, "type": "send"}
{"delay": 0.02, "height": 7, "msg_type": "PRECOMMIT", "node": "4600e7073edcf35149235c417b55aed016ffc4133b445b7a44f86e142a6010ae", "to": "967fe6e8b6c8221a582c62797d0002f17eee1c8d34def67da5ac8c9fb33b7fd4", "ts": 1785720803.471701, "type": "send"}
{"delay": 0.02, "height": 7, "msg_type": "PRECOMMIT", "node": "4600e7073edcf35149235c417b55aed016ffc4133b445b7a44f86e142a6010ae", "to": "c8568c45b20b7a1b9e0f4a5dadd1987eb3d6007e239fc9dd224eeb47b71799cf", "ts": 1785720803.471716, "type": "send"}
{"delay": 0.02, "height": 7, "msg_type": "PRECOMMIT", "node": "4600e7073edcf35149235c417b55aed016ffc4133b445b7a44f86e142a6010ae", "to": "f08474af8ab0926587a2475f38484edb316eecc339239614a2d1eff9ccd01800", "ts": 1785720803.471764, "type": "send"}
{"delay": 0.02, "height": 7, "msg_type": "PRECOMMIT", "node": "4600e7073edcf35149235c417b55aed016ffc4133b445b7a44f86e142a6010ae", "to": "f22393e0df7ce07fe1b9a4b8647ed82c1e636f80a5b858638dba3ccf3f416959", "ts": 1785720803.471785, "type": "send"}
{"delay": 0.02, "height": 7, "msg_type": "PRECOMMIT", "node": "967fe6e8b6c8221a582c62797d0002f17eee1c8d34def67da5ac8c9fb33b7fd4", "to": "0772af86d70664e325e22546e3fe7a4c6b82feefae381b62cab85b230fb21719", "ts": 1785720803.473933, "type": "send"}
{"delay": 0.02, "height": 7, "msg_type": "PRECOMMIT", "node": "967fe6e8b6c8221a582c62797d0002f17eee1c8d34def67da5ac8c9fb33b7fd4", "to": "13756c2a50bf937f4229883f98ab0b11b0562401f6976befce154a83a086793f", "ts": 1785720803.474003, "type": "send"}
{"delay": 0.02, "height": 7, "msg_type": "PRECOMMIT", "node": "967fe6e8b6c8221a582c62797d0002f17eee1c8d34def67da5ac8c9fb33b7fd4", "to": "3fde868ea6caf3041493f50fbcc45ebc3bad7edab4bad774a5dca2b91bec8af0", "ts": 1785720803.474029, "type": "send"}
{"delay": 0.02, "height": 7, "msg_type": "PRECOMMIT", "node": "967fe6e8b6c8221a582c62797d0002f17eee1c8d34def67da5ac8c9fb33b7fd4", "to": "4600e7073edcf35149235c417b55aed016ffc4133b445b7a44f86e142a6010ae", "ts": 1785720803.474049, "type": "send"}
{"delay": 0.02, "height": 7, "msg_type": "PRECOMMIT", "node": "967fe6e8b6c8221a582c62797d0002f17eee1c8d34def67da5ac8c9fb33b7fd4", "to": "c8568c45b20b7a1b9e0f4a5dadd1987eb3d6007e239fc9dd224eeb47b71799cf", "ts": 1785720803.474068, "type": "send"}
{"delay": 0.02, "height": 7, "msg_type": "PRECOMMIT", "node": "967fe6e8b6c8221a582c62797d0002f17eee1c8d34def67da5ac8c9fb33b7fd4", "to": "f08474af8ab0926587a2475f38484edb316eecc339239614a2d1eff9ccd01800", "ts": 1785720803.474087, "type": "send"}
{"delay": 0.02, "height": 7, "msg_type": "PRECOMMIT", "node": "967fe6e8b6c8221a582c62797d0002f17eee1c8d34def67da5ac8c9fb33b7fd4", "to": "f22393e0df7ce07fe1b9a4b8647ed82c1e636f80a5b858638dba3ccf3f416959", "ts": 1785720803.474108, "type": "send"}
{"delay": 0.02, "height": 7, "msg_type": "PRECOMMIT", "node": "c8568c45b20b7a1b9e0f4a5dadd1987eb3d6007e239fc9dd224eeb47b71799cf", "to": "0772af86d70664e325e22546e3fe7a4c6b82feefae381b62cab85b230fb21719", "ts": 1785720803.476257, "type": "send"}
{"delay": 0.02, "height": 7, "msg_type": "PRECOMMIT", "node": "c8568c45b20b7a1b9e0f4a5dadd1987eb3d6007e239fc9dd224eeb47b71799cf", "to": "13756c2a50bf937f4229883f98ab0b11b0562401f6976befce154a83a086793f", "ts": 1785720803.476288, "type": "send"}
{"delay": 0.02, "height": 7, "msg_type": "PRECOMMIT", "node": "c8568c45b20b7a1b9e0f4a5dadd1987eb3d6007e239fc9dd224eeb47b71799cf", "to": "3fde868ea6caf3041493f50fbcc45ebc3bad7edab4bad774a5dca2b91bec8af0", "ts": 1785720803.47631, "type": "send"}
{"delay": 0.02, "height": 7, "msg_type": "PRECOMMIT", "node": "c8568c45b20b7a1b9e0f4a5dadd1987eb3d6007e239fc9dd224eeb47b71799cf", "to": "4600e7073edcf35149235c417b55aed016ffc4133b445b7a44f86e142a6010ae", "ts": 1785720803.476331, "type": "send"}
{"delay": 0.02, "height": 7, "msg_type": "PRECOMMIT", "node": "c8568c45b20b7a1b9e0f4a5dadd1987eb3d6007e239fc9dd224eeb47b71799cf", "to": "967fe6e8b6c8221a582c62797d0002f17eee1c8d34def67da5ac8c9fb33b7fd4", "ts": 1785720803.476351, "type": "send"}
{"delay": 0.02, "height": 7, "msg_type": "PRECOMMIT", "node": "c8568c45b20b7a1b9e0f4a5dadd1987eb3d6007e239fc9dd224eeb47b71799cf", "to": "f08474af8ab0926587a2475f38484edb316eecc339239614a2d1eff9ccd01800", "ts": 1785720803.47637, "type": "send"}
{"delay": 0.02, "height": 7, "msg_type": "PRECOMMIT", "node": "c8568c45b20b7a1b9e0f4a5dadd1987eb3d6007e239fc9dd224eeb47b71799cf", "to": "f22393e0df7ce07fe1b9a4b8647ed82c1e636f80a5b858638dba3ccf3f416959", "ts": 1785720803.476389, "type": "send"}
{"delay": 0.02, "height": 7, "msg_type": "PRECOMMIT", "node": "f08474af8ab0926587a2475f38484edb316eecc339239614a2d1eff9ccd01800", "to": "0772af86d70664e325e22546e3fe7a4c6b82feefae381b62cab85b230fb21719", "ts": 1785720803.478536, "type": "send"}
{"delay": 0.02, "height": 7, "msg_type": "PRECOMMIT", "node": "f08474af8ab0926587a2475f38484edb316eecc339239614a2d1eff9ccd01800", "to": "13756c2a50bf937f4229883f98ab0b11b0562401f6976befce154a83a086793f", "ts": 1785720803.478571, "type": "send"}
{"delay": 0.02, "height": 7, "msg_type": "PRECOMMIT", "node": "f08474af8ab0926587a2475f38484edb316eecc339239614a2d1eff9ccd01800", "to": "3fde868ea6caf3041493f50fbcc45ebc3bad7edab4bad774a5dca2b91bec8af0", "ts": 1785720803.478595, "type": "send"}
{"delay": 0.02, "height": 7, "msg_type": "PRECOMMIT", "node": "f08474af8ab0926587a2475f38484edb316eecc339239614a2d1eff9ccd01800", "to": "4600e7073edcf35149235c417b55aed016ffc4133b445b7a44f86e142a6010ae", "ts": 1785720803.478618, "type": "send"}
{"delay": 0.02, "height": 7, "msg_type": "PRECOMMIT", "node": "f08474af8ab0926587a2475f38484edb316eecc339239614a2d1eff9ccd01800", "to": "967fe6e8b6c8221a582c62797d0002f17eee1c8d34def67da5ac8c9fb33b7fd4", "ts": 1785720803.478641, "type": "send"}
{"delay": 0.02, "height": 7, "msg_type": "PRECOMMIT", "node": "f08474af8ab0926587a2475f38484edb316eecc339239614a2d1eff9ccd01800", "to": "c8568c45b20b7a1b9e0f4a5dadd1987eb3d6007e239fc9dd224eeb47b71799cf", "ts": 1785720803.478662, "type": "send"}
{"delay": 0.02, "height": 7, "msg_type": "PRECOMMIT", "node": "f08474af8ab0926587a2475f38484edb316eecc339239614a2d1eff9ccd01800", "to": "f22393e0df7ce07fe1b9a4b8647ed82c1e636f80a5b858638dba3ccf3f416959", "ts": 1785720803.478683, "type": "send"}
{"delay": 0.02, "height": 7, "msg_type": "PRECOMMIT", "node": "f22393e0df7ce07fe1b9a4b8647ed82c1e636f80a5b858638dba3ccf3f416959", "to": "0772af86d70664e325e22546e3fe7a4c6b82feefae381b62cab85b230fb21719", "ts": 1785720803.48182, "type": "send"}
{"delay": 0.02, "height": 7, "msg_type": "PRECOMMIT", "node": "f22393e0df7ce07fe1b9a4b8647ed82c1e636f80a5b858638dba3ccf3f416959", "to": "13756c2a50bf937f4229883f98ab0b11b0562401f6976befce154a83a086793f", "ts": 1785720803.481852, "type": "send"}
{"delay": 0.02, "height": 7, "msg_type": "PRECOMMIT", "node": "f22393e0df7ce07fe1b9a4b8647ed82c1e636f80a5b858638dba3ccf3f416959", "to": "3fde868ea6caf3041493f50fbcc45ebc3bad7edab4bad774a5dca2b91bec8af0", "ts": 1785720803.48187, "type": "send"}
{"delay": 0.02, "height": 7, "msg_type": "PRECOMMIT", "node": "f22393e0df7ce07fe1b9a4b8647ed82c1e636f80a5b858638dba3ccf3f416959", "to": "4600e7073edcf35149235c417b55aed016ffc4133b445b7a44f86e142a6010ae", "ts": 1785720803.481885, "type": "send"}
{"delay": 0.02, "height": 7, "msg_type": "PRECOMMIT", "node": "f22393e0df7ce07fe1b9a4b8647ed82c1e636f80a5b858638dba3ccf3f416959", "to": "967fe6e8b6c8221a582c62797d0002f17eee1c8d34def67da5ac8c9fb33b7fd4", "ts": 1785720803.481906, "type": "send"}
{"delay": 0.02, "height": 7, "msg_type": "PRECOMMIT", "node": "f22393e0df7ce07fe1b9a4b8647ed82c1e636f80a5b858638dba3ccf3f416959", "to": "c8568c45b20b7a1b9e0f4a5dadd1987eb3d6007e239fc9dd224eeb47b71799cf", "ts": 1785720803.48192, "type": "send"}
{"delay": 0.02, "height": 7, "msg_type": "PRECOMMIT", "node": "f22393e0df7ce07fe1b9a4b8647ed82c1e636f80a5b858638dba3ccf3f416959", "to": "f08474af8ab0926587a2475f38484edb316eecc339239614a2d1eff9ccd01800", "ts": 1785720803.481934, "type": "send"}
{"delay": 0.02, "height": 7, "msg_type": "PRECOMMIT", "node": "0772af86d70664e325e22546e3fe7a4c6b82feefae381b62cab85b230fb21719", "to": "13756c2a50bf937f4229883f98ab0b11b0562401f6976befce154a83a086793f", "ts": 1785720803.48403, "type": "send"}
{"delay": 0.02, "height": 7, "msg_type": "PRECOMMIT", "node": "0772af86d70664e325e22546e3fe7a4c6b82feefae381b62cab85b230fb21719", "to": "3fde868ea6caf3041493f50fbcc45ebc3bad7edab4bad774a5dca2b91bec8af0", "ts": 1785720803.484062, "type": "send"}
{"delay": 0.02, "height": 7, "msg_type": "PRECOMMIT", "node": "0772af86d70664e325e22546e3fe7a4c6b82feefae381b62cab85b230fb21719", "to": "4600e7073edcf35149235c417b55aed016ffc4133b445b7a44f86e142a6010ae", "ts": 1785720803.48408, "type": "send"}
{"delay": 0.02, "height": 7, "msg_type": "PRECOMMIT", "node": "0772af86d70664e325e22546e3fe7a4c6b82feefae381b62cab85b230fb21719", "to": "967fe6e8b6c8221a582c62797d0002f17eee1c8d34def67da5ac8c9fb33b7fd4", "ts": 1785720803.484097, "type": "send"}
{"delay": 0.02, "height": 7, "msg_type": "PRECOMMIT", "node": "0772af86d70664e325e22546e3fe7a4c6b82feefae381b62cab85b230fb21719", "to": "c8568c45b20b7a1b9e0f4a5dadd1987eb3d6007e239fc9dd224eeb47b71799cf", "ts": 1785720803.484113, "type": "send"}
{"delay": 0.02, "height": 7, "msg_type": "PRECOMMIT", "node": "0772af86d70664e325e22546e3fe7a4c6b82feefae381b62cab85b230fb21719", "to": "f08474af8ab0926587a2475f38484edb316eecc339239614a2d1eff9ccd01800", "ts": 1785720803.484128, "type": "send"}
{"delay": 0.02, "height": 7, "msg_type": "PRECOMMIT", "node": "0772af86d70664e325e22546e3fe7a4c6b82feefae381b62cab85b230fb21719", "to": "f22393e0df7ce07fe1b9a4b8647ed82c1e636f80a5b858638dba3ccf3f416959", "ts": 1785720803.484143, "type": "send"}
{"from": "13756c2a50bf937f4229883f98ab0b11b0562401f6976befce154a83a086793f", "height": 7, "msg_type": "PRECOMMIT", "node": "0772af86d70664e325e22546e3fe7a4c6b82feefae381b62cab85b230fb21719", "ts": 1785720803.510658, "type": "deliver"}
{"from": "13756c2a50bf937f4229883f98ab0b11b0562401f6976befce154a83a086793f", "height": 7, "msg_type": "PRECOMMIT", "node": "3fde868ea6caf3041493f50fbcc45ebc3bad7edab4bad774a5dca2b91bec8af0", "ts": 1785720803.510682, "type": "deliver"}
{"from": "13756c2a50bf937f4229883f98ab0b11b0562401f6976befce154a83a086793f", "height": 7, "msg_type": "PRECOMMIT", "node": "4600e7073edcf35149235c417b55aed016ffc4133b445b7a44f86e142a6010ae", "ts": 1785720803.510692, "type": "deliver"}
{"from": "13756c2a50bf937f4229883f98ab0b11b0562401f6976befce154a83a086793f", "height": 7, "msg_type": "PRECOMMIT", "node": "967fe6e8b6c8221a582c62797d0002f17eee1c8d34def67da5ac8c9fb33b7fd4", "ts": 1785720803.5107, "type": "deliver"}
{"from": "13756c2a50bf937f4229883f98ab0b11b0562401f6976befce154a83a086793f", "height": 7, "msg_type": "PRECOMMIT", "node": "c8568c45b20b7a1b9e0f4a5dadd1987eb3d6007e239fc9dd224eeb47b71799cf", "ts": 1785720803.510709, "type": "deliver"}
{"from": "13756c2a50bf937f4229883f98ab0b11b0562401f6976befce154a83a086793f", "height": 7, "msg_type": "PRECOMMIT", "node": "f08474af8ab0926587a2475f38484edb316eecc339239614a2d1eff9ccd01800", "ts": 1785720803.510717, "type": "deliver"}
{"from": "13756c2a50bf937f4229883f98ab0b11b0562401f6976befce154a83a086793f", "height": 7, "msg_type": "PRECOMMIT", "node": "f22393e0df7ce07fe1b9a4b8647ed82c1e636f80a5b858638dba3ccf3f416959", "ts": 1785720803.510725, "type": "deliver"}
{"from": "3fde868ea6caf3041493f50fbcc45ebc3bad7edab4bad774a5dca2b91bec8af0", "height": 7, "msg_type": "PRECOMMIT", "node": "0772af86d70664e325e22546e3fe7a4c6b82feefae381b62cab85b230fb21719", "ts": 1785720803.510733, "type": "deliver"}
{"from": "3fde868ea6caf3041493f50fbcc45ebc3bad7edab4bad774a5dca2b91bec8af0", "height": 7, "msg_type": "PRECOMMIT", "node": "13756c2a50bf937f4229883f98ab0b11b0562401f6976befce154a83a086793f", "ts": 1785720803.510739, "type": "deliver"}
{"from": "3fde868ea6caf3041493f50fbcc45ebc3bad7edab4bad774a5dca2b91bec8af0", "height": 7, "msg_type": "PRECOMMIT", "node": "4600e7073edcf35149235c417b55aed016ffc4133b445b7a44f86e142a6010ae", "ts": 1785720803.510747, "type": "deliver"}
{"from": "3fde868ea6caf3041493f50fbcc45ebc3bad7edab4bad774a5dca2b91bec8af0", "height": 7, "msg_type": "PRECOMMIT", "node": "967fe6e8b6c8221a582c62797d0002f17eee1c8d34def67da5ac8c9fb33b7fd4", "ts": 1785720803.510752, "type": "deliver"}
{"from": "3fde868ea6caf3041493f50fbcc45ebc3bad7edab4bad774a5dca2b91bec8af0", "height": 7, "msg_type": "PRECOMMIT", "node": "c8568c45b20b7a1b9e0f4a5dadd1987eb3d6007e239fc9dd224eeb47b71799cf", "ts": 1785720803.510758, "type": "deliver"}
{"from": "3fde868ea6caf3041493f50fbcc45ebc3bad7edab4bad774a5dca2b91bec8af0", "height": 7, "msg_type": "PRECOMMIT", "node": "f08474af8ab0926587a2475f38484edb316eecc339239614a2d1eff9ccd01800", "ts": 1785720803.510764, "type": "deliver"}
{"from": "3fde868ea6caf3041493f50fbcc45ebc3bad7edab4bad774a5dca2b91bec8af0", "height": 7, "msg_type": "PRECOMMIT", "node": "f22393e0df7ce07fe1b9a4b8647ed82c1e636f80a5b858638dba3ccf3f416959", "ts": 1785720803.51077, "type": "deliver"}
{"from": "4600e7073edcf35149235c417b55aed016ffc4133b445b7a44f86e142a6010ae", "height": 7, "msg_type": "PRECOMMIT", "node": "0772af86d70664e325e22546e3fe7a4c6b82feefae381b62cab85b230fb21719", "ts": 1785720803.510776, "type": "deliver"}
{"from": "4600e7073edcf35149235c417b55aed016ffc4133b445b7a44f86e142a6010ae", "height": 7, "msg_type": "PRECOMMIT", "node": "13756c2a50bf937f4229883f98ab0b11b0562401f6976befce154a83a086793f", "ts": 1785720803.510787, "type": "deliver"}
{"from": "4600e7073edcf35149235c417b55aed016ffc4133b445b7a44f86e142a6010ae", "height": 7, "msg_type": "PRECOMMIT", "node": "3fde868ea6caf3041493f50fbcc45ebc3bad7edab4bad774a5dca2b91bec8af0", "ts": 1785720803.510794, "type": "deliver"}
{"from": "4600e7073edcf35149235c417b55aed016ffc4133b445b7a44f86e142a6010ae", "height": 7, "msg_type": "PRECOMMIT", "node": "967fe6e8b6c8221a582c62797d0002f17eee1c8d34def67da5ac8c9fb33b7fd4", "ts": 1785720803.5108, "type": "deliver"}
{"from": "4600e7073edcf35149235c417b55aed016ffc4133b445b7a44f86e142a6010ae", "height": 7, "msg_type": "PRECOMMIT", "node": "c8568c45b20b7a1b9e0f4a5dadd1987eb3d6007e239fc9dd224eeb47b71799cf", "ts": 1785720803.510805, "type": "deliver"}
{"from": "4600e7073edcf35149235c417b55aed016ffc4133b445b7a44f86e142a6010ae", "height": 7, "msg_type": "PRECOMMIT", "node": "f08474af8ab0926587a2475f38484edb316eecc339239614a2d1eff9ccd01800", "ts": 1785720803.510811, "type": "deliver"}
{"from": "4600e7073edcf35149235c417b55aed016ffc4133b445b7a44f86e142a6010ae", "height": 7, "msg_type": "PRECOMMIT", "node": "f22393e0df7ce07fe1b9a4b8647ed82c1e636f80a5b858638dba3ccf3f416959", "ts": 1785720803.510817, "type": "deliver"}
{"from": "967fe6e8b6c8221a582c62797d0002f17eee1c8d34def67da5ac8c9fb33b7fd4", "height": 7, "msg_type": "PRECOMMIT", "node": "0772af86d70664e325e22546e3fe7a4c6b82feefae381b62cab85b230fb21719", "ts": 1785720803.510823, "type": "deliver"}
{"from": "967fe6e8b6c8221a582c62797d0002f17eee1c8d34def67da5ac8c9fb33b7fd4", "height": 7, "msg_type": "PRECOMMIT", "node": "13756c2a50bf937f4229883f98ab0b11b0562401f6976befce154a83a086793f", "ts": 1785720803.510829, "type": "deliver"}
{"from": "967fe6e8b6c8221a582c62797d0002f17eee1c8d34def67da5ac8c9fb33b7fd4", "height": 7, "msg_type": "PRECOMMIT", "node": "3fde868ea6caf3041493f50fbcc45ebc3bad7edab4bad774a5dca2b91bec8af0", "ts": 1785720803.510834, "type": "deliver"}
{"from": "967fe6e8b6c8221a582c62797d0002f17eee1c8d34def67da5ac8c9fb33b7fd4", "height": 7, "msg_type": "PRECOMMIT", "node": "4600e7073edcf35149235c417b55aed016ffc4133b445b7a44f86e142a6010ae", "ts": 1785720803.51084, "type": "deliver"}
{"from": "967fe6e8b6c8221a582c62797d0002f17eee1c8d34def67da5ac8c9fb33b7fd4", "height": 7, "msg_type": "PRECOMMIT", "node": "c8568c45b20b7a1b9e0f4a5dadd1987eb3d6007e239fc9dd224eeb47b71799cf", "ts": 1785720803.510846, "type": "deliver"}
{"from": "967fe6e8b6c8221a582c62797d0002f17eee1c8d34def67da5ac8c9fb33b7fd4", "height": 7, "msg_type": "PRECOMMIT", "node": "f08474af8ab0926587a2475f38484edb316eecc339239614a2d1eff9ccd01800", "ts": 1785720803.510852, "type": "deliver"}
{"from": "967fe6e8b6c8221a582c62797d0002f17eee1c8d34def67da5ac8c9fb33b7fd4", "height": 7, "msg_type": "PRECOMMIT", "node": "f22393e0df7ce07fe1b9a4b8647ed82c1e636f80a5b858638dba3ccf3f416959", "ts": 1785720803.510858, "type": "deliver"}
{"from": "c8568c45b20b7a1b9e0f4a5dadd1987eb3d6007e239fc9dd224eeb47b71799cf", "height": 7, "msg_type": "PRECOMMIT", "node": "0772af86d70664e325e22546e3fe7a4c6b82feefae381b62cab85b230fb21719", "ts": 1785720803.510863, "type": "deliver"}
{"from": "c8568c45b20b7a1b9e0f4a5dadd1987eb3d6007e239fc9dd224eeb47b71799cf", "height": 7, "msg_type": "PRECOMMIT", "node": "13756c2a50bf937f4229883f98ab0b11b0562401f6976befce154a83a086793f", "ts": 1785720803.510869, "type": "deliver"}
{"from": "c8568c45b20b7a1b9e0f4a5dadd1987eb3d6007e239fc9dd224eeb47b71799cf", "height": 7, "msg_type": "PRECOMMIT", "node": "3fde868ea6caf3041493f50fbcc45ebc3bad7edab4bad774a5dca2b91bec8af0", "ts": 1785720803.510875, "type": "deliver"}
{"from": "c8568c45b20b7a1b9e0f4a5dadd1987eb3d6007e239fc9dd224eeb47b71799cf", "height": 7, "msg_type": "PRECOMMIT", "node": "4600e7073edcf35149235c417b55aed016ffc4133b445b7a44f86e142a6010ae", "ts": 1785720803.51088, "type": "deliver"}
{"from": "c8568c45b20b7a1b9e0f4a5dadd1987eb3d6007e239fc9dd224eeb47b71799cf", "height": 7, "msg_type": "PRECOMMIT", "node": "967fe6e8b6c8221a582c62797d0002f17eee1c8d34def67da5ac8c9fb33b7fd4", "ts": 1785720803.510886, "type": "deliver"}
{"from": "c8568c45b20b7a1b9e0f4a5dadd1987eb3d6007e239fc9dd224eeb47b71799cf", "height": 7, "msg_type": "PRECOMMIT", "node": "f08474af8ab0926587a2475f38484edb316eecc339239614a2d1eff9ccd01800", "ts": 1785720803.510892, "type": "deliver"}
{"from": "c8568c45b20b7a1b9e0f4a5dadd1987eb3d6007e239fc9dd224eeb47b71799cf", "height": 7, "msg_type": "PRECOMMIT", "node": "f22393e0df7ce07fe1b9a4b8647ed82c1e636f80a5b858638dba3ccf3f416959", "ts": 1785720803.5109, "type": "deliver"}
{"from": "f08474af8ab0926587a2475f38484edb316eecc339239614a2d1eff9ccd01800", "height": 7, "msg_type": "PRECOMMIT", "node": "0772af86d70664e325e22546e3fe7a4c6b82feefae381b62cab85b230fb21719", "ts": 1785720803.510905, "type": "deliver"}
{"from": "f08474af8ab0926587a2475f38484edb316eecc339239614a2d1eff9ccd01800", "height": 7, "msg_type": "PRECOMMIT", "node": "13756c2a50bf937f4229883f98ab0b11b0562401f6976befce154a83a086793f", "ts": 1785720803.510911, "type": "deliver"}
{"from": "f08474af8ab0926587a2475f38484edb316eecc339239614a2d1eff9ccd01800", "height": 7, "msg_type": "PRECOMMIT", "node": "3fde868ea6caf3041493f50fbcc45ebc3bad7edab4bad774a5dca2b91bec8af0", "ts": 1785720803.510917, "type": "deliver"}
{"from": "f08474af8ab0926587a2475f38484edb316eecc339239614a2d1eff9ccd01800", "height": 7, "msg_type": "PRECOMMIT", "node": "4600e7073edcf35149235c417b55aed016ffc4133b445b7a44f86e142a6010ae", "ts": 1785720803.510923, "type": "deliver"}
{"from": "f08474af8ab0926587a2475f38484edb316eecc339239614a2d1eff9ccd01800", "height": 7, "msg_type": "PRECOMMIT", "node": "967fe6e8b6c8221a582c62797d0002f17eee1c8d34def67da5ac8c9fb33b7fd4", "ts": 1785720803.510928, "type": "deliver"}
{"from": "f08474af8ab0926587a2475f38484edb316eecc339239614a2d1eff9ccd01800", "height": 7, "msg_type": "PRECOMMIT", "node": "c8568c45b20b7a1b9e0f4a5dadd1987eb3d6007e239fc9dd224eeb47b71799cf", "ts": 1785720803.510934, "type": "deliver"}
{"from": "f08474af8ab0926587a2475f38484edb316eecc339239614a2d1eff9ccd01800", "height": 7, "msg_type": "PRECOMMIT", "node": "f22393e0df7ce07fe1b9a4b8647ed82c1e636f80a5b858638dba3ccf3f416959", "ts": 1785720803.510939, "type": "deliver"}
{"from": "f22393e0df7ce07fe1b9a4b8647ed82c1e636f80a5b858638dba3ccf3f416959", "height": 7, "msg_type": "PRECOMMIT", "node": "0772af86d70664e325e22546e3fe7a4c6b82feefae381b62cab85b230fb21719", "ts": 1785720803.510945, "type": "deliver"}
{"from": "f22393e0df7ce07fe1b9a4b8647ed82c1e636f80a5b858638dba3ccf3f416959", "height": 7, "msg_type": "PRECOMMIT", "node": "13756c2a50bf937f4229883f98ab0b11b0562401f6976befce154a83a086793f", "ts": 1785720803.510951, "type": "deliver"}
{"from": "f22393e0df7ce07fe1b9a4b8647ed82c1e636f80a5b858638dba3ccf3f416959", "height": 7, "msg_type": "PRECOMMIT", "node": "3fde868ea6caf3041493f50fbcc45ebc3bad7edab4bad774a5dca2b91bec8af0", "ts": 1785720803.510957, "type": "deliver"}
{"from": "f22393e0df7ce07fe1b9a4b8647ed82c1e636f80a5b858638dba3ccf3f416959", "height": 7, "msg_type": "PRECOMMIT", "node": "4600e7073edcf35149235c417b55aed016ffc4133b445b7a44f86e142a6010ae", "ts": 1785720803.510962, "type": "deliver"}
{"from": "f22393e0df7ce07fe1b9a4b8647ed82c1e636f80a5b858638dba3ccf3f416959", "height": 7, "msg_type": "PRECOMMIT", "node": "967fe6e8b6c8221a582c62797d0002f17eee1c8d34def67da5ac8c9fb33b7fd4", "ts": 1785720803.510968, "type": "deliver"}
{"from": "f22393e0df7ce07fe1b9a4b8647ed82c1e636f80a5b858638dba3ccf3f416959", "height": 7, "msg_type": "PRECOMMIT", "node": "c8568c45b20b7a1b9e0f4a5dadd1987eb3d6007e239fc9dd224eeb47b71799cf", "ts": 1785720803.510974, "type": "deliver"}
{"from": "f22393e0df7ce07fe1b9a4b8647ed82c1e636f80a5b858638dba3ccf3f416959", "height": 7, "msg_type": "PRECOMMIT", "node": "f08474af8ab0926587a2475f38484edb316eecc339239614a2d1eff9ccd01800", "ts": 1785720803.510986, "type": "deliver"}
{"from": "0772af86d70664e325e22546e3fe7a4c6b82feefae381b62cab85b230fb21719", "height": 7, "msg_type": "PRECOMMIT", "node": "13756c2a50bf937f4229883f98ab0b11b0562401f6976befce154a83a086793f", "ts": 1785720803.510993, "type": "deliver"}
{"from": "0772af86d70664e325e22546e3fe7a4c6b82feefae381b62cab85b230fb21719", "height": 7, "msg_type": "PRECOMMIT", "node": "3fde868ea6caf3041493f50fbcc45ebc3bad7edab4bad774a5dca2b91bec8af0", "ts": 1785720803.510999, "type": "deliver"}
{"from": "0772af86d70664e325e22546e3fe7a4c6b82feefae381b62cab85b230fb21719", "height": 7, "msg_type": "PRECOMMIT", "node": "4600e7073edcf35149235c417b55aed016ffc4133b445b7a44f86e142a6010ae", "ts": 1785720803.511005, "type": "deliver"}
{"from": "0772af86d70664e325e22546e3fe7a4c6b82feefae381b62cab85b230fb21719", "height": 7, "msg_type": "PRECOMMIT", "node": "967fe6e8b6c8221a582c62797d0002f17eee1c8d34def67da5ac8c9fb33b7fd4", "ts": 1785720803.511011, "type": "deliver"}
{"from": "0772af86d70664e325e22546e3fe7a4c6b82feefae381b62cab85b230fb21719", "height": 7, "msg_type": "PRECOMMIT", "node": "c8568c45b20b7a1b9e0f4a5dadd1987eb3d6007e239fc9dd224eeb47b71799cf", "ts": 1785720803.511016, "type": "deliver"}
{"from": "0772af86d70664e325e22546e3fe7a4c6b82feefae381b62cab85b230fb21719", "height": 7, "msg_type": "PRECOMMIT", "node": "f08474af8ab0926587a2475f38484edb316eecc339239614a2d1eff9ccd01800", "ts": 1785720803.511025, "type": "deliver"}
{"from": "0772af86d70664e325e22546e3fe7a4c6b82feefae381b62cab85b230fb21719", "height": 7, "msg_type": "PRECOMMIT", "node": "f22393e0df7ce07fe1b9a4b8647ed82c1e636f80a5b858638dba3ccf3f416959", "ts": 1785720803.51103, "type": "deliver"}
{"delay": 0.02, "height": 8, "msg_type": "PROPOSAL", "node": "0772af86d70664e325e22546e3fe7a4c6b82feefae381b62cab85b230fb21719", "to": "13756c2a50bf937f4229883f98ab0b11b0562401f6976befce154a83a086793f", "ts": 1785720803.5118, "type": "send"}
{"delay": 0.02, "height": 8, "msg_type": "PROPOSAL", "node": "0772af86d70664e325e22546e3fe7a4c6b82feefae381b62cab85b230fb21719", "to": "3fde868ea6caf3041493f50fbcc45ebc3bad7edab4bad774a5dca2b91bec8af0", "ts": 1785720803.511814, "type": "send"}
{"delay": 0.02, "height": 8, "msg_type": "PROPOSAL", "node": "0772af86d70664e325e22546e3fe7a4c6b82feefae381b62cab85b230fb21719", "to": "4600e7073edcf35149235c417b55aed016ffc4133b445b7a44f86e142a6010ae", "ts": 1785720803.511822, "type": "send"}
{"delay": 0.02, "height": 8, "msg_type": "PROPOSAL", "node": "0772af86d70664e325e22546e3fe7a4c6b82feefae381b62cab85b230fb21719", "to": "967fe6e8b6c8221a582c62797d0002f17eee1c8d34def67da5ac8c9fb33b7fd4", "ts": 1785720803.511829, "type": "send"}
{"delay": 0.02, "height": 8, "msg_type": "PROPOSAL", "node": "0772af86d70664e325e22546e3fe7a4c6b82feefae381b62cab85b230fb21719", "to": "c8568c45b20b7a1b9e0f4a5dadd1987eb3d6007e239fc9dd224eeb47b71799cf", "ts": 1785720803.511835, "type": "send"}
{"delay": 0.02, "height": 8, "msg_type": "PROPOSAL", "node": "0772af86d70664e325e22546e3fe7a4c6b82feefae381b62cab85b230fb21719", "to": "f08474af8ab0926587a2475f38484edb316eecc339239614a2d1eff9ccd01800", "ts": 1785720803.511841, "type": "send"}
{"delay": 0.02, "height": 8, "msg_type": "PROPOSAL", "node": "0772af86d70664e325e22546e3fe7a4c6b82feefae381b62cab85b230fb21719", "to": "f22393e0df7ce07fe1b9a4b8647ed82c1e636f80a5b858638dba3ccf3f416959", "ts": 1785720803.511847, "type": "send"}
{"delay": 0.02, "height": 8, "msg_type": "PREVOTE", "node": "0772af86d70664e325e22546e3fe7a4c6b82feefae381b62cab85b230fb21719", "to": "13756c2a50bf937f4229883f98ab0b11b0562401f6976befce154a83a086793f", "ts": 1785720803.512104, "type": "send"}
{"delay": 0.02, "height": 8, "msg_type": "PREVOTE", "node": "0772af86d70664e325e22546e3fe7a4c6b82feefae381b62cab85b230fb21719", "to": "3fde868ea6caf3041493f50fbcc45ebc3bad7edab4bad774a5dca2b91bec8af0", "ts": 1785720803.512115, "type": "send"}
{"delay": 0.02, "height": 8, "msg_type": "PREVOTE", "node": "0772af86d70664e325e22546e3fe7a4c6b82feefae381b62cab85b230fb21719", "to": "4600e7073edcf35149235c417b55aed016ffc4133b445b7a44f86e142a6010ae", "ts": 1785720803.512121, "type": "send"}
{"delay": 0.02, "height": 8, "msg_type": "PREVOTE", "node": "0772af86d70664e325e22546e3fe7a4c6b82feefae381b62cab85b230fb21719", "to": "967fe6e8b6c8221a582c62797d0002f17eee1c8d34def67da5ac8c9fb33b7fd4", "ts": 1785720803.512128, "type": "send"}
{"delay": 0.02, "height": 8, "msg_type": "PREVOTE", "node": "0772af86d70664e325e22546e3fe7a4c6b82feefae381b62cab85b230fb21719", "to": "c8568c45b20b7a1b9e0f4a5dadd1987eb3d6007e239fc9dd224eeb47b71799cf", "ts": 1785720803.512134, "type": "send"}
{"delay": 0.02, "height": 8, "msg_type": "PREVOTE", "node": "0772af86d70664e325e22546e3fe7a4c6b82feefae381b62cab85b230fb21719", "to": "f08474af8ab0926587a2475f38484edb316eecc339239614a2d1eff9ccd01800", "ts": 1785720803.51214, "type": "send"}
{"delay": 0.02, "height": 8, "msg_type": "PREVOTE", "node": "0772af86d70664e325e22546e3fe7a4c6b82feefae381b62cab85b230fb21719", "to": "f22393e0df7ce07fe1b9a4b8647ed82c1e636f80a5b858638dba3ccf3f416959", "ts": 1785720803.512145, "type": "send"}
{"from": "0772af86d70664e325e22546e3fe7a4c6b82feefae381b62cab85b230fb21719", "height": 8, "msg_type": "PROPOSAL", "node": "13756c2a50bf937f4229883f98ab0b11b0562401f6976befce154a83a086793f", "ts": 1785720803.542125, "type": "deliver"}
{"from": "0772af86d70664e325e22546e3fe7a4c6b82feefae381b62cab85b230fb21719", "height": 8, "msg_type": "PROPOSAL", "node": "3fde868ea6caf3041493f50fbcc45ebc3bad7edab4bad774a5dca2b91bec8af0", "ts": 1785720803.542208, "type": "deliver"}
{"from": "0772af86d70664e325e22546e3fe7a4c6b82feefae381b62cab85b230fb21719", "height": 8, "msg_type": "PROPOSAL", "node": "4600e7073edcf35149235c417b55aed016ffc4133b445b7a44f86e142a6010ae", "ts": 1785720803.542248, "type": "deliver"}
{"from": "0772af86d70664e325e22546e3fe7a4c6b82feefae381b62cab85b230fb21719", "height": 8, "msg_type": "PROPOSAL", "node": "967fe6e8b6c8221a582c62797d0002f17eee1c8d34def67da5ac8c9fb33b7fd4", "ts": 1785720803.542282, "type": "deliver"}
{"from": "0772af86d70664e325e22546e3fe7a4c6b82feefae381b62cab85b230fb21719", "height": 8, "msg_type": "PROPOSAL", "node": "c8568c45b20b7a1b9e0f4a5dadd1987eb3d6007e239fc9dd224eeb47b71799cf", "ts": 1785720803.542314, "type": "deliver"}
{"from": "0772af86d70664e325e22546e3fe7a4c6b82feefae381b62cab85b230fb21719", "height": 8, "msg_type": "PROPOSAL", "node": "f08474af8ab0926587a2475f38484edb316eecc339239614a2d1eff9ccd01800", "ts": 1785720803.542344, "type": "deliver"}
{"from": "0772af86d70664e325e22546e3fe7a4c6b82feefae381b62cab85b230fb21719", "height": 8, "msg_type": "PROPOSAL", "node": "f22393e0df7ce07fe1b9a4b8647ed82c1e636f80a5b858638dba3ccf3f416959", "ts": 1785720803.542374, "type": "deliver"}
{"from": "0772af86d70664e325e22546e3fe7a4c6b82feefae381b62cab85b230fb21719", "height": 8, "msg_type": "PREVOTE", "node": "13756c2a50bf937f4229883f98ab0b11b0562401f6976befce154a83a086793f", "ts": 1785720803.542404, "type": "deliver"}
{"from": "0772af86d70664e325e22546e3fe7a4c6b82feefae381b62cab85b230fb21719", "height": 8, "msg_type": "PREVOTE", "node": "3fde868ea6caf3041493f50fbcc45ebc3bad7edab4bad774a5dca2b91bec8af0", "ts": 1785720803.542428, "type": "deliver"}
{"from": "0772af86d70664e325e22546e3fe7a4c6b82feefae381b62cab85b230fb21719", "height": 8, "msg_type": "PREVOTE", "node": "4600e7073edcf35149235c417b55aed016ffc4133b445b7a44f86e142a6010ae", "ts": 1785720803.542451, "type": "deliver"}
{"from": "0772af86d70664e325e22546e3fe7a4c6b82feefae381b62cab85b230fb21719", "height": 8, "msg_type": "PREVOTE", "node": "967fe6e8b6c8221a582c62797d0002f17eee1c8d34def67da5ac8c9fb33b7fd4", "ts": 1785720803.542495, "type": "deliver"}
{"from": "0772af86d70664e325e22546e3fe7a4c6b82feefae381b62cab85b230fb21719", "height": 8, "msg_type": "PREVOTE", "node": "c8568c45b20b7a1b9e0f4a5dadd1987eb3d6007e239fc9dd224eeb47b71799cf", "ts": 1785720803.542522, "type": "deliver"}
{"from": "0772af86d70664e325e22546e3fe7a4c6b82feefae381b62cab85b230fb21719", "height": 8, "msg_type": "PREVOTE", "node": "f08474af8ab0926587a2475f38484edb316eecc339239614a2d1eff9ccd01800", "ts": 1785720803.542548, "type": "deliver"}
{"from": "0772af86d70664e325e22546e3fe7a4c6b82feefae381b62cab85b230fb21719", "height": 8, "msg_type": "PREVOTE", "node": "f22393e0df7ce07fe1b9a4b8647ed82c1e636f80a5b858638dba3ccf3f416959", "ts": 1785720803.542574, "type": "deliver"}
{"delay": 0.02, "height": 8, "msg_type": "PREVOTE", "node": "13756c2a50bf937f4229883f98ab0b11b0562401f6976befce154a83a086793f", "to": "0772af86d70664e325e22546e3fe7a4c6b82feefae381b62cab85b230fb21719", "ts": 1785720803.544047, "type": "send"}
{"delay": 0.02, "height": 8, "msg_type": "PREVOTE", "node": "13756c2a50bf937f4229883f98ab0b11b0562401f6976befce154a83a086793f", "to": "3fde868ea6caf3041493f50fbcc45ebc3bad7edab4bad774a5dca2b91bec8af0", "ts": 1785720803.544105, "type": "send"}
{"delay": 0.02, "height": 8, "msg_type": "PREVOTE", "node": "13756c2a50bf937f4229883f98ab0b11b0562401f6976befce154a83a086793f", "to": "4600e7073edcf35149235c417b55aed016ffc4133b445b7a44f86e142a6010ae", "ts": 1785720803.544136, "type": "send"}
{"delay": 0.02, "height": 8, "msg_type": "PREVOTE", "node": "13756c2a50bf937f4229883f98ab0b11b0562401f6976befce154a83a086793f", "to": "967fe6e8b6c8221a582c62797d0002f17eee1c8d34def67da5ac8c9fb33b7fd4", "ts": 1785720803.544163, "type": "send"}
{"delay": 0.02, "height": 8, "msg_type": "PREVOTE", "node": "13756c2a50bf937f4229883f98ab0b11b0562401f6976befce154a83a086793f", "to": "c8568c45b20b7a1b9e0f4a5dadd1987eb3d6007e239fc9dd224eeb47b71799cf", "ts": 1785720803.544189, "type": "send"}
{"delay": 0.02, "height": 8, "msg_type": "PREVOTE", "node": "13756c2a50bf937f4229883f98ab0b11b0562401f6976befce154a83a086793f", "to": "f08474af8ab0926587a2475f38484edb316eecc339239614a2d1eff9ccd01800", "ts": 1785720803.544215, "type": "send"}
{"delay": 0.02, "height": 8, "msg_type": "PREVOTE", "node": "13756c2a50bf937f4229883f98ab0b11b0562401f6976befce154a83a086793f", "to": "f22393e0df7ce07fe1b9a4b8647ed82c1e636f80a5b858638dba3ccf3f416959", "ts": 1785720803.54424, "type": "send"}
{"delay": 0.02, "height": 8, "msg_type": "PREVOTE", "node": "3fde868ea6caf3041493f50fbcc45ebc3bad7edab4bad774a5dca2b91bec8af0", "to": "0772af86d70664e325e22546e3fe7a4c6b82feefae381b62cab85b230fb21719", "ts": 1785720803.545893, "type": "send"}
{"delay": 0.02, "height": 8, "msg_type": "PREVOTE", "node": "3fde868ea6caf3041493f50fbcc45ebc3bad7edab4bad774a5dca2b91bec8af0", "to": "13756c2a50bf937f4229883f98ab0b11b0562401f6976befce154a83a086793f", "ts": 1785720803.545934, "type": "send"}
{"delay": 0.02, "height": 8, "msg_type": "PREVOTE", "node": "3fde868ea6caf3041493f50fbcc45ebc3bad7edab4bad774a5dca2b91bec8af0", "to": "4600e7073edcf35149235c417b55aed016ffc4133b445b7a44f86e142a6010ae", "ts": 1785720803.545963, "type": "send"}
{"delay": 0.02, "height": 8, "msg_type": "PREVOTE", "node": "3fde868ea6caf3041493f50fbcc45ebc3bad7edab4bad774a5dca2b91bec8af0", "to": "967fe6e8b6c8221a582c62797d0002f17eee1c8d34def67da5ac8c9fb33b7fd4", "ts": 1785720803.546002, "type": "send"}
{"delay": 0.02, "height": 8, "msg_type": "PREVOTE", "node": "3fde868ea6caf3041493f50fbcc45ebc3bad7edab4bad774a5dca2b91bec8af0", "to": "c8568c45b20b7a1b9e0f4a5dadd1987eb3d6007e239fc9dd224eeb47b71799cf", "ts": 1785720803.546027, "type": "send"}
{"delay": 0.02, "height": 8, "msg_type": "PREVOTE", "node": "3fde868ea6caf3041493f50fbcc45ebc3bad7edab4bad774a5dca2b91bec8af0", "to": "f08474af8ab0926587a2475f38484edb316eecc339239614a2d1eff9ccd01800", "ts": 1785720803.546052, "type": "send"}
{"delay": 0.02, "height": 8, "msg_type": "PREVOTE", "node": "3fde868ea6caf3041493f50fbcc45ebc3bad7edab4bad774a5dca2b91bec8af0", "to": "f22393e0df7ce07fe1b9a4b8647ed82c1e636f80a5b858638dba3ccf3f416959", "ts": 1785720803.546075, "type": "send"}
{"delay": 0.02, "height": 8, "msg_type": "PREVOTE", "node": "4600e7073edcf35149235c417b55aed016ffc4133b445b7a44f86e142a6010ae", "to": "0772af86d70664e325e22546e3fe7a4c6b82feefae381b62cab85b230fb21719", "ts": 1785720803.547685, "type": "send"}
{"delay": 0.02, "height": 8, "msg_type": "PREVOTE", "node": "4600e7073edcf35149235c417b55aed016ffc4133b445b7a44f86e142a6010ae", "to": "13756c2a50bf937f4229883f98ab0b11b0562401f6976befce154a83a086793f", "ts": 1785720803.547724, "type": "send"}
{"delay": 0.02, "height": 8, "msg_type": "PREVOTE", "node": "4600e7073edcf35149235c417b55aed016ffc4133b445b7a44f86e142a6010ae", "to": "3fde868ea6caf3041493f50fbcc45ebc3bad7edab4bad774a5dca2b91bec8af0", "ts": 1785720803.547751, "type": "send"}
{"delay": 0.02, "height": 8, "msg_type": "PREVOTE", "node": "4600e7073edcf35149235c417b55aed016ffc4133b445b7a44f86e142a6010ae", "to": "967fe6e8b6c8221a582c62797d0002f17eee1c8d34def67da5ac8c9fb33b7fd4", "ts": 1785720803.547776, "type": "send"}
{"delay": 0.02, "height": 8, "msg_type": "PREVOTE", "node": "4600e7073edcf35149235c417b55aed016ffc4133b445b7a44f86e142a6010ae", "to": "c8568c45b20b7a1b9e0f4a5dadd1987eb3d6007e239fc9dd224eeb47b71799cf", "ts": 1785720803.547801, "type": "send"}
{"delay": 0.02, "height": 8, "msg_type": "PREVOTE", "node": "4600e7073edcf35149235c417b55aed016ffc4133b445b7a44f86e142a6010ae", "to": "f08474af8ab0926587a2475f38484edb316eecc339239614a2d1eff9ccd01800", "ts": 1785720803.547824, "type": "send"}
{"delay": 0.02, "height": 8, "msg_type": "PREVOTE", "node": "4600e7073edcf35149235c417b55aed016ffc4133b445b7a44f86e142a6010ae", "to": "f22393e0df7ce07fe1b9a4b8647ed82c1e636f80a5b858638dba3ccf3f416959", "ts": 1785720803.547863, "type": "send"}
{"delay": 0.02, "height": 8, "msg_type": "PREVOTE", "node": "967fe6e8b6c8221a582c62797d0002f17eee1c8d34def67da5ac8c9fb33b7fd4", "to": "0772af86d70664e325e22546e3fe7a4c6b82feefae381b62cab85b230fb21719", "ts": 1785720803.549478, "type": "send"}
{"delay": 0.02, "height": 8, "msg_type": "PREVOTE", "node": "967fe6e8b6c8221a582c62797d0002f17eee1c8d34def67da5ac8c9fb33b7fd4", "to": "13756c2a50bf937f4229883f98ab0b11b0562401f6976befce154a83a086793f", "ts": 1785720803.549517, "type": "send"}
{"delay": 0.02, "height": 8, "msg_type": "PREVOTE", "node": "967fe6e8b6c8221a582c62797d0002f17eee1c8d34def67da5ac8c9fb33b7fd4", "to": "3fde868ea6caf3041493f50fbcc45ebc3bad7edab4bad774a5dca2b91bec8af0", "ts": 1785720803.549544, "type": "send"}
{"delay": 0.02, "height": 8, "msg_type": "PREVOTE", "node": "967fe6e8b6c8221a582c62797d0002f17eee1c8d34def67da5ac8c9fb33b7fd4", "to": "4600e7073edcf35149235c417b55aed016ffc4133b445b7a44f86e142a6010ae", "ts": 1785720803.54957, "type": "send"}
{"delay": 0.02, "height": 8, "msg_type": "PREVOTE", "node": "967fe6e8b6c8221a582c62797d0002f17eee1c8d34def67da5ac8c9fb33b7fd4", "to": "c8568c45b20b7a1b9e0f4a5dadd1987eb3d6007e239fc9dd224eeb47b71799cf", "ts": 1785720803.549594, "type": "send"}
{"delay": 0.02, "height": 8, "msg_type": "PREVOTE", "node": "967fe6e8b6c8221a582c62797d0002f17eee1c8d34def67da5ac8c9fb33b7fd4", "to": "f08474af8ab0926587a2475f38484edb316eecc339239614a2d1eff9ccd01800", "ts": 1785720803.549618, "type": "send"}
{"delay": 0.02, "height": 8, "msg_type": "PREVOTE", "node": "967fe6e8b6c8221a582c62797d0002f17eee1c8d34def67da5ac8c9fb33b7fd4", "to": "f22393e0df7ce07fe1b9a4b8647ed82c1e636f80a5b858638dba3ccf3f416959", "ts": 1785720803.549642, "type": "send"}
{"delay": 0.02, "height": 8, "msg_type": "PREVOTE", "node": "c8568c45b20b7a1b9e0f4a5dadd1987eb3d6007e239fc9dd224eeb47b71799cf", "to": "0772af86d70664e325e22546e3fe7a4c6b82feefae381b62cab85b230fb21719", "ts": 1785720803.551236, "type": "send"}
{"delay": 0.02, "height": 8, "msg_type": "PREVOTE", "node": "c8568c45b20b7a1b9e0f4a5dadd1987eb3d6007e239fc9dd224eeb47b71799cf", "to": "13756c2a50bf937f4229883f98ab0b11b0562401f6976befce154a83a086793f", "ts": 1785720803.551274, "type": "send"}
{"delay": 0.02, "height": 8, "msg_type": "PREVOTE", "node": "c8568c45b20b7a1b9e0f4a5dadd1987eb3d6007e239fc9dd224eeb47b71799cf", "to": "3fde868ea6caf3041493f50fbcc45ebc3bad7edab4bad774a5dca2b91bec8af0", "ts": 1785720803.551301, "type": "send"}
{"delay": 0.02, "height": 8, "msg_type": "PREVOTE", "node": "c8568c45b20b7a1b9e0f4a5dadd1987eb3d6007e239fc9dd224eeb47b71799cf", "to": "4600e7073edcf35149235c417b55aed016ffc4133b445b7a44f86e142a6010ae", "ts": 1785720803.551326, "type": "send"}
{"delay": 0.02, "height": 8, "msg_type": "PREVOTE", "node": "c8568c45b20b7a1b9e0f4a5dadd1987eb3d6007e239fc9dd224eeb47b71799cf", "to": "967fe6e8b6c8221a582c62797d0002f17eee1c8d34def67da5ac8c9fb33b7fd4", "ts": 1785720803.55135, "type": "send"}
{"delay": 0.02, "height": 8, "msg_type": "PREVOTE", "node": "c8568c45b20b7a1b9e0f4a5dadd1987eb3d6007e239fc9dd224eeb47b71799cf", "to": "f08474af8ab0926587a2475f38484edb316eecc339239614a2d1eff9ccd01800", "ts": 1785720803.551374, "type": "send"}
{"delay": 0.02, "height": 8, "msg_type": "PREVOTE", "node": "c8568c45b20b7a1b9e0f4a5dadd1987eb3d6007e239fc9dd224eeb47b71799cf", "to": "f22393e0df7ce07fe1b9a4b8647ed82c1e636f80a5b858638dba3ccf3f416959", "ts": 1785720803.551398, "type": "send"}
{"delay": 0.02, "height": 8, "msg_type": "PREVOTE", "node": "f08474af8ab0926587a2475f38484edb316eecc339239614a2d1eff9ccd01800", "to": "0772af86d70664e325e22546e3fe7a4c6b82feefae381b62cab85b230fb21719", "ts": 1785720803.553001, "type": "send"}
{"delay": 0.02, "height": 8, "msg_type": "PREVOTE", "node": "f08474af8ab0926587a2475f38484edb316eecc339239614a2d1eff9ccd01800", "to": "13756c2a50bf937f4229883f98ab0b11b0562401f6976befce154a83a086793f", "ts": 1785720803.553043, "type": "send"}
{"delay": 0.02, "height": 8, "msg_type": "PREVOTE", "node": "f08474af8ab0926587a2475f38484edb316eecc339239614a2d1eff9ccd01800", "to": "3fde868ea6caf3041493f50fbcc45ebc3bad7edab4bad774a5dca2b91bec8af0", "ts": 1785720803.55307, "type": "send"}
{"delay": 0.02, "height": 8, "msg_type": "PREVOTE", "node": "f08474af8ab0926587a2475f38484edb316eecc339239614a2d1eff9ccd01800", "to": "4600e7073edcf35149235c417b55aed016ffc4133b445b7a44f86e142a6010ae", "ts": 1785720803.553095, "type": "send"}
{"delay": 0.02, "height": 8, "msg_type": "PREVOTE", "node": "f08474af8ab0926587a2475f38484edb316eecc339239614a2d1eff9ccd01800", "to": "967fe6e8b6c8221a582c62797d0002f17eee1c8d34def67da5ac8c9fb33b7fd4", "ts": 1785720803.55312, "type": "send"}
{"delay": 0.02, "height": 8, "msg_type": "PREVOTE", "node": "f08474af8ab0926587a2475f38484edb316eecc339239614a2d1eff9ccd01800", "to": "c8568c45b20b7a1b9e0f4a5dadd1987eb3d6007e239fc9dd224eeb47b71799cf", "ts": 1785720803.553144, "type": "send"}
{"delay": 0.02, "height": 8, "msg_type": "PREVOTE", "node": "f08474af8ab0926587a2475f38484edb316eecc339239614a2d1eff9ccd01800", "to": "f22393e0df7ce07fe1b9a4b8647ed82c1e636f80a5b858638dba3ccf3f416959", "ts": 1785720803.553169, "type": "send"}
{"delay": 0.02, "height": 8, "msg_type": "PREVOTE", "node": "f22393e0df7ce07fe1b9a4b8647ed82c1e636f80a5b858638dba3ccf3f416959", "to": "0772af86d70664e325e22546e3fe7a4c6b82feefae381b62cab85b230fb21719", "ts": 1785720803.554751, "type": "send"}
{"delay": 0.02, "height": 8, "msg_type": "PREVOTE", "node": "f22393e0df7ce07fe1b9a4b8647ed82c1e636f80a5b858638dba3ccf3f416959", "to": "13756c2a50bf937f4229883f98ab0b11b0562401f6976befce154a83a086793f", "ts": 1785720803.554788, "type": "send"}
{"delay": 0.02, "height": 8, "msg_type": "PREVOTE", "node": "f22393e0df7ce07fe1b9a4b8647ed82c1e636f80a5b858638dba3ccf3f416959", "to": "3fde868ea6caf3041493f50fbcc45ebc3bad7edab4bad774a5dca2b91bec8af0", "ts": 1785720803.554814, "type": "send"}
{"delay": 0.02, "height": 8, "msg_type": "PREVOTE", "node": "f22393e0df7ce07fe1b9a4b8647ed82c1e636f80a5b858638dba3ccf3f416959", "to": "4600e7073edcf35149235c417b55aed016ffc4133b445b7a44f86e142a6010ae", "ts": 1785720803.554838, "type": "send"}
{"delay": 0.02, "height": 8, "msg_type": "PREVOTE", "node": "f22393e0df7ce07fe1b9a4b8647ed82c1e636f80a5b858638dba3ccf3f416959", "to": "967fe6e8b6c8221a582c62797d0002f17eee1c8d34def67da5ac8c9fb33b7fd4", "ts": 1785720803.554862, "type": "send"}
{"delay": 0.02, "height": 8, "msg_type": "PREVOTE", "node": "f22393e0df7ce07fe1b9a4b8647ed82c1e636f80a5b858638dba3ccf3f416959", "to": "c8568c45b20b7a1b9e0f4a5dadd1987eb3d6007e239fc9dd224eeb47b71799cf", "ts": 1785720803.554886, "type": "send"}
{"delay": 0.02, "height": 8, "msg_type": "PREVOTE", "node": "f22393e0df7ce07fe1b9a4b8647ed82c1e636f80a5b858638dba3ccf3f416959", "to": "f08474af8ab0926587a2475f38484edb316eecc339239614a2d1eff9ccd01800", "ts": 1785720803.554912, "type": "send"}
{"from": "13756c2a50bf937f4229883f98ab0b11b0562401f6976befce154a83a086793f", "height": 8, "msg_type": "PREVOTE", "node": "0772af86d70664e325e22546e3fe7a4c6b82feefae381b62cab85b230fb21719", "ts": 1785720803.613269, "type": "deliver"}
{"from": "13756c2a50bf937f4229883f98ab0b11b0562401f6976befce154a83a086793f", "height": 8, "msg_type": "PREVOTE", "node": "3fde868ea6caf3041493f50fbcc45ebc3bad7edab4bad774a5dca2b91bec8af0", "ts": 1785720803.614667, "type": "deliver"}
{"from": "13756c2a50bf937f4229883f98ab0b11b0562401f6976befce154a83a086793f", "height": 8, "msg_type": "PREVOTE", "node": "4600e7073edcf35149235c417b55aed016ffc4133b445b7a44f86e142a6010ae", "ts": 1785720803.614757, "type": "deliver"}
{"from": "13756c2a50bf937f4229883f98ab0b11b0562401f6976befce154a83a086793f", "height": 8, "msg_type": "PREVOTE", "node": "967fe6e8b6c8221a582c62797d0002f17eee1c8d34def67da5ac8c9fb33b7fd4", "ts": 1785720803.614813, "type": "deliver"}
{"from": "13756c2a50bf937f4229883f98ab0b11b0562401f6976befce154a83a086793f", "height": 8, "msg_type": "PREVOTE", "node": "c8568c45b20b7a1b9e0f4a5dadd1987eb3d6007e239fc9dd224eeb47b71799cf", "ts": 1785720803.614869, "type": "deliver"}
{"from": "13756c2a50bf937f4229883f98ab0b11b0562401f6976befce154a83a086793f", "height": 8, "msg_type": "PREVOTE", "node": "f08474af8ab0926587a2475f38484edb316eecc339239614a2d1eff9ccd01800", "ts": 1785720803.625136, "type": "deliver"}
{"from": "13756c2a50bf937f4229883f98ab0b11b0562401f6976befce154a83a086793f", "height": 8, "msg_type": "PREVOTE", "node": "f22393e0df7ce07fe1b9a4b8647ed82c1e636f80a5b858638dba3ccf3f416959", "ts": 1785720803.62655, "type": "deliver"}
{"from": "3fde868ea6caf3041493f50fbcc45ebc3bad7edab4bad774a5dca2b91bec8af0", "height": 8, "msg_type": "PREVOTE", "node": "0772af86d70664e325e22546e3fe7a4c6b82feefae381b62cab85b230fb21719", "ts": 1785720803.626622, "type": "deliver"}
{"from": "3fde868ea6caf3041493f50fbcc45ebc3bad7edab4bad774a5dca2b91bec8af0", "height": 8, "msg_type": "PREVOTE", "node": "13756c2a50bf937f4229883f98ab0b11b0562401f6976befce154a83a086793f", "ts": 1785720803.628026, "type": "deliver"}
{"from": "3fde868ea6caf3041493f50fbcc45ebc3bad7edab4bad774a5dca2b91bec8af0", "height": 8, "msg_type": "PREVOTE", "node": "4600e7073edcf35149235c417b55aed016ffc4133b445b7a44f86e142a6010ae", "ts": 1785720803.628555, "type": "deliver"}
{"from": "3fde868ea6caf3041493f50fbcc45ebc3bad7edab4bad774a5dca2b91bec8af0", "height": 8, "msg_type": "PREVOTE", "node": "967fe6e8b6c8221a582c62797d0002f17eee1c8d34def67da5ac8c9fb33b7fd4", "ts": 1785720803.628607, "type": "deliver"}
{"from": "3fde868ea6caf3041493f50fbcc45ebc3bad7edab4bad774a5dca2b91bec8af0", "height": 8, "msg_type": "PREVOTE", "node": "c8568c45b20b7a1b9e0f4a5dadd1987eb3d6007e239fc9dd224eeb47b71799cf", "ts": 1785720803.628635, "type": "deliver"}
{"from": "3fde868ea6caf3041493f50fbcc45ebc3bad7edab4bad774a5dca2b91bec8af0", "height": 8, "msg_type": "PREVOTE", "node": "f08474af8ab0926587a2475f38484edb316eecc339239614a2d1eff9ccd01800", "ts": 1785720803.628662, "type": "deliver"}
{"from": "3fde868ea6caf3041493f50fbcc45ebc3bad7edab4bad774a5dca2b91bec8af0", "height": 8, "msg_type": "PREVOTE", "node": "f22393e0df7ce07fe1b9a4b8647ed82c1e636f80a5b858638dba3ccf3f416959", "ts": 1785720803.628688, "type": "deliver"}
{"from": "4600e7073edcf35149235c417b55aed016ffc4133b445b7a44f86e142a6010ae", "height": 8, "msg_type": "PREVOTE", "node": "0772af86d70664e325e22546e3fe7a4c6b82feefae381b62cab85b230fb21719", "ts": 1785720803.628713, "type": "deliver"}
{"from": "4600e7073edcf35149235c417b55aed016ffc4133b445b7a44f86e142a6010ae", "height": 8, "msg_type": "PREVOTE", "node": "13756c2a50bf937f4229883f98ab0b11b0562401f6976befce154a83a086793f", "ts": 1785720803.628745, "type": "deliver"}
{"from": "4600e7073edcf35149235c417b55aed016ffc4133b445b7a44f86e142a6010ae", "height": 8, "msg_type": "PREVOTE", "node": "3fde868ea6caf3041493f50fbcc45ebc3bad7edab4bad774a5dca2b91bec8af0", "ts": 1785720803.628766, "type": "deliver"}
{"from": "4600e7073edcf35149235c417b55aed016ffc4133b445b7a44f86e142a6010ae", "height": 8, "msg_type": "PREVOTE", "node": "967fe6e8b6c8221a582c62797d0002f17eee1c8d34def67da5ac8c9fb33b7fd4", "ts": 1785720803.628782, "type": "deliver"}
{"from": "4600e7073edcf35149235c417b55aed016ffc4133b445b7a44f86e142a6010ae", "height": 8, "msg_type": "PREVOTE", "node": "c8568c45b20b7a1b9e0f4a5dadd1987eb3d6007e239fc9dd224eeb47b71799cf", "ts": 1785720803.628798, "type": "deliver"}
{"from": "4600e7073edcf35149235c417b55aed016ffc4133b445b7a44f86e142a6010ae", "height": 8, "msg_type": "PREVOTE", "node": "f08474af8ab0926587a2475f38484edb316eecc339239614a2d1eff9ccd01800", "ts": 1785720803.628813, "type": "deliver"}
{"from": "4600e7073edcf35149235c417b55aed016ffc4133b445b7a44f86e142a6010ae", "height": 8, "msg_type": "PREVOTE", "node": "f22393e0df7ce07fe1b9a4b8647ed82c1e636f80a5b858638dba3ccf3f416959", "ts": 1785720803.628828, "type": "deliver"}
{"from": "967fe6e8b6c8221a582c62797d0002f17eee1c8d34def67da5ac8c9fb33b7fd4", "height": 8, "msg_type": "PREVOTE", "node": "0772af86d70664e325e22546e3fe7a4c6b82feefae381b62cab85b230fb21719", "ts": 1785720803.628843, "type": "deliver"}
{"from": "967fe6e8b6c8221a582c62797d0002f17eee1c8d34def67da5ac8c9fb33b7fd4", "height": 8, "msg_type": "PREVOTE", "node": "13756c2a50bf937f4229883f98ab0b11b0562401f6976befce154a83a086793f", "ts": 1785720803.628858, "type": "deliver"}
{"from": "967fe6e8b6c8221a582c62797d0002f17eee1c8d34def67da5ac8c9fb33b7fd4", "height": 8, "msg_type": "PREVOTE", "node": "3fde868ea6caf3041493f50fbcc45ebc3bad7edab4bad774a5dca2b91bec8af0", "ts": 1785720803.628873, "type": "deliver"}
{"from": "967fe6e8b6c8221a582c62797d0002f17eee1c8d34def67da5ac8c9fb33b7fd4", "height": 8, "msg_type": "PREVOTE", "node": "4600e7073edcf35149235c417b55aed016ffc4133b445b7a44f86e142a6010ae", "ts": 1785720803.628888, "type": "deliver"}
{"from": "967fe6e8b6c8221a582c62797d0002f17eee1c8d34def67da5ac8c9fb33b7fd4", "height": 8, "msg_type": "PREVOTE", "node": "c8568c45b20b7a1b9e0f4a5dadd1987eb3d6007e239fc9dd224eeb47b71799cf", "ts": 1785720803.628948, "type": "deliver"}
{"from": "967fe6e8b6c8221a582c62797d0002f17eee1c8d34def67da5ac8c9fb33b7fd4", "height": 8, "msg_type": "PREVOTE", "node": "f08474af8ab0926587a2475f38484edb316eecc339239614a2d1eff9ccd01800", "ts": 1785720803.629268, "type": "deliver"}
{"from": "967fe6e8b6c8221a582c62797d0002f17eee1c8d34def67da5ac8c9fb33b7fd4", "height": 8, "msg_type": "PREVOTE", "node": "f22393e0df7ce07fe1b9a4b8647ed82c1e636f80a5b858638dba3ccf3f416959", "ts": 1785720803.629532, "type": "deliver"}
{"from": "c8568c45b20b7a1b9e0f4a5dadd1987eb3d6007e239fc9dd224eeb47b71799cf", "height": 8, "msg_type": "PREVOTE", "node": "0772af86d70664e325e22546e3fe7a4c6b82feefae381b62cab85b230fb21719", "ts": 1785720803.629562, "type": "deliver"}
{"from": "c8568c45b20b7a1b9e0f4a5dadd1987eb3d6007e239fc9dd224eeb47b71799cf", "height": 8, "msg_type": "PREVOTE", "node": "13756c2a50bf937f4229883f98ab0b11b0562401f6976befce154a83a086793f", "ts": 1785720803.629589, "type": "deliver"}
{"from": "c8568c45b20b7a1b9e0f4a5dadd1987eb3d6007e239fc9dd224eeb47b71799cf", "height": 8, "msg_type": "PREVOTE", "node": "3fde868ea6caf3041493f50fbcc45ebc3bad7edab4bad774a5dca2b91bec8af0", "ts": 1785720803.629623, "type": "deliver"}
{"from": "c8568c45b20b7a1b9e0f4a5dadd1987eb3d6007e239fc9dd224eeb47b71799cf", "height": 8, "msg_type": "PREVOTE", "node": "4600e7073edcf35149235c417b55aed016ffc4133b445b7a44f86e142a6010ae", "ts": 1785720803.629653, "type": "deliver"}
{"from": "c8568c45b20b7a1b9e0f4a5dadd1987eb3d6007e239fc9dd224eeb47b71799cf", "height": 8, "msg_type": "PREVOTE", "node": "967fe6e8b6c8221a582c62797d0002f17eee1c8d34def67da5ac8c9fb33b7fd4", "ts": 1785720803.630815, "type": "deliver"}
{"from": "c8568c45b20b7a1b9e0f4a5dadd1987eb3d6007e239fc9dd224eeb47b71799cf", "height": 8, "msg_type": "PREVOTE", "node": "f08474af8ab0926587a2475f38484edb316eecc339239614a2d1eff9ccd01800", "ts": 1785720803.630859, "type": "deliver"}
{"from": "c8568c45b20b7a1b9e0f4a5dadd1987eb3d6007e239fc9dd224eeb47b71799cf", "height": 8, "msg_type": "PREVOTE", "node": "f22393e0df7ce07fe1b9a4b8647ed82c1e636f80a5b858638dba3ccf3f416959", "ts": 1785720803.6309, "type": "deliver"}
{"from": "f08474af8ab0926587a2475f38484edb316eecc339239614a2d1eff9ccd01800", "height": 8, "msg_type": "PREVOTE", "node": "0772af86d70664e325e22546e3fe7a4c6b82feefae381b62cab85b230fb21719", "ts": 1785720803.63093, "type": "deliver"}
{"from": "f08474af8ab0926587a2475f38484edb316eecc339239614a2d1eff9ccd01800", "height": 8, "msg_type": "PREVOTE", "node": "13756c2a50bf937f4229883f98ab0b11b0562401f6976befce154a83a086793f", "ts": 1785720803.630962, "type": "deliver"}
{"from": "f08474af8ab0926587a2475f38484edb316eecc339239614a2d1eff9ccd01800", "height": 8, "msg_type": "PREVOTE", "node": "3fde868ea6caf3041493f50fbcc45ebc3bad7edab4bad774a5dca2b91bec8af0", "ts": 1785720803.630989, "type": "deliver"}
{"from": "f08474af8ab0926587a2475f38484edb316eecc339239614a2d1eff9ccd01800", "height": 8, "msg_type": "PREVOTE", "node": "4600e7073edcf35149235c417b55aed016ffc4133b445b7a44f86e142a6010ae", "ts": 1785720803.63101, "type": "deliver"}
{"from": "f08474af8ab0926587a2475f38484edb316eecc339239614a2d1eff9ccd01800", "height": 8, "msg_type": "PREVOTE", "node": "967fe6e8b6c8221a582c62797d0002f17eee1c8d34def67da5ac8c9fb33b7fd4", "ts": 1785720803.631029, "type": "deliver"}
{"from": "f08474af8ab0926587a2475f38484edb316eecc339239614a2d1eff9ccd01800", "height": 8, "msg_type": "PREVOTE", "node": "c8568c45b20b7a1b9e0f4a5dadd1987eb3d6007e239fc9dd224eeb47b71799cf", "ts": 1785720803.631109, "type": "deliver"}
{"from": "f08474af8ab0926587a2475f38484edb316eecc339239614a2d1eff9ccd01800", "height": 8, "msg_type": "PREVOTE", "node": "f22393e0df7ce07fe1b9a4b8647ed82c1e636f80a5b858638dba3ccf3f416959", "ts": 1785720803.63114, "type": "deliver"}
{"from": "f22393e0df7ce07fe1b9a4b8647ed82c1e636f80a5b858638dba3ccf3f416959", "height": 8, "msg_type": "PREVOTE", "node": "0772af86d70664e325e22546e3fe7a4c6b82feefae381b62cab85b230fb21719", "ts": 1785720803.63116, "type": "deliver"}
{"from": "f22393e0df7ce07fe1b9a4b8647ed82c1e636f80a5b858638dba3ccf3f416959", "height": 8, "msg_type": "PREVOTE", "node": "13756c2a50bf937f4229883f98ab0b11b0562401f6976befce154a83a086793f", "ts": 1785720803.63118, "type": "deliver"}
{"from": "f22393e0df7ce07fe1b9a4b8647ed82c1e636f80a5b858638dba3ccf3f416959", "height": 8, "msg_type": "PREVOTE", "node": "3fde868ea6caf3041493f50fbcc45ebc3bad7edab4bad774a5dca2b91bec8af0", "ts": 1785720803.6312, "type": "deliver"}
{"from": "f22393e0df7ce07fe1b9a4b8647ed82c1e636f80a5b858638dba3ccf3f416959", "height": 8, "msg_type": "PREVOTE", "node": "4600e7073edcf35149235c417b55aed016ffc4133b445b7a44f86e142a6010ae", "ts": 1785720803.631218, "type": "deliver"}
{"from": "f22393e0df7ce07fe1b9a4b8647ed82c1e636f80a5b858638dba3ccf3f416959", "height": 8, "msg_type": "PREVOTE", "node": "967fe6e8b6c8221a582c62797d0002f17eee1c8d34def67da5ac8c9fb33b7fd4", "ts": 1785720803.631238, "type": "deliver"}
{"from": "f22393e0df7ce07fe1b9a4b8647ed82c1e636f80a5b858638dba3ccf3f416959", "height": 8, "msg_type": "PREVOTE", "node": "c8568c45b20b7a1b9e0f4a5dadd1987eb3d6007e239fc9dd224eeb47b71799cf", "ts": 1785720803.631267, "type": "deliver"}
{"from": "f22393e0df7ce07fe1b9a4b8647ed82c1e636f80a5b858638dba3ccf3f416959", "height": 8, "msg_type": "PREVOTE", "node": "f08474af8ab0926587a2475f38484edb316eecc339239614a2d1eff9ccd01800", "ts": 1785720803.631292, "type": "deliver"}
{"delay": 0.02, "height": 8, "msg_type": "PRECOMMIT", "node": "0772af86d70664e325e22546e3fe7a4c6b82feefae381b62cab85b230fb21719", "to": "13756c2a50bf937f4229883f98ab0b11b0562401f6976befce154a83a086793f", "ts": 1785720803.637821, "type": "send"}
{"delay": 0.02, "height": 8, "msg_type": "PRECOMMIT", "node": "0772af86d70664e325e22546e3fe7a4c6b82feefae381b62cab85b230fb21719", "to": "3fde868ea6caf3041493f50fbcc45ebc3bad7edab4bad774a5dca2b91bec8af0", "ts": 1785720803.637849, "type": "send"}
{"delay": 0.02, "height": 8, "msg_type": "PRECOMMIT", "node": "0772af86d70664e325e22546e3fe7a4c6b82feefae381b62cab85b230fb21719", "to": "4600e7073edcf35149235c417b55aed016ffc4133b445b7a44f86e142a6010ae", "ts": 1785720803.637862, "type": "send"}
{"delay": 0.02, "height": 8, "msg_type": "PRECOMMIT", "node": "0772af86d70664e325e22546e3fe7a4c6b82feefae381b62cab85b230fb21719", "to": "967fe6e8b6c8221a582c62797d0002f17eee1c8d34def67da5ac8c9fb33b7fd4", "ts": 1785720803.637874, "type": "send"}
{"delay": 0.02, "height": 8, "msg_type": "PRECOMMIT", "node": "0772af86d70664e325e22546e3fe7a4c6b82feefae381b62cab85b230fb21719", "to": "c8568c45b20b7a1b9e0f4a5dadd1987eb3d6007e239fc9dd224eeb47b71799cf", "ts": 1785720803.637885, "type": "send"}
{"delay": 0.02, "height": 8, "msg_type": "PRECOMMIT", "node": "0772af86d70664e325e22546e3fe7a4c6b82feefae381b62cab85b230fb21719", "to": "f08474af8ab0926587a2475f38484edb316eecc339239614a2d1eff9ccd01800", "ts": 1785720803.637896, "type": "send"}
{"delay": 0.02, "height": 8, "msg_type": "PRECOMMIT", "node": "0772af86d70664e325e22546e3fe7a4c6b82feefae381b62cab85b230fb21719", "to": "f22393e0df7ce07fe1b9a4b8647ed82c1e636f80a5b858638dba3ccf3f416959", "ts": 1785720803.637907, "type": "send"}
{"delay": 0.02, "height": 8, "msg_type": "PRECOMMIT", "node": "3fde868ea6caf3041493f50fbcc45ebc3bad7edab4bad774a5dca2b91bec8af0", "to": "0772af86d70664e325e22546e3fe7a4c6b82feefae381b62cab85b230fb21719", "ts": 1785720803.639186, "type": "send"}
{"delay": 0.02, "height": 8, "msg_type": "PRECOMMIT", "node": "3fde868ea6caf3041493f50fbcc45ebc3bad7edab4bad774a5dca2b91bec8af0", "to": "13756c2a50bf937f4229883f98ab0b11b0562401f6976befce154a83a086793f", "ts": 1785720803.639203, "type": "send"}
{"delay": 0.02, "height": 8, "msg_type": "PRECOMMIT", "node": "3fde868ea6caf3041493f50fbcc45ebc3bad7edab4bad774a5dca2b91bec8af0", "to": "4600e7073edcf35149235c417b55aed016ffc4133b445b7a44f86e142a6010ae", "ts": 1785720803.639212, "type": "send"}
{"delay": 0.02, "height": 8, "msg_type": "PRECOMMIT", "node": "3fde868ea6caf3041493f50fbcc45ebc3bad7edab4bad774a5dca2b91bec8af0", "to": "967fe6e8b6c8221a582c62797d0002f17eee1c8d34def67da5ac8c9fb33b7fd4", "ts": 1785720803.63922, "type": "send"}
{"delay": 0.02, "height": 8, "msg_type": "PRECOMMIT", "node": "3fde868ea6caf3041493f50fbcc45ebc3bad7edab4bad774a5dca2b91bec8af0", "to": "c8568c45b20b7a1b9e0f4a5dadd1987eb3d6007e239fc9dd224eeb47b71799cf", "ts": 1785720803.639228, "type": "send"}
{"delay": 0.02, "height": 8, "msg_type": "PRECOMMIT", "node": "3fde868ea6caf3041493f50fbcc45ebc3bad7edab4bad774a5dca2b91bec8af0", "to": "f08474af8ab0926587a2475f38484edb316eecc339239614a2d1eff9ccd01800", "ts": 1785720803.639236, "type": "send"}
{"delay": 0.02, "height": 8, "msg_type": "PRECOMMIT", "node": "3fde868ea6caf3041493f50fbcc45ebc3bad7edab4bad774a5dca2b91bec8af0", "to": "f22393e0df7ce07fe1b9a4b8647ed82c1e636f80a5b858638dba3ccf3f416959", "ts": 1785720803.639243, "type": "send"}
{"delay": 0.02, "height": 8, "msg_type": "PRECOMMIT", "node": "4600e7073edcf35149235c417b55aed016ffc4133b445b7a44f86e142a6010ae", "to": "0772af86d70664e325e22546e3fe7a4c6b82feefae381b62cab85b230fb21719", "ts": 1785720803.640452, "type": "send"}
{"delay": 0.02, "height": 8, "msg_type": "PRECOMMIT", "node": "4600e7073edcf35149235c417b55aed016ffc4133b445b7a44f86e142a6010ae", "to": "13756c2a50bf937f4229883f98ab0b11b0562401f6976befce154a83a086793f", "ts": 1785720803.640466, "type": "send"}
{"delay": 0.02, "height": 8, "msg_type": "PRECOMMIT", "node": "4600e7073edcf35149235c417b55aed016ffc4133b445b7a44f86e142a6010ae", "to": "3fde868ea6caf3041493f50fbcc45ebc3bad7edab4bad774a5dca2b91bec8af0", "ts": 1785720803.640475, "type": "send"}
{"delay": 0.02, "height": 8, "msg_type": "PRECOMMIT", "node": "4600e7073edcf35149235c417b55aed016ffc4133b445b7a44f86e142a6010ae", "to": "967fe6e8b6c8221a582c62797d0002f17eee1c8d34def67da5ac8c9fb33b7fd4", "ts": 1785720803.640483, "type": "send"}
{"delay": 0.02, "height": 8, "msg_type": "PRECOMMIT", "node": "4600e7073edcf35149235c417b55aed016ffc4133b445b7a44f86e142a6010ae", "to": "c8568c45b20b7a1b9e0f4a5dadd1987eb3d6007e239fc9dd224eeb47b71799cf", "ts": 1785720803.640491, "type": "send"}
{"delay": 0.02, "height": 8, "msg_type": "PRECOMMIT", "node": "4600e7073edcf35149235c417b55aed016ffc4133b445b7a44f86e142a6010ae", "to": "f08474af8ab0926587a2475f38484edb316eecc339239614a2d1eff9ccd01800", "ts": 1785720803.640499, "type": "send"}
{"delay": 0.02, "height": 8, "msg_type": "PRECOMMIT", "node": "4600e7073edcf35149235c417b55aed016ffc4133b445b7a44f86e142a6010ae", "to": "f22393e0df7ce07fe1b9a4b8647ed82c1e636f80a5b858638dba3ccf3f416959", "ts": 1785720803.640506, "type": "send"}
{"delay": 0.02, "height": 8, "msg_type": "PRECOMMIT", "node": "967fe6e8b6c8221a582c62797d0002f17eee1c8d34def67da5ac8c9fb33b7fd4", "to": "0772af86d70664e325e22546e3fe7a4c6b82feefae381b62cab85b230fb21719", "ts": 1785720803.642292, "type": "send"}
{"delay": 0.02, "height": 8, "msg_type": "PRECOMMIT", "node": "967fe6e8b6c8221a582c62797d0002f17eee1c8d34def67da5ac8c9fb33b7fd4", "to": "13756c2a50bf937f4229883f98ab0b11b0562401f6976befce154a83a086793f", "ts": 1785720803.642323, "type": "send"}
{"delay": 0.02, "height": 8, "msg_type": "PRECOMMIT", "node": "967fe6e8b6c8221a582c62797d0002f17eee1c8d34def67da5ac8c9fb33b7fd4", "to": "3fde868ea6caf3041493f50fbcc45ebc3bad7edab4bad774a5dca2b91bec8af0", "ts": 1785720803.642338, "type": "send"}
{"delay": 0.02, "height": 8, "msg_type": "PRECOMMIT", "node": "967fe6e8b6c8221a582c62797d0002f17eee1c8d34def67da5ac8c9fb33b7fd4", "to": "4600e7073edcf35149235c417b55aed016ffc4133b445b7a44f86e142a6010ae", "ts": 1785720803.642351, "type": "send"}
{"delay": 0.02, "height": 8, "msg_type": "PRECOMMIT", "node": "967fe6e8b6c8221a582c62797d0002f17eee1c8d34def67da5ac8c9fb33b7fd4", "to": "c8568c45b20b7a1b9e0f4a5dadd1987eb3d6007e239fc9dd224eeb47b71799cf", "ts": 1785720803.642365, "type": "send"}
{"delay": 0.02, "height": 8, "msg_type": "PRECOMMIT", "node": "967fe6e8b6c8221a582c62797d0002f17eee1c8d34def67da5ac8c9fb33b7fd4", "to": "f08474af8ab0926587a2475f38484edb316eecc339239614a2d1eff9ccd01800", "ts": 1785720803.642378, "type": "send"}
{"delay": 0.02, "height": 8, "msg_type": "PRECOMMIT", "node": "967fe6e8b6c8221a582c62797d0002f17eee1c8d34def67da5ac8c9fb33b7fd4", "to": "f22393e0df7ce07fe1b9a4b8647ed82c1e636f80a5b858638dba3ccf3f416959", "ts": 1785720803.642391, "type": "send"}
{"delay": 0.02, "height": 8, "msg_type": "PRECOMMIT", "node": "c8568c45b20b7a1b9e0f4a5dadd1987eb3d6007e239fc9dd224eeb47b71799cf", "to": "0772af86d70664e325e22546e3fe7a4c6b82feefae381b62cab85b230fb21719", "ts": 1785720803.644312, "type": "send"}
{"delay": 0.02, "height": 8, "msg_type": "PRECOMMIT", "node": "c8568c45b20b7a1b9e0f4a5dadd1987eb3d6007e239fc9dd224eeb47b71799cf", "to": "13756c2a50bf937f4229883f98ab0b11b0562401f6976befce154a83a086793f", "ts": 1785720803.64433, "type": "send"}
{"delay": 0.02, "height": 8, "msg_type": "PRECOMMIT", "node": "c8568c45b20b7a1b9e0f4a5dadd1987eb3d6007e239fc9dd224eeb47b71799cf", "to": "3fde868ea6caf3041493f50fbcc45ebc3bad7edab4bad774a5dca2b91bec8af0", "ts": 1785720803.64434, "type": "send"}
{"delay": 0.02, "height": 8, "msg_type": "PRECOMMIT", "node": "c8568c45b20b7a1b9e0f4a5dadd1987eb3d6007e239fc9dd224eeb47b71799cf", "to": "4600e7073edcf35149235c417b55aed016ffc4133b445b7a44f86e142a6010ae", "ts": 1785720803.644348, "type": "send"}
{"delay": 0.02, "height": 8, "msg_type": "PRECOMMIT", "node": "c8568c45b20b7a1b9e0f4a5dadd1987eb3d6007e239fc9dd224eeb47b71799cf", "to": "967fe6e8b6c8221a582c62797d0002f17eee1c8d34def67da5ac8c9fb33b7fd4", "ts": 1785720803.644369, "type": "send"}
{"delay": 0.02, "height": 8, "msg_type": "PRECOMMIT", "node": "c8568c45b20b7a1b9e0f4a5dadd1987eb3d6007e239fc9dd224eeb47b71799cf", "to": "f08474af8ab0926587a2475f38484edb316eecc339239614a2d1eff9ccd01800", "ts": 1785720803.644376, "type": "send"}
{"delay": 0.02, "height": 8, "msg_type": "PRECOMMIT", "node": "c8568c45b20b7a1b9e0f4a5dadd1987eb3d6007e239fc9dd224eeb47b71799cf", "to": "f22393e0df7ce07fe1b9a4b8647ed82c1e636f80a5b858638dba3ccf3f416959", "ts": 1785720803.644383, "type": "send"}
{"delay": 0.02, "height": 8, "msg_type": "PRECOMMIT", "node": "f08474af8ab0926587a2475f38484edb316eecc339239614a2d1eff9ccd01800", "to": "0772af86d70664e325e22546e3fe7a4c6b82feefae381b62cab85b230fb21719", "ts": 1785720803.645443, "type": "send"}
{"delay": 0.02, "height": 8, "msg_type": "PRECOMMIT", "node": "f08474af8ab0926587a2475f38484edb316eecc339239614a2d1eff9ccd01800", "to": "13756c2a50bf937f4229883f98ab0b11b0562401f6976befce154a83a086793f", "ts": 1785720803.645456, "type": "send"}
{"delay": 0.02, "height": 8, "msg_type": "PRECOMMIT", "node": "f08474af8ab0926587a2475f38484edb316eecc339239614a2d1eff9ccd01800", "to": "3fde868ea6caf3041493f50fbcc45ebc3bad7edab4bad774a5dca2b91bec8af0", "ts": 1785720803.645463, "type": "send"}
{"delay": 0.02, "height": 8, "msg_type": "PRECOMMIT", "node": "f08474af8ab0926587a2475f38484edb316eecc339239614a2d1eff9ccd01800", "to": "4600e7073edcf35149235c417b55aed016ffc4133b445b7a44f86e142a6010ae", "ts": 1785720803.645471, "type": "send"}
{"delay": 0.02, "height": 8, "msg_type": "PRECOMMIT", "node": "f08474af8ab0926587a2475f38484edb316eecc339239614a2d1eff9ccd01800", "to": "967fe6e8b6c8221a582c62797d0002f17eee1c8d34def67da5ac8c9fb33b7fd4", "ts": 1785720803.645477, "type": "send"}
{"delay": 0.02, "height": 8, "msg_type": "PRECOMMIT", "node": "f08474af8ab0926587a2475f38484edb316eecc339239614a2d1eff9ccd01800", "to": "c8568c45b20b7a1b9e0f4a5dadd1987eb3d6007e239fc9dd224eeb47b71799cf", "ts": 1785720803.645484, "type": "send"}
{"delay": 0.02, "height": 8, "msg_type": "PRECOMMIT", "node": "f08474af8ab0926587a2475f38484edb316eecc339239614a2d1eff9ccd01800", "to": "f22393e0df7ce07fe1b9a4b8647ed82c1e636f80a5b858638dba3ccf3f416959", "ts": 1785720803.645491, "type": "send"}
{"delay": 0.02, "height": 8, "msg_type": "PRECOMMIT", "node": "f22393e0df7ce07fe1b9a4b8647ed82c1e636f80a5b858638dba3ccf3f416959", "to": "0772af86d70664e325e22546e3fe7a4c6b82feefae381b62cab85b230fb21719", "ts": 1785720803.646535, "type": "send"}
{"delay": 0.02, "height": 8, "msg_type": "PRECOMMIT", "node": "f22393e0df7ce07fe1b9a4b8647ed82c1e636f80a5b858638dba3ccf3f416959", "to": "13756c2a50bf937f4229883f98ab0b11b0562401f6976befce154a83a086793f", "ts": 1785720803.646547, "type": "send"}
{"delay": 0.02, "height": 8, "msg_type": "PRECOMMIT", "node": "f22393e0df7ce07fe1b9a4b8647ed82c1e636f80a5b858638dba3ccf3f416959", "to": "3fde868ea6caf3041493f50fbcc45ebc3bad7edab4bad774a5dca2b91bec8af0", "ts": 1785720803.646555, "type": "send"}
{"delay": 0.02, "height": 8, "msg_type": "PRECOMMIT", "node": "f22393e0df7ce07fe1b9a4b8647ed82c1e636f80a5b858638dba3ccf3f416959", "to": "4600e7073edcf35149235c417b55aed016ffc4133b445b7a44f86e142a6010ae", "ts": 1785720803.646562, "type": "send"}
{"delay": 0.02, "height": 8, "msg_type": "PRECOMMIT", "node": "f22393e0df7ce07fe1b9a4b8647ed82c1e636f80a5b858638dba3ccf3f416959", "to": "967fe6e8b6c8221a582c62797d0002f17eee1c8d34def67da5ac8c9fb33b7fd4", "ts": 1785720803.646569, "type": "send"}
{"delay": 0.02, "height": 8, "msg_type": "PRECOMMIT", "node": "f22393e0df7ce07fe1b9a4b8647ed82c1e636f80a5b858638dba3ccf3f416959", "to": "c8568c45b20b7a1b9e0f4a5dadd1987eb3d6007e239fc9dd224eeb47b71799cf", "ts": 1785720803.646576, "type": "send"}
{"delay": 0.02, "height": 8, "msg_type": "PRECOMMIT", "node": "f22393e0df7ce07fe1b9a4b8647ed82c1e636f80a5b858638dba3ccf3f416959", "to": "f08474af8ab0926587a2475f38484edb316eecc339239614a2d1eff9ccd01800", "ts": 1785720803.646582, "type": "send"}
{"delay": 0.02, "height": 8, "msg_type": "PRECOMMIT", "node": "13756c2a50bf937f4229883f98ab0b11b0562401f6976befce154a83a086793f", "to": "0772af86d70664e325e22546e3fe7a4c6b82feefae381b62cab85b230fb21719", "ts": 1785720803.647626, "type": "send"}
{"delay": 0.02, "height": 8, "msg_type": "PRECOMMIT", "node": "13756c2a50bf937f4229883f98ab0b11b0562401f6976befce154a83a086793f", "to": "3fde868ea6caf3041493f50fbcc45ebc3bad7edab4bad774a5dca2b91bec8af0", "ts": 1785720803.647637, "type": "send"}
{"delay": 0.02, "height": 8, "msg_type": "PRECOMMIT", "node": "13756c2a50bf937f4229883f98ab0b11b0562401f6976befce154a83a086793f", "to": "4600e7073edcf35149235c417b55aed016ffc4133b445b7a44f86e142a6010ae", "ts": 1785720803.647645, "type": "send"}
{"delay": 0.02, "height": 8, "msg_type": "PRECOMMIT", "node": "13756c2a50bf937f4229883f98ab0b11b0562401f6976befce154a83a086793f", "to": "967fe6e8b6c8221a582c62797d0002f17eee1c8d34def67da5ac8c9fb33b7fd4", "ts": 1785720803.647651, "type": "send"}
{"delay": 0.02, "height": 8, "msg_type": "PRECOMMIT", "node": "13756c2a50bf937f4229883f98ab0b11b0562401f6976befce154a83a086793f", "to": "c8568c45b20b7a1b9e0f4a5dadd1987eb3d6007e239fc9dd224eeb47b71799cf", "ts": 1785720803.647658, "type": "send"}
{"delay": 0.02, "height": 8, "msg_type": "PRECOMMIT", "node": "13756c2a50bf937f4229883f98ab0b11b0562401f6976befce154a83a086793f", "to": "f08474af8ab0926587a2475f38484edb316eecc339239614a2d1eff9ccd01800", "ts": 1785720803.647665, "type": "send"}
{"delay": 0.02, "height": 8, "msg_type": "PRECOMMIT", "node": "13756c2a50bf937f4229883f98ab0b11b0562401f6976befce154a83a086793f", "to": "f22393e0df7ce07fe1b9a4b8647ed82c1e636f80a5b858638dba3ccf3f416959", "ts": 1785720803.647671, "type": "send"}
{"from": "0772af86d70664e325e22546e3fe7a4c6b82feefae381b62cab85b230fb21719", "height": 8, "msg_type": "PRECOMMIT", "node": "13756c2a50bf937f4229883f98ab0b11b0562401f6976befce154a83a086793f", "ts": 1785720803.683141, "type": "deliver"}
{"from": "0772af86d70664e325e22546e3fe7a4c6b82feefae381b62cab85b230fb21719", "height": 8, "msg_type": "PRECOMMIT", "node": "3fde868ea6caf3041493f50fbcc45ebc3bad7edab4bad774a5dca2b91bec8af0", "ts": 1785720803.68321, "type": "deliver"}
{"from": "0772af86d70664e325e22546e3fe7a4c6b82feefae381b62cab85b230fb21719", "height": 8, "msg_type": "PRECOMMIT", "node": "4600e7073edcf35149235c417b55aed016ffc4133b445b7a44f86e142a6010ae", "ts": 1785720803.683248, "type": "deliver"}
{"from": "0772af86d70664e325e22546e3fe7a4c6b82feefae381b62cab85b230fb21719", "height": 8, "msg_type": "PRECOMMIT", "node": "967fe6e8b6c8221a582c62797d0002f17eee1c8d34def67da5ac8c9fb33b7fd4", "ts": 1785720803.683282, "type": "deliver"}
{"from": "0772af86d70664e325e22546e3fe7a4c6b82feefae381b62cab85b230fb21719", "height": 8, "msg_type": "PRECOMMIT", "node": "c8568c45b20b7a1b9e0f4a5dadd1987eb3d6007e239fc9dd224eeb47b71799cf", "ts": 1785720803.683314, "type": "deliver"}
{"from": "0772af86d70664e325e22546e3fe7a4c6b82feefae381b62cab85b230fb21719", "height": 8, "msg_type": "PRECOMMIT", "node": "f08474af8ab0926587a2475f38484edb316eecc339239614a2d1eff9ccd01800", "ts": 1785720803.683345, "type": "deliver"}
{"from": "0772af86d70664e325e22546e3fe7a4c6b82feefae381b62cab85b230fb21719", "height": 8, "msg_type": "PRECOMMIT", "node": "f22393e0df7ce07fe1b9a4b8647ed82c1e636f80a5b858638dba3ccf3f416959", "ts": 1785720803.683375, "type": "deliver"}
{"from": "3fde868ea6caf3041493f50fbcc45ebc3bad7edab4bad774a5dca2b91bec8af0", "height": 8, "msg_type": "PRECOMMIT", "node": "0772af86d70664e325e22546e3fe7a4c6b82feefae381b62cab85b230fb21719", "ts": 1785720803.683407, "type": "deliver"}
{"from": "3fde868ea6caf3041493f50fbcc45ebc3bad7edab4bad774a5dca2b91bec8af0", "height": 8, "msg_type": "PRECOMMIT", "node": "13756c2a50bf937f4229883f98ab0b11b0562401f6976befce154a83a086793f", "ts": 1785720803.683438, "type": "deliver"}
{"from": "3fde868ea6caf3041493f50fbcc45ebc3bad7edab4bad774a5dca2b91bec8af0", "height": 8, "msg_type": "PRECOMMIT", "node": "4600e7073edcf35149235c417b55aed016ffc4133b445b7a44f86e142a6010ae", "ts": 1785720803.683463, "type": "deliver"}
{"from": "3fde868ea6caf3041493f50fbcc45ebc3bad7edab4bad774a5dca2b91bec8af0", "height": 8, "msg_type": "PRECOMMIT", "node": "967fe6e8b6c8221a582c62797d0002f17eee1c8d34def67da5ac8c9fb33b7fd4", "ts": 1785720803.683487, "type": "deliver"}
{"from": "3fde868ea6caf3041493f50fbcc45ebc3bad7edab4bad774a5dca2b91bec8af0", "height": 8, "msg_type": "PRECOMMIT", "node": "c8568c45b20b7a1b9e0f4a5dadd1987eb3d6007e239fc9dd224eeb47b71799cf", "ts": 1785720803.683526, "type": "deliver"}
{"from": "3fde868ea6caf3041493f50fbcc45ebc3bad7edab4bad774a5dca2b91bec8af0", "height": 8, "msg_type": "PRECOMMIT", "node": "f08474af8ab0926587a2475f38484edb316eecc339239614a2d1eff9ccd01800", "ts": 1785720803.68355, "type": "deliver"}
{"from": "3fde868ea6caf3041493f50fbcc45ebc3bad7edab4bad774a5dca2b91bec8af0", "height": 8, "msg_type": "PRECOMMIT", "node": "f22393e0df7ce07fe1b9a4b8647ed82c1e636f80a5b858638dba3ccf3f416959", "ts": 1785720803.683573, "type": "deliver"}
{"from": "4600e7073edcf35149235c417b55aed016ffc4133b445b7a44f86e142a6010ae", "height": 8, "msg_type": "PRECOMMIT", "node": "0772af86d70664e325e22546e3fe7a4c6b82feefae381b62cab85b230fb21719", "ts": 1785720803.683597, "type": "deliver"}
{"from": "4600e7073edcf35149235c417b55aed016ffc4133b445b7a44f86e142a6010ae", "height": 8, "msg_type": "PRECOMMIT", "node": "13756c2a50bf937f4229883f98ab0b11b0562401f6976befce154a83a086793f", "ts": 1785720803.68362, "type": "deliver"}
{"from": "4600e7073edcf35149235c417b55aed016ffc4133b445b7a44f86e142a6010ae", "height": 8, "msg_type": "PRECOMMIT", "node": "3fde868ea6caf3041493f50fbcc45ebc3bad7edab4bad774a5dca2b91bec8af0", "ts": 1785720803.683643, "type": "deliver"}
{"from": "4600e7073edcf35149235c417b55aed016ffc4133b445b7a44f86e142a6010ae", "height": 8, "msg_type": "PRECOMMIT", "node": "967fe6e8b6c8221a582c62797d0002f17eee1c8d34def67da5ac8c9fb33b7fd4", "ts": 1785720803.683666, "type": "deliver"}
{"from": "4600e7073edcf35149235c417b55aed016ffc4133b445b7a44f86e142a6010ae", "height": 8, "msg_type": "PRECOMMIT", "node": "c8568c45b20b7a1b9e0f4a5dadd1987eb3d6007e239fc9dd224eeb47b71799cf", "ts": 1785720803.683689, "type": "deliver"}
{"from": "4600e7073edcf35149235c417b55aed016ffc4133b445b7a44f86e142a6010ae", "height": 8, "msg_type": "PRECOMMIT", "node": "f08474af8ab0926587a2475f38484edb316eecc339239614a2d1eff9ccd01800", "ts": 1785720803.683712, "type": "deliver"}
{"from": "4600e7073edcf35149235c417b55aed016ffc4133b445b7a44f86e142a6010ae", "height": 8, "msg_type": "PRECOMMIT", "node": "f22393e0df7ce07fe1b9a4b8647ed82c1e636f80a5b858638dba3ccf3f416959", "ts": 1785720803.683735, "type": "deliver"}
{"from": "967fe6e8b6c8221a582c62797d0002f17eee1c8d34def67da5ac8c9fb33b7fd4", "height": 8, "msg_type": "PRECOMMIT", "node": "0772af86d70664e325e22546e3fe7a4c6b82feefae381b62cab85b230fb21719", "ts": 1785720803.683758, "type": "deliver"}
{"from": "967fe6e8b6c8221a582c62797d0002f17eee1c8d34def67da5ac8c9fb33b7fd4", "height": 8, "msg_type": "PRECOMMIT", "node": "13756c2a50bf937f4229883f98ab0b11b0562401f6976befce154a83a086793f", "ts": 1785720803.683781, "type": "deliver"}
{"from": "967fe6e8b6c8221a582c62797d0002f17eee1c8d34def67da5ac8c9fb33b7fd4", "height": 8, "msg_type": "PRECOMMIT", "node": "3fde868ea6caf3041493f50fbcc45ebc3bad7edab4bad774a5dca2b91bec8af0", "ts": 1785720803.683805, "type": "deliver"}
{"from": "967fe6e8b6c8221a582c62797d0002f17eee1c8d34def67da5ac8c9fb33b7fd4", "height": 8, "msg_type": "PRECOMMIT", "node": "4600e7073edcf35149235c417b55aed016ffc4133b445b7a44f86e142a6010ae", "ts": 1785720803.683829, "type": "deliver"}
{"from": "967fe6e8b6c8221a582c62797d0002f17eee1c8d34def67da5ac8c9fb33b7fd4", "height": 8, "msg_type": "PRECOMMIT", "node": "c8568c45b20b7a1b9e0f4a5dadd1987eb3d6007e239fc9dd224eeb47b71799cf", "ts": 1785720803.683853, "type": "deliver"}
{"from": "967fe6e8b6c8221a582c62797d0002f17eee1c8d34def67da5ac8c9fb33b7fd4", "height": 8, "msg_type": "PRECOMMIT", "node": "f08474af8ab0926587a2475f38484edb316eecc339239614a2d1eff9ccd01800", "ts": 1785720803.683876, "type": "deliver"}
{"from": "967fe6e8b6c8221a582c62797d0002f17eee1c8d34def67da5ac8c9fb33b7fd4", "height": 8, "msg_type": "PRECOMMIT", "node": "f22393e0df7ce07fe1b9a4b8647ed82c1e636f80a5b858638dba3ccf3f416959", "ts": 1785720803.683899, "type": "deliver"}
{"from": "c8568c45b20b7a1b9e0f4a5dadd1987eb3d6007e239fc9dd224eeb47b71799cf", "height": 8, "msg_type": "PRECOMMIT", "node": "0772af86d70664e325e22546e3fe7a4c6b82feefae381b62cab85b230fb21719", "ts": 1785720803.683923, "type": "deliver"}
{"from": "c8568c45b20b7a1b9e0f4a5dadd1987eb3d6007e239fc9dd224eeb47b71799cf", "height": 8, "msg_type": "PRECOMMIT", "node": "13756c2a50bf937f4229883f98ab0b11b0562401f6976befce154a83a086793f", "ts": 1785720803.683946, "type": "deliver"}
{"from": "c8568c45b20b7a1b9e0f4a5dadd1987eb3d6007e239fc9dd224eeb47b71799cf", "height": 8, "msg_type": "PRECOMMIT", "node": "3fde868ea6caf3041493f50fbcc45ebc3bad7edab4bad774a5dca2b91bec8af0", "ts": 1785720803.684006, "type": "deliver"}
{"from": "c8568c45b20b7a1b9e0f4a5dadd1987eb3d6007e239fc9dd224eeb47b71799cf", "height": 8, "msg_type": "PRECOMMIT", "node": "4600e7073edcf35149235c417b55aed016ffc4133b445b7a44f86e142a6010ae", "ts": 1785720803.684039, "type": "deliver"}
{"from": "c8568c45b20b7a1b9e0f4a5dadd1987eb3d6007e239fc9dd224eeb47b71799cf", "height": 8, "msg_type": "PRECOMMIT", "node": "967fe6e8b6c8221a582c62797d0002f17eee1c8d34def67da5ac8c9fb33b7fd4", "ts": 1785720803.684063, "type": "deliver"}
{"from": "c8568c45b20b7a1b9e0f4a5dadd1987eb3d6007e239fc9dd224eeb47b71799cf", "height": 8, "msg_type": "PRECOMMIT", "node": "f08474af8ab0926587a2475f38484edb316eecc339239614a2d1eff9ccd01800", "ts": 1785720803.684087, "type": "deliver"}
{"from": "c8568c45b20b7a1b9e0f4a5dadd1987eb3d6007e239fc9dd224eeb47b71799cf", "height": 8, "msg_type": "PRECOMMIT", "node": "f22393e0df7ce07fe1b9a4b8647ed82c1e636f80a5b858638dba3ccf3f416959", "ts": 1785720803.684111, "type": "deliver"}
{"from": "f08474af8ab0926587a2475f38484edb316eecc339239614a2d1eff9ccd01800", "height": 8, "msg_type": "PRECOMMIT", "node": "0772af86d70664e325e22546e3fe7a4c6b82feefae381b62cab85b230fb21719", "ts": 1785720803.684134, "type": "deliver"}
{"from": "f08474af8ab0926587a2475f38484edb316eecc339239614a2d1eff9ccd01800", "height": 8, "msg_type": "PRECOMMIT", "node": "13756c2a50bf937f4229883f98ab0b11b0562401f6976befce154a83a086793f", "ts": 1785720803.684157, "type": "deliver"}
{"from": "f08474af8ab0926587a2475f38484edb316eecc339239614a2d1eff9ccd01800", "height": 8, "msg_type": "PRECOMMIT", "node": "3fde868ea6caf3041493f50fbcc45ebc3bad7edab4bad774a5dca2b91bec8af0", "ts": 1785720803.684181, "type": "deliver"}
{"from": "f08474af8ab0926587a2475f38484edb316eecc339239614a2d1eff9ccd01800", "height": 8, "msg_type": "PRECOMMIT", "node": "4600e7073edcf35149235c417b55aed016ffc4133b445b7a44f86e142a6010ae", "ts": 1785720803.684204, "type": "deliver"}
{"from": "f08474af8ab0926587a2475f38484edb316eecc339239614a2d1eff9ccd01800", "height": 8, "msg_type": "PRECOMMIT", "node": "967fe6e8b6c8221a582c62797d0002f17eee1c8d34def67da5ac8c9fb33b7fd4", "ts": 1785720803.684227, "type": "deliver"}
{"from": "f08474af8ab0926587a2475f38484edb316eecc339239614a2d1eff9ccd01800", "height": 8, "msg_type": "PRECOMMIT", "node": "c8568c45b20b7a1b9e0f4a5dadd1987eb3d6007e239fc9dd224eeb47b71799cf", "ts": 1785720803.68425, "type": "deliver"}
{"from": "f08474af8ab0926587a2475f38484edb316eecc339239614a2d1eff9ccd01800", "height": 8, "msg_type": "PRECOMMIT", "node": "f22393e0df7ce07fe1b9a4b8647ed82c1e636f80a5b858638dba3ccf3f416959", "ts": 1785720803.684273, "type": "deliver"}
{"from": "f22393e0df7ce07fe1b9a4b8647ed82c1e636f80a5b858638dba3ccf3f416959", "height": 8, "msg_type": "PRECOMMIT", "node": "0772af86d70664e325e22546e3fe7a4c6b82feefae381b62cab85b230fb21719", "ts": 1785720803.684296, "type": "deliver"}
{"from": "f22393e0df7ce07fe1b9a4b8647ed82c1e636f80a5b858638dba3ccf3f416959", "height": 8, "msg_type": "PRECOMMIT", "node": "13756c2a50bf937f4229883f98ab0b11b0562401f6976befce154a83a086793f", "ts": 1785720803.684319, "type": "deliver"}
{"from": "f22393e0df7ce07fe1b9a4b8647ed82c1e636f80a5b858638dba3ccf3f416959", "height": 8, "msg_type": "PRECOMMIT", "node": "3fde868ea6caf3041493f50fbcc45ebc3bad7edab4bad774a5dca2b91bec8af0", "ts": 1785720803.684342, "type": "deliver"}
{"from": "f22393e0df7ce07fe1b9a4b8647ed82c1e636f80a5b858638dba3ccf3f416959", "height": 8, "msg_type": "PRECOMMIT", "node": "4600e7073edcf35149235c417b55aed016ffc4133b445b7a44f86e142a6010ae", "ts": 1785720803.684365, "type": "deliver"}
{"from": "f22393e0df7ce07fe1b9a4b8647ed82c1e636f80a5b858638dba3ccf3f416959", "height": 8, "msg_type": "PRECOMMIT", "node": "967fe6e8b6c8221a582c62797d0002f17eee1c8d34def67da5ac8c9fb33b7fd4", "ts": 1785720803.684388, "type": "deliver"}
{"from": "f22393e0df7ce07fe1b9a4b8647ed82c1e636f80a5b858638dba3ccf3f416959", "height": 8, "msg_type": "PRECOMMIT", "node": "c8568c45b20b7a1b9e0f4a5dadd1987eb3d6007e239fc9dd224eeb47b71799cf", "ts": 1785720803.684411, "type": "deliver"}
{"from": "f22393e0df7ce07fe1b9a4b8647ed82c1e636f80a5b858638dba3ccf3f416959", "height": 8, "msg_type": "PRECOMMIT", "node": "f08474af8ab0926587a2475f38484edb316eecc339239614a2d1eff9ccd01800", "ts": 1785720803.684434, "type": "deliver"}
{"from": "13756c2a50bf937f4229883f98ab0b11b0562401f6976befce154a83a086793f", "height": 8, "msg_type": "PRECOMMIT", "node": "0772af86d70664e325e22546e3fe7a4c6b82feefae381b62cab85b230fb21719", "ts": 1785720803.684457, "type": "deliver"}
{"from": "13756c2a50bf937f4229883f98ab0b11b0562401f6976befce154a83a086793f", "height": 8, "msg_type": "PRECOMMIT", "node": "3fde868ea6caf3041493f50fbcc45ebc3bad7edab4bad774a5dca2b91bec8af0", "ts": 1785720803.684492, "type": "deliver"}
{"from": "13756c2a50bf937f4229883f98ab0b11b0562401f6976befce154a83a086793f", "height": 8, "msg_type": "PRECOMMIT", "node": "4600e7073edcf35149235c417b55aed016ffc4133b445b7a44f86e142a6010ae", "ts": 1785720803.684516, "type": "deliver"}
{"from": "13756c2a50bf937f4229883f98ab0b11b0562401f6976befce154a83a086793f", "height": 8, "msg_type": "PRECOMMIT", "node": "967fe6e8b6c8221a582c62797d0002f17eee1c8d34def67da5ac8c9fb33b7fd4", "ts": 1785720803.684542, "type": "deliver"}
{"from": "13756c2a50bf937f4229883f98ab0b11b0562401f6976befce154a83a086793f", "height": 8, "msg_type": "PRECOMMIT", "node": "c8568c45b20b7a1b9e0f4a5dadd1987eb3d6007e239fc9dd224eeb47b71799cf", "ts": 1785720803.684564, "type": "deliver"}
{"from": "13756c2a50bf937f4229883f98ab0b11b0562401f6976befce154a83a086793f", "height": 8, "msg_type": "PRECOMMIT", "node": "f08474af8ab0926587a2475f38484edb316eecc339239614a2d1eff9ccd01800", "ts": 1785720803.684586, "type": "deliver"}
{"from": "13756c2a50bf937f4229883f98ab0b11b0562401f6976befce154a83a086793f", "height": 8, "msg_type": "PRECOMMIT", "node": "f22393e0df7ce07fe1b9a4b8647ed82c1e636f80a5b858638dba3ccf3f416959", "ts": 1785720803.684608, "type": "deliver"}
{"delay": 0.02, "height": 9, "msg_type": "PROPOSAL", "node": "13756c2a50bf937f4229883f98ab0b11b0562401f6976befce154a83a086793f", "to": "0772af86d70664e325e22546e3fe7a4c6b82feefae381b62cab85b230fb21719", "ts": 1785720803.687643, "type": "send"}
{"delay": 0.02, "height": 9, "msg_type": "PROPOSAL", "node": "13756c2a50bf937f4229883f98ab0b11b0562401f6976befce154a83a086793f", "to": "3fde868ea6caf3041493f50fbcc45ebc3bad7edab4bad774a5dca2b91bec8af0", "ts": 1785720803.687689, "type": "send"}
{"delay": 0.02, "height": 9, "msg_type": "PROPOSAL", "node": "13756c2a50bf937f4229883f98ab0b11b0562401f6976befce154a83a086793f", "to": "4600e7073edcf35149235c417b55aed016ffc4133b445b7a44f86e142a6010ae", "ts": 1785720803.687719, "type": "send"}
{"delay": 0.02, "height": 9, "msg_type": "PROPOSAL", "node": "13756c2a50bf937f4229883f98ab0b11b0562401f6976befce154a83a086793f", "to": "967fe6e8b6c8221a582c62797d0002f17eee1c8d34def67da5ac8c9fb33b7fd4", "ts": 1785720803.687757, "type": "send"}
{"delay": 0.02, "height": 9, "msg_type": "PROPOSAL", "node": "13756c2a50bf937f4229883f98ab0b11b0562401f6976befce154a83a086793f", "to": "c8568c45b20b7a1b9e0f4a5dadd1987eb3d6007e239fc9dd224eeb47b71799cf", "ts": 1785720803.687783, "type": "send"}
{"delay": 0.02, "height": 9, "msg_type": "PROPOSAL", "node": "13756c2a50bf937f4229883f98ab0b11b0562401f6976befce154a83a086793f", "to": "f08474af8ab0926587a2475f38484edb316eecc339239614a2d1eff9ccd01800", "ts": 1785720803.687808, "type": "send"}
{"delay": 0.02, "height": 9, "msg_type": "PROPOSAL", "node": "13756c2a50bf937f4229883f98ab0b11b0562401f6976befce154a83a086793f", "to": "f22393e0df7ce07fe1b9a4b8647ed82c1e636f80a5b858638dba3ccf3f416959", "ts": 1785720803.687833, "type": "send"}
{"delay": 0.02, "height": 9, "msg_type": "PREVOTE", "node": "13756c2a50bf937f4229883f98ab0b11b0562401f6976befce154a83a086793f", "to": "0772af86d70664e325e22546e3fe7a4c6b82feefae381b62cab85b230fb21719", "ts": 1785720803.68888, "type": "send"}
{"delay": 0.02, "height": 9, "msg_type": "PREVOTE", "node": "13756c2a50bf937f4229883f98ab0b11b0562401f6976befce154a83a086793f", "to": "3fde868ea6caf3041493f50fbcc45ebc3bad7edab4bad774a5dca2b91bec8af0", "ts": 1785720803.688919, "type": "send"}
{"delay": 0.02, "height": 9, "msg_type": "PREVOTE", "node": "13756c2a50bf937f4229883f98ab0b11b0562401f6976befce154a83a086793f", "to": "4600e7073edcf35149235c417b55aed016ffc4133b445b7a44f86e142a6010ae", "ts": 1785720803.688946, "type": "send"}
{"delay": 0.02, "height": 9, "msg_type": "PREVOTE", "node": "13756c2a50bf937f4229883f98ab0b11b0562401f6976befce154a83a086793f", "to": "967fe6e8b6c8221a582c62797d0002f17eee1c8d34def67da5ac8c9fb33b7fd4", "ts": 1785720803.689017, "type": "send"}
{"delay": 0.02, "height": 9, "msg_type": "PREVOTE", "node": "13756c2a50bf937f4229883f98ab0b11b0562401f6976befce154a83a086793f", "to": "c8568c45b20b7a1b9e0f4a5dadd1987eb3d6007e239fc9dd224eeb47b71799cf", "ts": 1785720803.689047, "type": "send"}
{"delay": 0.02, "height": 9, "msg_type": "PREVOTE", "node": "13756c2a50bf937f4229883f98ab0b11b0562401f6976befce154a83a086793f", "to": "f08474af8ab0926587a2475f38484edb316eecc339239614a2d1eff9ccd01800", "ts": 1785720803.689072, "type": "send"}
{"delay": 0.02, "height": 9, "msg_type": "PREVOTE", "node": "13756c2a50bf937f4229883f98ab0b11b0562401f6976befce154a83a086793f", "to": "f22393e0df7ce07fe1b9a4b8647ed82c1e636f80a5b858638dba3ccf3f416959", "ts": 1785720803.689096, "type": "send"}
{"from": "13756c2a50bf937f4229883f98ab0b11b0562401f6976befce154a83a086793f", "height": 9, "msg_type": "PROPOSAL", "node": "0772af86d70664e325e22546e3fe7a4c6b82feefae381b62cab85b230fb21719", "ts": 1785720803.729247, "type": "deliver"}
{"from": "13756c2a50bf937f4229883f98ab0b11b0562401f6976befce154a83a086793f", "height": 9, "msg_type": "PROPOSAL", "node": "3fde868ea6caf3041493f50fbcc45ebc3bad7edab4bad774a5dca2b91bec8af0", "ts": 1785720803.729329, "type": "deliver"}
{"from": "13756c2a50bf937f4229883f98ab0b11b0562401f6976befce154a83a086793f", "height": 9, "msg_type": "PROPOSAL", "node": "4600e7073edcf35149235c417b55aed016ffc4133b445b7a44f86e142a6010ae", "ts": 1785720803.729377, "type": "deliver"}
{"from": "13756c2a50bf937f4229883f98ab0b11b0562401f6976befce154a83a086793f", "height": 9, "msg_type": "PROPOSAL", "node": "967fe6e8b6c8221a582c62797d0002f17eee1c8d34def67da5ac8c9fb33b7fd4", "ts": 1785720803.729429, "type": "deliver"}
{"from": "13756c2a50bf937f4229883f98ab0b11b0562401f6976befce154a83a086793f", "height": 9, "msg_type": "PROPOSAL", "node": "c8568c45b20b7a1b9e0f4a5dadd1987eb3d6007e239fc9dd224eeb47b71799cf", "ts": 1785720803.729737, "type": "deliver"}
{"from": "13756c2a50bf937f4229883f98ab0b11b0562401f6976befce154a83a086793f", "height": 9, "msg_type": "PROPOSAL", "node": "f08474af8ab0926587a2475f38484edb316eecc339239614a2d1eff9ccd01800", "ts": 1785720803.729918, "type": "deliver"}
{"from": "13756c2a50bf937f4229883f98ab0b11b0562401f6976befce154a83a086793f", "height": 9, "msg_type": "PROPOSAL", "node": "f22393e0df7ce07fe1b9a4b8647ed82c1e636f80a5b858638dba3ccf3f416959", "ts": 1785720803.730072, "type": "deliver"}
{"from": "13756c2a50bf937f4229883f98ab0b11b0562401f6976befce154a83a086793f", "height": 9, "msg_type": "PREVOTE", "node": "0772af86d70664e325e22546e3fe7a4c6b82feefae381b62cab85b230fb21719", "ts": 1785720803.730167, "type": "deliver"}
{"from": "13756c2a50bf937f4229883f98ab0b11b0562401f6976befce154a83a086793f", "height": 9, "msg_type": "PREVOTE", "node": "3fde868ea6caf3041493f50fbcc45ebc3bad7edab4bad774a5dca2b91bec8af0", "ts": 1785720803.730238, "type": "deliver"}
{"from": "13756c2a50bf937f4229883f98ab0b11b0562401f6976befce154a83a086793f", "height": 9, "msg_type": "PREVOTE", "node": "4600e7073edcf35149235c417b55aed016ffc4133b445b7a44f86e142a6010ae", "ts": 1785720803.730304, "type": "deliver"}
{"from": "13756c2a50bf937f4229883f98ab0b11b0562401f6976befce154a83a086793f", "height": 9, "msg_type": "PREVOTE", "node": "967fe6e8b6c8221a582c62797d0002f17eee1c8d34def67da5ac8c9fb33b7fd4", "ts": 1785720803.730372, "type": "deliver"}
{"from": "13756c2a50bf937f4229883f98ab0b11b0562401f6976befce154a83a086793f", "height": 9, "msg_type": "PREVOTE", "node": "c8568c45b20b7a1b9e0f4a5dadd1987eb3d6007e239fc9dd224eeb47b71799cf", "ts": 1785720803.730426, "type": "deliver"}
{"from": "13756c2a50bf937f4229883f98ab0b11b0562401f6976befce154a83a086793f", "height": 9, "msg_type": "PREVOTE", "node": "f08474af8ab0926587a2475f38484edb316eecc339239614a2d1eff9ccd01800", "ts": 1785720803.730481, "type": "deliver"}
{"from": "13756c2a50bf937f4229883f98ab0b11b0562401f6976befce154a83a086793f", "height": 9, "msg_type": "PREVOTE", "node": "f22393e0df7ce07fe1b9a4b8647ed82c1e636f80a5b858638dba3ccf3f416959", "ts": 1785720803.73055, "type": "deliver"}
{"delay": 0.02, "height": 9, "msg_type": "PREVOTE", "node": "0772af86d70664e325e22546e3fe7a4c6b82feefae381b62cab85b230fb21719", "to": "13756c2a50bf937f4229883f98ab0b11b0562401f6976befce154a83a086793f", "ts": 1785720803.732358, "type": "send"}
{"delay": 0.02, "height": 9, "msg_type": "PREVOTE", "node": "0772af86d70664e325e22546e3fe7a4c6b82feefae381b62cab85b230fb21719", "to": "3fde868ea6caf3041493f50fbcc45ebc3bad7edab4bad774a5dca2b91bec8af0", "ts": 1785720803.732417, "type": "send"}
{"delay": 0.02, "height": 9, "msg_type": "PREVOTE", "node": "0772af86d70664e325e22546e3fe7a4c6b82feefae381b62cab85b230fb21719", "to": "4600e7073edcf35149235c417b55aed016ffc4133b445b7a44f86e142a6010ae", "ts": 1785720803.732447, "type": "send"}
{"delay": 0.02, "height": 9, "msg_type": "PREVOTE", "node": "0772af86d70664e325e22546e3fe7a4c6b82feefae381b62cab85b230fb21719", "to": "967fe6e8b6c8221a582c62797d0002f17eee1c8d34def67da5ac8c9fb33b7fd4", "ts": 1785720803.732473, "type": "send"}
{"delay": 0.02, "height": 9, "msg_type": "PREVOTE", "node": "0772af86d70664e325e22546e3fe7a4c6b82feefae381b62cab85b230fb21719", "to": "c8568c45b20b7a1b9e0f4a5dadd1987eb3d6007e239fc9dd224eeb47b71799cf", "ts": 1785720803.732498, "type": "send"}
{"delay": 0.02, "height": 9, "msg_type": "PREVOTE", "node": "0772af86d70664e325e22546e3fe7a4c6b82feefae381b62cab85b230fb21719", "to": "f08474af8ab0926587a2475f38484edb316eecc339239614a2d1eff9ccd01800", "ts": 1785720803.732522, "type": "send"}
{"delay": 0.02, "height": 9, "msg_type": "PREVOTE", "node": "0772af86d70664e325e22546e3fe7a4c6b82feefae381b62cab85b230fb21719", "to": "f22393e0df7ce07fe1b9a4b8647ed82c1e636f80a5b858638dba3ccf3f416959", "ts": 1785720803.732547, "type": "send"}
{"delay": 0.02, "height": 9, "msg_type": "PREVOTE", "node": "3fde868ea6caf3041493f50fbcc45ebc3bad7edab4bad774a5dca2b91bec8af0", "to": "0772af86d70664e325e22546e3fe7a4c6b82feefae381b62cab85b230fb21719", "ts": 1785720803.734288, "type": "send"}
{"delay": 0.02, "height": 9, "msg_type": "PREVOTE", "node": "3fde868ea6caf3041493f50fbcc45ebc3bad7edab4bad774a5dca2b91bec8af0", "to": "13756c2a50bf937f4229883f98ab0b11b0562401f6976befce154a83a086793f", "ts": 1785720803.73433, "type": "send"}
{"delay": 0.02, "height": 9, "msg_type": "PREVOTE", "node": "3fde868ea6caf3041493f50fbcc45ebc3bad7edab4bad774a5dca2b91bec8af0", "to": "4600e7073edcf35149235c417b55aed016ffc4133b445b7a44f86e142a6010ae", "ts": 1785720803.734357, "type": "send"}
{"delay": 0.02, "height": 9, "msg_type": "PREVOTE", "node": "3fde868ea6caf3041493f50fbcc45ebc3bad7edab4bad774a5dca2b91bec8af0", "to": "967fe6e8b6c8221a582c62797d0002f17eee1c8d34def67da5ac8c9fb33b7fd4", "ts": 1785720803.734383, "type": "send"}
{"delay": 0.02, "height": 9, "msg_type": "PREVOTE", "node": "3fde868ea6caf3041493f50fbcc45ebc3bad7edab4bad774a5dca2b91bec8af0", "to": "c8568c45b20b7a1b9e0f4a5dadd1987eb3d6007e239fc9dd224eeb47b71799cf", "ts": 1785720803.734407, "type": "send"}
{"delay": 0.02, "height": 9, "msg_type": "PREVOTE", "node": "3fde868ea6caf3041493f50fbcc45ebc3bad7edab4bad774a5dca2b91bec8af0", "to": "f08474af8ab0926587a2475f38484edb316eecc339239614a2d1eff9ccd01800", "ts": 1785720803.734431, "type": "send"}
{"delay": 0.02, "height": 9, "msg_type": "PREVOTE", "node": "3fde868ea6caf3041493f50fbcc45ebc3bad7edab4bad774a5dca2b91bec8af0", "to": "f22393e0df7ce07fe1b9a4b8647ed82c1e636f80a5b858638dba3ccf3f416959", "ts": 1785720803.734455, "type": "send"}
{"delay": 0.02, "height": 9, "msg_type": "PREVOTE", "node": "4600e7073edcf35149235c417b55aed016ffc4133b445b7a44f86e142a6010ae", "to": "0772af86d70664e325e22546e3fe7a4c6b82feefae381b62cab85b230fb21719", "ts": 1785720803.73614, "type": "send"}
{"delay": 0.02, "height": 9, "msg_type": "PREVOTE", "node": "4600e7073edcf35149235c417b55aed016ffc4133b445b7a44f86e142a6010ae", "to": "13756c2a50bf937f4229883f98ab0b11b0562401f6976befce154a83a086793f", "ts": 1785720803.736183, "type": "send"}
{"delay": 0.02, "height": 9, "msg_type": "PREVOTE", "node": "4600e7073edcf35149235c417b55aed016ffc4133b445b7a44f86e142a6010ae", "to": "3fde868ea6caf3041493f50fbcc45ebc3bad7edab4bad774a5dca2b91bec8af0", "ts": 1785720803.736227, "type": "send"}
{"delay": 0.02, "height": 9, "msg_type": "PREVOTE", "node": "4600e7073edcf35149235c417b55aed016ffc4133b445b7a44f86e142a6010ae", "to": "967fe6e8b6c8221a582c62797d0002f17eee1c8d34def67da5ac8c9fb33b7fd4", "ts": 1785720803.736261, "type": "send"}
{"delay": 0.02, "height": 9, "msg_type": "PREVOTE", "node": "4600e7073edcf35149235c417b55aed016ffc4133b445b7a44f86e142a6010ae", "to": "c8568c45b20b7a1b9e0f4a5dadd1987eb3d6007e239fc9dd224eeb47b71799cf", "ts": 1785720803.736286, "type": "send"}
{"delay": 0.02, "height": 9, "msg_type": "PREVOTE", "node": "4600e7073edcf35149235c417b55aed016ffc4133b445b7a44f86e142a6010ae", "to": "f08474af8ab0926587a2475f38484edb316eecc339239614a2d1eff9ccd01800", "ts": 1785720803.73631, "type": "send"}
{"delay": 0.02, "height": 9, "msg_type": "PREVOTE", "node": "4600e7073edcf35149235c417b55aed016ffc4133b445b7a44f86e142a6010ae", "to": "f22393e0df7ce07fe1b9a4b8647ed82c1e636f80a5b858638dba3ccf3f416959", "ts": 1785720803.736334, "type": "send"}
{"delay": 0.02, "height": 9, "msg_type": "PREVOTE", "node": "967fe6e8b6c8221a582c62797d0002f17eee1c8d34def67da5ac8c9fb33b7fd4", "to": "0772af86d70664e325e22546e3fe7a4c6b82feefae381b62cab85b230fb21719", "ts": 1785720803.737969, "type": "send"}
{"delay": 0.02, "height": 9, "msg_type": "PREVOTE", "node": "967fe6e8b6c8221a582c62797d0002f17eee1c8d34def67da5ac8c9fb33b7fd4", "to": "13756c2a50bf937f4229883f98ab0b11b0562401f6976befce154a83a086793f", "ts": 1785720803.738036, "type": "send"}
{"delay": 0.02, "height": 9, "msg_type": "PREVOTE", "node": "967fe6e8b6c8221a582c62797d0002f17eee1c8d34def67da5ac8c9fb33b7fd4", "to": "3fde868ea6caf3041493f50fbcc45ebc3bad7edab4bad774a5dca2b91bec8af0", "ts": 1785720803.738066, "type": "send"}
{"delay": 0.02, "height": 9, "msg_type": "PREVOTE", "node": "967fe6e8b6c8221a582c62797d0002f17eee1c8d34def67da5ac8c9fb33b7fd4", "to": "4600e7073edcf35149235c417b55aed016ffc4133b445b7a44f86e142a6010ae", "ts": 1785720803.738092, "type": "send"}
{"delay": 0.02, "height": 9, "msg_type": "PREVOTE", "node": "967fe6e8b6c8221a582c62797d0002f17eee1c8d34def67da5ac8c9fb33b7fd4", "to": "c8568c45b20b7a1b9e0f4a5dadd1987eb3d6007e239fc9dd224eeb47b71799cf", "ts": 1785720803.738117, "type": "send"}
{"delay": 0.02, "height": 9, "msg_type": "PREVOTE", "node": "967fe6e8b6c8221a582c62797d0002f17eee1c8d34def67da5ac8c9fb33b7fd4", "to": "f08474af8ab0926587a2475f38484edb316eecc339239614a2d1eff9ccd01800", "ts": 1785720803.738142, "type": "send"}
{"delay": 0.02, "height": 9, "msg_type": "PREVOTE", "node": "967fe6e8b6c8221a582c62797d0002f17eee1c8d34def67da5ac8c9fb33b7fd4", "to": "f22393e0df7ce07fe1b9a4b8647ed82c1e636f80a5b858638dba3ccf3f416959", "ts": 1785720803.738166, "type": "send"}
{"delay": 0.02, "height": 9, "msg_type": "PREVOTE", "node": "c8568c45b20b7a1b9e0f4a5dadd1987eb3d6007e239fc9dd224eeb47b71799cf", "to": "0772af86d70664e325e22546e3fe7a4c6b82feefae381b62cab85b230fb21719", "ts": 1785720803.739831, "type": "send"}
{"delay": 0.02, "height": 9, "msg_type": "PREVOTE", "node": "c8568c45b20b7a1b9e0f4a5dadd1987eb3d6007e239fc9dd224eeb47b71799cf", "to": "13756c2a50bf937f4229883f98ab0b11b0562401f6976befce154a83a086793f", "ts": 1785720803.739872, "type": "send"}
{"delay": 0.02, "height": 9, "msg_type": "PREVOTE", "node": "c8568c45b20b7a1b9e0f4a5dadd1987eb3d6007e239fc9dd224eeb47b71799cf", "to": "3fde868ea6caf3041493f50fbcc45ebc3bad7edab4bad774a5dca2b91bec8af0", "ts": 1785720803.7399, "type": "send"}
{"delay": 0.02, "height": 9, "msg_type": "PREVOTE", "node": "c8568c45b20b7a1b9e0f4a5dadd1987eb3d6007e239fc9dd224eeb47b71799cf", "to": "4600e7073edcf35149235c417b55aed016ffc4133b445b7a44f86e142a6010ae", "ts": 1785720803.739925, "type": "send"}
{"delay": 0.02, "height": 9, "msg_type": "PREVOTE", "node": "c8568c45b20b7a1b9e0f4a5dadd1987eb3d6007e239fc9dd224eeb47b71799cf", "to": "967fe6e8b6c8221a582c62797d0002f17eee1c8d34def67da5ac8c9fb33b7fd4", "ts": 1785720803.73995, "type": "send"}
{"delay": 0.02, "height": 9, "msg_type": "PREVOTE", "node": "c8568c45b20b7a1b9e0f4a5dadd1987eb3d6007e239fc9dd224eeb47b71799cf", "to": "f08474af8ab0926587a2475f38484edb316eecc339239614a2d1eff9ccd01800", "ts": 1785720803.740011, "type": "send"}
{"delay": 0.02, "height": 9, "msg_type": "PREVOTE", "node": "c8568c45b20b7a1b9e0f4a5dadd1987eb3d6007e239fc9dd224eeb47b71799cf", "to": "f22393e0df7ce07fe1b9a4b8647ed82c1e636f80a5b858638dba3ccf3f416959", "ts": 1785720803.740042, "type": "send"}
{"delay": 0.02, "height": 9, "msg_type": "PREVOTE", "node": "f08474af8ab0926587a2475f38484edb316eecc339239614a2d1eff9ccd01800", "to": "0772af86d70664e325e22546e3fe7a4c6b82feefae381b62cab85b230fb21719", "ts": 1785720803.741669, "type": "send"}
{"delay": 0.02, "height": 9, "msg_type": "PREVOTE", "node": "f08474af8ab0926587a2475f38484edb316eecc339239614a2d1eff9ccd01800", "to": "13756c2a50bf937f4229883f98ab0b11b0562401f6976befce154a83a086793f", "ts": 1785720803.741709, "type": "send"}
{"delay": 0.02, "height": 9, "msg_type": "PREVOTE", "node": "f08474af8ab0926587a2475f38484edb316eecc339239614a2d1eff9ccd01800", "to": "3fde868ea6caf3041493f50fbcc45ebc3bad7edab4bad774a5dca2b91bec8af0", "ts": 1785720803.741736, "type": "send"}
{"delay": 0.02, "height": 9, "msg_type": "PREVOTE", "node": "f08474af8ab0926587a2475f38484edb316eecc339239614a2d1eff9ccd01800", "to": "4600e7073edcf35149235c417b55aed016ffc4133b445b7a44f86e142a6010ae", "ts": 1785720803.74176, "type": "send"}
{"delay": 0.02, "height": 9, "msg_type": "PREVOTE", "node": "f08474af8ab0926587a2475f38484edb316eecc339239614a2d1eff9ccd01800", "to": "967fe6e8b6c8221a582c62797d0002f17eee1c8d34def67da5ac8c9fb33b7fd4", "ts": 1785720803.741784, "type": "send"}
{"delay": 0.02, "height": 9, "msg_type": "PREVOTE", "node": "f08474af8ab0926587a2475f38484edb316eecc339239614a2d1eff9ccd01800", "to": "c8568c45b20b7a1b9e0f4a5dadd1987eb3d6007e239fc9dd224eeb47b71799cf", "ts": 1785720803.741809, "type": "send"}
{"delay": 0.02, "height": 9, "msg_type": "PREVOTE", "node": "f08474af8ab0926587a2475f38484edb316eecc339239614a2d1eff9ccd01800", "to": "f22393e0df7ce07fe1b9a4b8647ed82c1e636f80a5b858638dba3ccf3f416959", "ts": 1785720803.741832, "type": "send"}
{"delay": 0.02, "height": 9, "msg_type": "PREVOTE", "node": "f22393e0df7ce07fe1b9a4b8647ed82c1e636f80a5b858638dba3ccf3f416959", "to": "0772af86d70664e325e22546e3fe7a4c6b82feefae381b62cab85b230fb21719", "ts": 1785720803.744085, "type": "send"}
{"delay": 0.02, "height": 9, "msg_type": "PREVOTE", "node": "f22393e0df7ce07fe1b9a4b8647ed82c1e636f80a5b858638dba3ccf3f416959", "to": "13756c2a50bf937f4229883f98ab0b11b0562401f6976befce154a83a086793f", "ts": 1785720803.744135, "type": "send"}
{"delay": 0.02, "height": 9, "msg_type": "PREVOTE", "node": "f22393e0df7ce07fe1b9a4b8647ed82c1e636f80a5b858638dba3ccf3f416959", "to": "3fde868ea6caf3041493f50fbcc45ebc3bad7edab4bad774a5dca2b91bec8af0", "ts": 1785720803.744164, "type": "send"}
{"delay": 0.02, "height": 9, "msg_type": "PREVOTE", "node": "f22393e0df7ce07fe1b9a4b8647ed82c1e636f80a5b858638dba3ccf3f416959", "to": "4600e7073edcf35149235c417b55aed016ffc4133b445b7a44f86e142a6010ae", "ts": 1785720803.744189, "type": "send"}
{"delay": 0.02, "height": 9, "msg_type": "PREVOTE", "node": "f22393e0df7ce07fe1b9a4b8647ed82c1e636f80a5b858638dba3ccf3f416959", "to": "967fe6e8b6c8221a582c62797d0002f17eee1c8d34def67da5ac8c9fb33b7fd4", "ts": 1785720803.744214, "type": "send"}
{"delay": 0.02, "height": 9, "msg_type": "PREVOTE", "node": "f22393e0df7ce07fe1b9a4b8647ed82c1e636f80a5b858638dba3ccf3f416959", "to": "c8568c45b20b7a1b9e0f4a5dadd1987eb3d6007e239fc9dd224eeb47b71799cf", "ts": 1785720803.744238, "type": "send"}
{"delay": 0.02, "height": 9, "msg_type": "PREVOTE", "node": "f22393e0df7ce07fe1b9a4b8647ed82c1e636f80a5b858638dba3ccf3f416959", "to": "f08474af8ab0926587a2475f38484edb316eecc339239614a2d1eff9ccd01800", "ts": 1785720803.744262, "type": "send"}
{"from": "0772af86d70664e325e22546e3fe7a4c6b82feefae381b62cab85b230fb21719", "height": 9, "msg_type": "PREVOTE", "node": "13756c2a50bf937f4229883f98ab0b11b0562401f6976befce154a83a086793f", "ts": 1785720803.776531, "type": "deliver"}
{"from": "0772af86d70664e325e22546e3fe7a4c6b82feefae381b62cab85b230fb21719", "height": 9, "msg_type": "PREVOTE", "node": "3fde868ea6caf3041493f50fbcc45ebc3bad7edab4bad774a5dca2b91bec8af0", "ts": 1785720803.7766, "type": "deliver"}
{"from": "0772af86d70664e325e22546e3fe7a4c6b82feefae381b62cab85b230fb21719", "height": 9, "msg_type": "PREVOTE", "node": "4600e7073edcf35149235c417b55aed016ffc4133b445b7a44f86e142a6010ae", "ts": 1785720803.776639, "type": "deliver"}
{"from": "0772af86d70664e325e22546e3fe7a4c6b82feefae381b62cab85b230fb21719", "height": 9, "msg_type": "PREVOTE", "node": "967fe6e8b6c8221a582c62797d0002f17eee1c8d34def67da5ac8c9fb33b7fd4", "ts": 1785720803.776675, "type": "deliver"}
{"from": "0772af86d70664e325e22546e3fe7a4c6b82feefae381b62cab85b230fb21719", "height": 9, "msg_type": "PREVOTE", "node": "c8568c45b20b7a1b9e0f4a5dadd1987eb3d6007e239fc9dd224eeb47b71799cf", "ts": 1785720803.776729, "type": "deliver"}
{"from": "0772af86d70664e325e22546e3fe7a4c6b82feefae381b62cab85b230fb21719", "height": 9, "msg_type": "PREVOTE", "node": "f08474af8ab0926587a2475f38484edb316eecc339239614a2d1eff9ccd01800", "ts": 1785720803.776762, "type": "deliver"}
{"from": "0772af86d70664e325e22546e3fe7a4c6b82feefae381b62cab85b230fb21719", "height": 9, "msg_type": "PREVOTE", "node": "f22393e0df7ce07fe1b9a4b8647ed82c1e636f80a5b858638dba3ccf3f416959", "ts": 1785720803.776794, "type": "deliver"}
{"from": "3fde868ea6caf3041493f50fbcc45ebc3bad7edab4bad774a5dca2b91bec8af0", "height": 9, "msg_type": "PREVOTE", "node": "0772af86d70664e325e22546e3fe7a4c6b82feefae381b62cab85b230fb21719", "ts": 1785720803.776824, "type": "deliver"}
{"from": "3fde868ea6caf3041493f50fbcc45ebc3bad7edab4bad774a5dca2b91bec8af0", "height": 9, "msg_type": "PREVOTE", "node": "13756c2a50bf937f4229883f98ab0b11b0562401f6976befce154a83a086793f", "ts": 1785720803.776855, "type": "deliver"}
{"from": "3fde868ea6caf3041493f50fbcc45ebc3bad7edab4bad774a5dca2b91bec8af0", "height": 9, "msg_type": "PREVOTE", "node": "4600e7073edcf35149235c417b55aed016ffc4133b445b7a44f86e142a6010ae", "ts": 1785720803.776881, "type": "deliver"}
{"from": "3fde868ea6caf3041493f50fbcc45ebc3bad7edab4bad774a5dca2b91bec8af0", "height": 9, "msg_type": "PREVOTE", "node": "967fe6e8b6c8221a582c62797d0002f17eee1c8d34def67da5ac8c9fb33b7fd4", "ts": 1785720803.776905, "type": "deliver"}
{"from": "3fde868ea6caf3041493f50fbcc45ebc3bad7edab4bad774a5dca2b91bec8af0", "height": 9, "msg_type": "PREVOTE", "node": "c8568c45b20b7a1b9e0f4a5dadd1987eb3d6007e239fc9dd224eeb47b71799cf", "ts": 1785720803.776928, "type": "deliver"}
{"from": "3fde868ea6caf3041493f50fbcc45ebc3bad7edab4bad774a5dca2b91bec8af0", "height": 9, "msg_type": "PREVOTE", "node": "f08474af8ab0926587a2475f38484edb316eecc339239614a2d1eff9ccd01800", "ts": 1785720803.776952, "type": "deliver"}
{"from": "3fde868ea6caf3041493f50fbcc45ebc3bad7edab4bad774a5dca2b91bec8af0", "height": 9, "msg_type": "PREVOTE", "node": "f22393e0df7ce07fe1b9a4b8647ed82c1e636f80a5b858638dba3ccf3f416959", "ts": 1785720803.776993, "type": "deliver"}
{"from": "4600e7073edcf35149235c417b55aed016ffc4133b445b7a44f86e142a6010ae", "height": 9, "msg_type": "PREVOTE", "node": "0772af86d70664e325e22546e3fe7a4c6b82feefae381b62cab85b230fb21719", "ts": 1785720803.777021, "type": "deliver"}
{"from": "4600e7073edcf35149235c417b55aed016ffc4133b445b7a44f86e142a6010ae", "height": 9, "msg_type": "PREVOTE", "node": "13756c2a50bf937f4229883f98ab0b11b0562401f6976befce154a83a086793f", "ts": 1785720803.777045, "type": "deliver"}
{"from": "4600e7073edcf35149235c417b55aed016ffc4133b445b7a44f86e142a6010ae", "height": 9, "msg_type": "PREVOTE", "node": "3fde868ea6caf3041493f50fbcc45ebc3bad7edab4bad774a5dca2b91bec8af0", "ts": 1785720803.777069, "type": "deliver"}
{"from": "4600e7073edcf35149235c417b55aed016ffc4133b445b7a44f86e142a6010ae", "height": 9, "msg_type": "PREVOTE", "node": "967fe6e8b6c8221a582c62797d0002f17eee1c8d34def67da5ac8c9fb33b7fd4", "ts": 1785720803.777092, "type": "deliver"}
{"from": "4600e7073edcf35149235c417b55aed016ffc4133b445b7a44f86e142a6010ae", "height": 9, "msg_type": "PREVOTE", "node": "c8568c45b20b7a1b9e0f4a5dadd1987eb3d6007e239fc9dd224eeb47b71799cf", "ts": 1785720803.777115, "type": "deliver"}
{"from": "4600e7073edcf35149235c417b55aed016ffc4133b445b7a44f86e142a6010ae", "height": 9, "msg_type": "PREVOTE", "node": "f08474af8ab0926587a2475f38484edb316eecc339239614a2d1eff9ccd01800", "ts": 1785720803.777139, "type": "deliver"}
{"from": "4600e7073edcf35149235c417b55aed016ffc4133b445b7a44f86e142a6010ae", "height": 9, "msg_type": "PREVOTE", "node": "f22393e0df7ce07fe1b9a4b8647ed82c1e636f80a5b858638dba3ccf3f416959", "ts": 1785720803.777163, "type": "deliver"}
{"from": "967fe6e8b6c8221a582c62797d0002f17eee1c8d34def67da5ac8c9fb33b7fd4", "height": 9, "msg_type": "PREVOTE", "node": "0772af86d70664e325e22546e3fe7a4c6b82feefae381b62cab85b230fb21719", "ts": 1785720803.777185, "type": "deliver"}
{"from": "967fe6e8b6c8221a582c62797d0002f17eee1c8d34def67da5ac8c9fb33b7fd4", "height": 9, "msg_type": "PREVOTE", "node": "13756c2a50bf937f4229883f98ab0b11b0562401f6976befce154a83a086793f", "ts": 1785720803.777209, "type": "deliver"}
{"from": "967fe6e8b6c8221a582c62797d0002f17eee1c8d34def67da5ac8c9fb33b7fd4", "height": 9, "msg_type": "PREVOTE", "node": "3fde868ea6caf3041493f50fbcc45ebc3bad7edab4bad774a5dca2b91bec8af0", "ts": 1785720803.777242, "type": "deliver"}
{"from": "967fe6e8b6c8221a582c62797d0002f17eee1c8d34def67da5ac8c9fb33b7fd4", "height": 9, "msg_type": "PREVOTE", "node": "4600e7073edcf35149235c417b55aed016ffc4133b445b7a44f86e142a6010ae", "ts": 1785720803.777265, "type": "deliver"}
{"from": "967fe6e8b6c8221a582c62797d0002f17eee1c8d34def67da5ac8c9fb33b7fd4", "height": 9, "msg_type": "PREVOTE", "node": "c8568c45b20b7a1b9e0f4a5dadd1987eb3d6007e239fc9dd224eeb47b71799cf", "ts": 1785720803.777289, "type": "deliver"}
{"from": "967fe6e8b6c8221a582c62797d0002f17eee1c8d34def67da5ac8c9fb33b7fd4", "height": 9, "msg_type": "PREVOTE", "node": "f08474af8ab0926587a2475f38484edb316eecc339239614a2d1eff9ccd01800", "ts": 1785720803.777313, "type": "deliver"}
{"from": "967fe6e8b6c8221a582c62797d0002f17eee1c8d34def67da5ac8c9fb33b7fd4", "height": 9, "msg_type": "PREVOTE", "node": "f22393e0df7ce07fe1b9a4b8647ed82c1e636f80a5b858638dba3ccf3f416959", "ts": 1785720803.777336, "type": "deliver"}
{"from": "c8568c45b20b7a1b9e0f4a5dadd1987eb3d6007e239fc9dd224eeb47b71799cf", "height": 9, "msg_type": "PREVOTE", "node": "0772af86d70664e325e22546e3fe7a4c6b82feefae381b62cab85b230fb21719", "ts": 1785720803.777359, "type": "deliver"}
{"from": "c8568c45b20b7a1b9e0f4a5dadd1987eb3d6007e239fc9dd224eeb47b71799cf", "height": 9, "msg_type": "PREVOTE", "node": "13756c2a50bf937f4229883f98ab0b11b0562401f6976befce154a83a086793f", "ts": 1785720803.777383, "type": "deliver"}
{"from": "c8568c45b20b7a1b9e0f4a5dadd1987eb3d6007e239fc9dd224eeb47b71799cf", "height": 9, "msg_type": "PREVOTE", "node": "3fde868ea6caf3041493f50fbcc45ebc3bad7edab4bad774a5dca2b91bec8af0", "ts": 1785720803.777406, "type": "deliver"}
{"from": "c8568c45b20b7a1b9e0f4a5dadd1987eb3d6007e239fc9dd224eeb47b71799cf", "height": 9, "msg_type": "PREVOTE", "node": "4600e7073edcf35149235c417b55aed016ffc4133b445b7a44f86e142a6010ae", "ts": 1785720803.77743, "type": "deliver"}
{"from": "c8568c45b20b7a1b9e0f4a5dadd1987eb3d6007e239fc9dd224eeb47b71799cf", "height": 9, "msg_type": "PREVOTE", "node": "967fe6e8b6c8221a582c62797d0002f17eee1c8d34def67da5ac8c9fb33b7fd4", "ts": 1785720803.777453, "type": "deliver"}
{"from": "c8568c45b20b7a1b9e0f4a5dadd1987eb3d6007e239fc9dd224eeb47b71799cf", "height": 9, "msg_type": "PREVOTE", "node": "f08474af8ab0926587a2475f38484edb316eecc339239614a2d1eff9ccd01800", "ts": 1785720803.777476, "type": "deliver"}
{"from": "c8568c45b20b7a1b9e0f4a5dadd1987eb3d6007e239fc9dd224eeb47b71799cf", "height": 9, "msg_type": "PREVOTE", "node": "f22393e0df7ce07fe1b9a4b8647ed82c1e636f80a5b858638dba3ccf3f416959", "ts": 1785720803.7775, "type": "deliver"}
{"from": "f08474af8ab0926587a2475f38484edb316eecc339239614a2d1eff9ccd01800", "height": 9, "msg_type": "PREVOTE", "node": "0772af86d70664e325e22546e3fe7a4c6b82feefae381b62cab85b230fb21719", "ts": 1785720803.777522, "type": "deliver"}
{"from": "f08474af8ab0926587a2475f38484edb316eecc339239614a2d1eff9ccd01800", "height": 9, "msg_type": "PREVOTE", "node": "13756c2a50bf937f4229883f98ab0b11b0562401f6976befce154a83a086793f", "ts": 1785720803.777545, "type": "deliver"}
{"from": "f08474af8ab0926587a2475f38484edb316eecc339239614a2d1eff9ccd01800", "height": 9, "msg_type": "PREVOTE", "node": "3fde868ea6caf3041493f50fbcc45ebc3bad7edab4bad774a5dca2b91bec8af0", "ts": 1785720803.777569, "type": "deliver"}
{"from": "f08474af8ab0926587a2475f38484edb316eecc339239614a2d1eff9ccd01800", "height": 9, "msg_type": "PREVOTE", "node": "4600e7073edcf35149235c417b55aed016ffc4133b445b7a44f86e142a6010ae", "ts": 1785720803.777591, "type": "deliver"}
{"from": "f08474af8ab0926587a2475f38484edb316eecc339239614a2d1eff9ccd01800", "height": 9, "msg_type": "PREVOTE", "node": "967fe6e8b6c8221a582c62797d0002f17eee1c8d34def67da5ac8c9fb33b7fd4", "ts": 1785720803.777615, "type": "deliver"}
{"from": "f08474af8ab0926587a2475f38484edb316eecc339239614a2d1eff9ccd01800", "height": 9, "msg_type": "PREVOTE", "node": "c8568c45b20b7a1b9e0f4a5dadd1987eb3d6007e239fc9dd224eeb47b71799cf", "ts": 1785720803.777638, "type": "deliver"}
{"from": "f08474af8ab0926587a2475f38484edb316eecc339239614a2d1eff9ccd01800", "height": 9, "msg_type": "PREVOTE", "node": "f22393e0df7ce07fe1b9a4b8647ed82c1e636f80a5b858638dba3ccf3f416959", "ts": 1785720803.777661, "type": "deliver"}
{"from": "f22393e0df7ce07fe1b9a4b8647ed82c1e636f80a5b858638dba3ccf3f416959", "height": 9, "msg_type": "PREVOTE", "node": "0772af86d70664e325e22546e3fe7a4c6b82feefae381b62cab85b230fb21719", "ts": 1785720803.777684, "type": "deliver"}
{"from": "f22393e0df7ce07fe1b9a4b8647ed82c1e636f80a5b858638dba3ccf3f416959", "height": 9, "msg_type": "PREVOTE", "node": "13756c2a50bf937f4229883f98ab0b11b0562401f6976befce154a83a086793f", "ts": 1785720803.777715, "type": "deliver"}
{"from": "f22393e0df7ce07fe1b9a4b8647ed82c1e636f80a5b858638dba3ccf3f416959", "height": 9, "msg_type": "PREVOTE", "node": "3fde868ea6caf3041493f50fbcc45ebc3bad7edab4bad774a5dca2b91bec8af0", "ts": 1785720803.777739, "type": "deliver"}
{"from": "f22393e0df7ce07fe1b9a4b8647ed82c1e636f80a5b858638dba3ccf3f416959", "height": 9, "msg_type": "PREVOTE", "node": "4600e7073edcf35149235c417b55aed016ffc4133b445b7a44f86e142a6010ae", "ts": 1785720803.777762, "type": "deliver"}
{"from": "f22393e0df7ce07fe1b9a4b8647ed82c1e636f80a5b858638dba3ccf3f416959", "height": 9, "msg_type": "PREVOTE", "node": "967fe6e8b6c8221a582c62797d0002f17eee1c8d34def67da5ac8c9fb33b7fd4", "ts": 1785720803.777785, "type": "deliver"}
{"from": "f22393e0df7ce07fe1b9a4b8647ed82c1e636f80a5b858638dba3ccf3f416959", "height": 9, "msg_type": "PREVOTE", "node": "c8568c45b20b7a1b9e0f4a5dadd1987eb3d6007e239fc9dd224eeb47b71799cf", "ts": 1785720803.777808, "type": "deliver"}
{"from": "f22393e0df7ce07fe1b9a4b8647ed82c1e636f80a5b858638dba3ccf3f416959", "height": 9, "msg_type": "PREVOTE", "node": "f08474af8ab0926587a2475f38484edb316eecc339239614a2d1eff9ccd01800", "ts": 1785720803.777831, "type": "deliver"}
{"delay": 0.02, "height": 9, "msg_type": "PRECOMMIT", "node": "13756c2a50bf937f4229883f98ab0b11b0562401f6976befce154a83a086793f", "to": "0772af86d70664e325e22546e3fe7a4c6b82feefae381b62cab85b230fb21719", "ts": 1785720803.780571, "type": "send"}
{"delay": 0.02, "height": 9, "msg_type": "PRECOMMIT", "node": "13756c2a50bf937f4229883f98ab0b11b0562401f6976befce154a83a086793f", "to": "3fde868ea6caf3041493f50fbcc45ebc3bad7edab4bad774a5dca2b91bec8af0", "ts": 1785720803.780625, "type": "send"}
{"delay": 0.02, "height": 9, "msg_type": "PRECOMMIT", "node": "13756c2a50bf937f4229883f98ab0b11b0562401f6976befce154a83a086793f", "to": "4600e7073edcf35149235c417b55aed016ffc4133b445b7a44f86e142a6010ae", "ts": 1785720803.780656, "type": "send"}
{"delay": 0.02, "height": 9, "msg_type": "PRECOMMIT", "node": "13756c2a50bf937f4229883f98ab0b11b0562401f6976befce154a83a086793f", "to": "967fe6e8b6c8221a582c62797d0002f17eee1c8d34def67da5ac8c9fb33b7fd4", "ts": 1785720803.780683, "type": "send"}
{"delay": 0.02, "height": 9, "msg_type": "PRECOMMIT", "node": "13756c2a50bf937f4229883f98ab0b11b0562401f6976befce154a83a086793f", "to": "c8568c45b20b7a1b9e0f4a5dadd1987eb3d6007e239fc9dd224eeb47b71799cf", "ts": 1785720803.780707, "type": "send"}
{"delay": 0.02, "height": 9, "msg_type": "PRECOMMIT", "node": "13756c2a50bf937f4229883f98ab0b11b0562401f6976befce154a83a086793f", "to": "f08474af8ab0926587a2475f38484edb316eecc339239614a2d1eff9ccd01800", "ts": 1785720803.780736, "type": "send"}
{"delay": 0.02, "height": 9, "msg_type": "PRECOMMIT", "node": "13756c2a50bf937f4229883f98ab0b11b0562401f6976befce154a83a086793f", "to": "f22393e0df7ce07fe1b9a4b8647ed82c1e636f80a5b858638dba3ccf3f416959", "ts": 1785720803.78076, "type": "send"}
{"delay": 0.02, "height": 9, "msg_type": "PRECOMMIT", "node": "3fde868ea6caf3041493f50fbcc45ebc3bad7edab4bad774a5dca2b91bec8af0", "to": "0772af86d70664e325e22546e3fe7a4c6b82feefae381b62cab85b230fb21719", "ts": 1785720803.784755, "type": "send"}
{"delay": 0.02, "height": 9, "msg_type": "PRECOMMIT", "node": "3fde868ea6caf3041493f50fbcc45ebc3bad7edab4bad774a5dca2b91bec8af0", "to": "13756c2a50bf937f4229883f98ab0b11b0562401f6976befce154a83a086793f", "ts": 1785720803.784799, "type": "send"}
{"delay": 0.02, "height": 9, "msg_type": "PRECOMMIT", "node": "3fde868ea6caf3041493f50fbcc45ebc3bad7edab4bad774a5dca2b91bec8af0", "to": "4600e7073edcf35149235c417b55aed016ffc4133b445b7a44f86e142a6010ae", "ts": 1785720803.784829, "type": "send"}
{"delay": 0.02, "height": 9, "msg_type": "PRECOMMIT", "node": "3fde868ea6caf3041493f50fbcc45ebc3bad7edab4bad774a5dca2b91bec8af0", "to": "967fe6e8b6c8221a582c62797d0002f17eee1c8d34def67da5ac8c9fb33b7fd4", "ts": 1785720803.784854, "type": "send"}
{"delay": 0.02, "height": 9, "msg_type": "PRECOMMIT", "node": "3fde868ea6caf3041493f50fbcc45ebc3bad7edab4bad774a5dca2b91bec8af0", "to": "c8568c45b20b7a1b9e0f4a5dadd1987eb3d6007e239fc9dd224eeb47b71799cf", "ts": 1785720803.78489, "type": "send"}
{"delay": 0.02, "height": 9, "msg_type": "PRECOMMIT", "node": "3fde868ea6caf3041493f50fbcc45ebc3bad7edab4bad774a5dca2b91bec8af0", "to": "f08474af8ab0926587a2475f38484edb316eecc339239614a2d1eff9ccd01800", "ts": 1785720803.784914, "type": "send"}
{"delay": 0.02, "height": 9, "msg_type": "PRECOMMIT", "node": "3fde868ea6caf3041493f50fbcc45ebc3bad7edab4bad774a5dca2b91bec8af0", "to": "f22393e0df7ce07fe1b9a4b8647ed82c1e636f80a5b858638dba3ccf3f416959", "ts": 1785720803.784939, "type": "send"}
{"delay": 0.02, "height": 9, "msg_type": "PRECOMMIT", "node": "4600e7073edcf35149235c417b55aed016ffc4133b445b7a44f86e142a6010ae", "to": "0772af86d70664e325e22546e3fe7a4c6b82feefae381b62cab85b230fb21719", "ts": 1785720803.788824, "type": "send"}
{"delay": 0.02, "height": 9, "msg_type": "PRECOMMIT", "node": "4600e7073edcf35149235c417b55aed016ffc4133b445b7a44f86e142a6010ae", "to": "13756c2a50bf937f4229883f98ab0b11b0562401f6976befce154a83a086793f", "ts": 1785720803.788867, "type": "send"}
{"delay": 0.02, "height": 9, "msg_type": "PRECOMMIT", "node": "4600e7073edcf35149235c417b55aed016ffc4133b445b7a44f86e142a6010ae", "to": "3fde868ea6caf3041493f50fbcc45ebc3bad7edab4bad774a5dca2b91bec8af0", "ts": 1785720803.788896, "type": "send"}
{"delay": 0.02, "height": 9, "msg_type": "PRECOMMIT", "node": "4600e7073edcf35149235c417b55aed016ffc4133b445b7a44f86e142a6010ae", "to": "967fe6e8b6c8221a582c62797d0002f17eee1c8d34def67da5ac8c9fb33b7fd4", "ts": 1785720803.788922, "type": "send"}
{"delay": 0.02, "height": 9, "msg_type": "PRECOMMIT", "node": "4600e7073edcf35149235c417b55aed016ffc4133b445b7a44f86e142a6010ae", "to": "c8568c45b20b7a1b9e0f4a5dadd1987eb3d6007e239fc9dd224eeb47b71799cf", "ts": 1785720803.788946, "type": "send"}
{"delay": 0.02, "height": 9, "msg_type": "PRECOMMIT", "node": "4600e7073edcf35149235c417b55aed016ffc4133b445b7a44f86e142a6010ae", "to": "f08474af8ab0926587a2475f38484edb316eecc339239614a2d1eff9ccd01800", "ts": 1785720803.78897, "type": "send"}
{"delay": 0.02, "height": 9, "msg_type": "PRECOMMIT", "node": "4600e7073edcf35149235c417b55aed016ffc4133b445b7a44f86e142a6010ae", "to": "f22393e0df7ce07fe1b9a4b8647ed82c1e636f80a5b858638dba3ccf3f416959", "ts": 1785720803.789016, "type": "send"}
{"delay": 0.02, "height": 9, "msg_type": "PRECOMMIT", "node": "967fe6e8b6c8221a582c62797d0002f17eee1c8d34def67da5ac8c9fb33b7fd4", "to": "0772af86d70664e325e22546e3fe7a4c6b82feefae381b62cab85b230fb21719", "ts": 1785720803.793905, "type": "send"}
{"delay": 0.02, "height": 9, "msg_type": "PRECOMMIT", "node": "967fe6e8b6c8221a582c62797d0002f17eee1c8d34def67da5ac8c9fb33b7fd4", "to": "13756c2a50bf937f4229883f98ab0b11b0562401f6976befce154a83a086793f", "ts": 1785720803.793957, "type": "send"}
{"delay": 0.02, "height": 9, "msg_type": "PRECOMMIT", "node": "967fe6e8b6c8221a582c62797d0002f17eee1c8d34def67da5ac8c9fb33b7fd4", "to": "3fde868ea6caf3041493f50fbcc45ebc3bad7edab4bad774a5dca2b91bec8af0", "ts": 1785720803.794007, "type": "send"}
{"delay": 0.02, "height": 9, "msg_type": "PRECOMMIT", "node": "967fe6e8b6c8221a582c62797d0002f17eee1c8d34def67da5ac8c9fb33b7fd4", "to": "4600e7073edcf35149235c417b55aed016ffc4133b445b7a44f86e142a6010ae", "ts": 1785720803.794036, "type": "send"}
{"delay": 0.02, "height": 9, "msg_type": "PRECOMMIT", "node": "967fe6e8b6c8221a582c62797d0002f17eee1c8d34def67da5ac8c9fb33b7fd4", "to": "c8568c45b20b7a1b9e0f4a5dadd1987eb3d6007e239fc9dd224eeb47b71799cf", "ts": 1785720803.794063, "type": "send"}
{"delay": 0.02, "height": 9, "msg_type": "PRECOMMIT", "node": "967fe6e8b6c8221a582c62797d0002f17eee1c8d34def67da5ac8c9fb33b7fd4", "to": "f08474af8ab0926587a2475f38484edb316eecc339239614a2d1eff9ccd01800", "ts": 1785720803.794087, "type": "send"}
{"delay": 0.02, "height": 9, "msg_type": "PRECOMMIT", "node": "967fe6e8b6c8221a582c62797d0002f17eee1c8d34def67da5ac8c9fb33b7fd4", "to": "f22393e0df7ce07fe1b9a4b8647ed82c1e636f80a5b858638dba3ccf3f416959", "ts": 1785720803.794111, "type": "send"}
{"delay": 0.02, "height": 9, "msg_type": "PRECOMMIT", "node": "c8568c45b20b7a1b9e0f4a5dadd1987eb3d6007e239fc9dd224eeb47b71799cf", "to": "0772af86d70664e325e22546e3fe7a4c6b82feefae381b62cab85b230fb21719", "ts": 1785720803.798012, "type": "send"}
{"delay": 0.02, "height": 9, "msg_type": "PRECOMMIT", "node": "c8568c45b20b7a1b9e0f4a5dadd1987eb3d6007e239fc9dd224eeb47b71799cf", "to": "13756c2a50bf937f4229883f98ab0b11b0562401f6976befce154a83a086793f", "ts": 1785720803.798056, "type": "send"}
{"delay": 0.02, "height": 9, "msg_type": "PRECOMMIT", "node": "c8568c45b20b7a1b9e0f4a5dadd1987eb3d6007e239fc9dd224eeb47b71799cf", "to": "3fde868ea6caf3041493f50fbcc45ebc3bad7edab4bad774a5dca2b91bec8af0", "ts": 1785720803.798085, "type": "send"}
{"delay": 0.02, "height": 9, "msg_type": "PRECOMMIT", "node": "c8568c45b20b7a1b9e0f4a5dadd1987eb3d6007e239fc9dd224eeb47b71799cf", "to": "4600e7073edcf35149235c417b55aed016ffc4133b445b7a44f86e142a6010ae", "ts": 1785720803.798111, "type": "send"}
{"delay": 0.02, "height": 9, "msg_type": "PRECOMMIT", "node": "c8568c45b20b7a1b9e0f4a5dadd1987eb3d6007e239fc9dd224eeb47b71799cf", "to": "967fe6e8b6c8221a582c62797d0002f17eee1c8d34def67da5ac8c9fb33b7fd4", "ts": 1785720803.798136, "type": "send"}
{"delay": 0.02, "height": 9, "msg_type": "PRECOMMIT", "node": "c8568c45b20b7a1b9e0f4a5dadd1987eb3d6007e239fc9dd224eeb47b71799cf", "to": "f08474af8ab0926587a2475f38484edb316eecc339239614a2d1eff9ccd01800", "ts": 1785720803.798159, "type": "send"}
{"delay": 0.02, "height": 9, "msg_type": "PRECOMMIT", "node": "c8568c45b20b7a1b9e0f4a5dadd1987eb3d6007e239fc9dd224eeb47b71799cf", "to": "f22393e0df7ce07fe1b9a4b8647ed82c1e636f80a5b858638dba3ccf3f416959", "ts": 1785720803.798184, "type": "send"}
{"delay": 0.02, "height": 9, "msg_type": "PRECOMMIT", "node": "f08474af8ab0926587a2475f38484edb316eecc339239614a2d1eff9ccd01800", "to": "0772af86d70664e325e22546e3fe7a4c6b82feefae381b62cab85b230fb21719", "ts": 1785720803.802046, "type": "send"}
{"delay": 0.02, "height": 9, "msg_type": "PRECOMMIT", "node": "f08474af8ab0926587a2475f38484edb316eecc339239614a2d1eff9ccd01800", "to": "13756c2a50bf937f4229883f98ab0b11b0562401f6976befce154a83a086793f", "ts": 1785720803.802088, "type": "send"}
{"delay": 0.02, "height": 9, "msg_type": "PRECOMMIT", "node": "f08474af8ab0926587a2475f38484edb316eecc339239614a2d1eff9ccd01800", "to": "3fde868ea6caf3041493f50fbcc45ebc3bad7edab4bad774a5dca2b91bec8af0", "ts": 1785720803.802116, "type": "send"}
{"delay": 0.02, "height": 9, "msg_type": "PRECOMMIT", "node": "f08474af8ab0926587a2475f38484edb316eecc339239614a2d1eff9ccd01800", "to": "4600e7073edcf35149235c417b55aed016ffc4133b445b7a44f86e142a6010ae", "ts": 1785720803.802141, "type": "send"}
{"delay": 0.02, "height": 9, "msg_type": "PRECOMMIT", "node": "f08474af8ab0926587a2475f38484edb316eecc339239614a2d1eff9ccd01800", "to": "967fe6e8b6c8221a582c62797d0002f17eee1c8d34def67da5ac8c9fb33b7fd4", "ts": 1785720803.802165, "type": "send"}
{"delay": 0.02, "height": 9, "msg_type": "PRECOMMIT", "node": "f08474af8ab0926587a2475f38484edb316eecc339239614a2d1eff9ccd01800", "to": "c8568c45b20b7a1b9e0f4a5dadd1987eb3d6007e239fc9dd224eeb47b71799cf", "ts": 1785720803.802189, "type": "send"}
{"delay": 0.02, "height": 9, "msg_type": "PRECOMMIT", "node": "f08474af8ab0926587a2475f38484edb316eecc339239614a2d1eff9ccd01800", "to": "f22393e0df7ce07fe1b9a4b8647ed82c1e636f80a5b858638dba3ccf3f416959", "ts": 1785720803.802213, "type": "send"}
{"delay": 0.02, "height": 9, "msg_type": "PRECOMMIT", "node": "f22393e0df7ce07fe1b9a4b8647ed82c1e636f80a5b858638dba3ccf3f416959", "to": "0772af86d70664e325e22546e3fe7a4c6b82feefae381b62cab85b230fb21719", "ts": 1785720803.805283, "type": "send"}
{"delay": 0.02, "height": 9, "msg_type": "PRECOMMIT", "node": "f22393e0df7ce07fe1b9a4b8647ed82c1e636f80a5b858638dba3ccf3f416959", "to": "13756c2a50bf937f4229883f98ab0b11b0562401f6976befce154a83a086793f", "ts": 1785720803.80531, "type": "send"}
{"delay": 0.02, "height": 9, "msg_type": "PRECOMMIT", "node": "f22393e0df7ce07fe1b9a4b8647ed82c1e636f80a5b858638dba3ccf3f416959", "to": "3fde868ea6caf3041493f50fbcc45ebc3bad7edab4bad774a5dca2b91bec8af0", "ts": 1785720803.80533, "type": "send"}
{"delay": 0.02, "height": 9, "msg_type": "PRECOMMIT", "node": "f22393e0df7ce07fe1b9a4b8647ed82c1e636f80a5b858638dba3ccf3f416959", "to": "4600e7073edcf35149235c417b55aed016ffc4133b445b7a44f86e142a6010ae", "ts": 1785720803.805347, "type": "send"}
{"delay": 0.02, "height": 9, "msg_type": "PRECOMMIT", "node": "f22393e0df7ce07fe1b9a4b8647ed82c1e636f80a5b858638dba3ccf3f416959", "to": "967fe6e8b6c8221a582c62797d0002f17eee1c8d34def67da5ac8c9fb33b7fd4", "ts": 1785720803.805364, "type": "send"}
{"delay": 0.02, "height": 9, "msg_type": "PRECOMMIT", "node": "f22393e0df7ce07fe1b9a4b8647ed82c1e636f80a5b858638dba3ccf3f416959", "to": "c8568c45b20b7a1b9e0f4a5dadd1987eb3d6007e239fc9dd224eeb47b71799cf", "ts": 1785720803.805381, "type": "send"}
{"delay": 0.02, "height": 9, "msg_type": "PRECOMMIT", "node": "f22393e0df7ce07fe1b9a4b8647ed82c1e636f80a5b858638dba3ccf3f416959", "to": "f08474af8ab0926587a2475f38484edb316eecc339239614a2d1eff9ccd01800", "ts": 1785720803.805397, "type": "send"}
{"delay": 0.02, "height": 9, "msg_type": "PRECOMMIT", "node": "0772af86d70664e325e22546e3fe7a4c6b82feefae381b62cab85b230fb21719", "to": "13756c2a50bf937f4229883f98ab0b11b0562401f6976befce154a83a086793f", "ts": 1785720803.808558, "type": "send"}
{"delay": 0.02, "height": 9, "msg_type": "PRECOMMIT", "node": "0772af86d70664e325e22546e3fe7a4c6b82feefae381b62cab85b230fb21719", "to": "3fde868ea6caf3041493f50fbcc45ebc3bad7edab4bad774a5dca2b91bec8af0", "ts": 1785720803.808581, "type": "send"}
{"delay": 0.02, "height": 9, "msg_type": "PRECOMMIT", "node": "0772af86d70664e325e22546e3fe7a4c6b82feefae381b62cab85b230fb21719", "to": "4600e7073edcf35149235c417b55aed016ffc4133b445b7a44f86e142a6010ae", "ts": 1785720803.808597, "type": "send"}
{"delay": 0.02, "height": 9, "msg_type": "PRECOMMIT", "node": "0772af86d70664e325e22546e3fe7a4c6b82feefae381b62cab85b230fb21719", "to": "967fe6e8b6c8221a582c62797d0002f17eee1c8d34def67da5ac8c9fb33b7fd4", "ts": 1785720803.808989, "type": "send"}
{"delay": 0.02, "height": 9, "msg_type": "PRECOMMIT", "node": "0772af86d70664e325e22546e3fe7a4c6b82feefae381b62cab85b230fb21719", "to": "c8568c45b20b7a1b9e0f4a5dadd1987eb3d6007e239fc9dd224eeb47b71799cf", "ts": 1785720803.809006, "type": "send"}
{"delay": 0.02, "height": 9, "msg_type": "PRECOMMIT", "node": "0772af86d70664e325e22546e3fe7a4c6b82feefae381b62cab85b230fb21719", "to": "f08474af8ab0926587a2475f38484edb316eecc339239614a2d1eff9ccd01800", "ts": 1785720803.80902, "type": "send"}
{"delay": 0.02, "height": 9, "msg_type": "PRECOMMIT", "node": "0772af86d70664e325e22546e3fe7a4c6b82feefae381b62cab85b230fb21719", "to": "f22393e0df7ce07fe1b9a4b8647ed82c1e636f80a5b858638dba3ccf3f416959", "ts": 1785720803.809033, "type": "send"}
{"from": "13756c2a50bf937f4229883f98ab0b11b0562401f6976befce154a83a086793f", "height": 9, "msg_type": "PRECOMMIT", "node": "0772af86d70664e325e22546e3fe7a4c6b82feefae381b62cab85b230fb21719", "ts": 1785720803.840286, "type": "deliver"}
{"from": "13756c2a50bf937f4229883f98ab0b11b0562401f6976befce154a83a086793f", "height": 9, "msg_type": "PRECOMMIT", "node": "3fde868ea6caf3041493f50fbcc45ebc3bad7edab4bad774a5dca2b91bec8af0", "ts": 1785720803.840353, "type": "deliver"}
{"from": "13756c2a50bf937f4229883f98ab0b11b0562401f6976befce154a83a086793f", "height": 9, "msg_type": "PRECOMMIT", "node": "4600e7073edcf35149235c417b55aed016ffc4133b445b7a44f86e142a6010ae", "ts": 1785720803.84039, "type": "deliver"}
{"from": "13756c2a50bf937f4229883f98ab0b11b0562401f6976befce154a83a086793f", "height": 9, "msg_type": "PRECOMMIT", "node": "967fe6e8b6c8221a582c62797d0002f17eee1c8d34def67da5ac8c9fb33b7fd4", "ts": 1785720803.840424, "type": "deliver"}
{"from": "13756c2a50bf937f4229883f98ab0b11b0562401f6976befce154a83a086793f", "height": 9, "msg_type": "PRECOMMIT", "node": "c8568c45b20b7a1b9e0f4a5dadd1987eb3d6007e239fc9dd224eeb47b71799cf", "ts": 1785720803.840456, "type": "deliver"}
{"from": "13756c2a50bf937f4229883f98ab0b11b0562401f6976befce154a83a086793f", "height": 9, "msg_type": "PRECOMMIT", "node": "f08474af8ab0926587a2475f38484edb316eecc339239614a2d1eff9ccd01800", "ts": 1785720803.840487, "type": "deliver"}
{"from": "13756c2a50bf937f4229883f98ab0b11b0562401f6976befce154a83a086793f", "height": 9, "msg_type": "PRECOMMIT", "node": "f22393e0df7ce07fe1b9a4b8647ed82c1e636f80a5b858638dba3ccf3f416959", "ts": 1785720803.840518, "type": "deliver"}
{"from": "3fde868ea6caf3041493f50fbcc45ebc3bad7edab4bad774a5dca2b91bec8af0", "height": 9, "msg_type": "PRECOMMIT", "node": "0772af86d70664e325e22546e3fe7a4c6b82feefae381b62cab85b230fb21719", "ts": 1785720803.840563, "type": "deliver"}
{"from": "3fde868ea6caf3041493f50fbcc45ebc3bad7edab4bad774a5dca2b91bec8af0", "height": 9, "msg_type": "PRECOMMIT", "node": "13756c2a50bf937f4229883f98ab0b11b0562401f6976befce154a83a086793f", "ts": 1785720803.84059, "type": "deliver"}
{"from": "3fde868ea6caf3041493f50fbcc45ebc3bad7edab4bad774a5dca2b91bec8af0", "height": 9, "msg_type": "PRECOMMIT", "node": "4600e7073edcf35149235c417b55aed016ffc4133b445b7a44f86e142a6010ae", "ts": 1785720803.840619, "type": "deliver"}
{"from": "3fde868ea6caf3041493f50fbcc45ebc3bad7edab4bad774a5dca2b91bec8af0", "height": 9, "msg_type": "PRECOMMIT", "node": "967fe6e8b6c8221a582c62797d0002f17eee1c8d34def67da5ac8c9fb33b7fd4", "ts": 1785720803.840643, "type": "deliver"}
{"from": "3fde868ea6caf3041493f50fbcc45ebc3bad7edab4bad774a5dca2b91bec8af0", "height": 9, "msg_type": "PRECOMMIT", "node": "c8568c45b20b7a1b9e0f4a5dadd1987eb3d6007e239fc9dd224eeb47b71799cf", "ts": 1785720803.840667, "type": "deliver"}
{"from": "3fde868ea6caf3041493f50fbcc45ebc3bad7edab4bad774a5dca2b91bec8af0", "height": 9, "msg_type": "PRECOMMIT", "node": "f08474af8ab0926587a2475f38484edb316eecc339239614a2d1eff9ccd01800", "ts": 1785720803.84069, "type": "deliver"}
{"from": "3fde868ea6caf3041493f50fbcc45ebc3bad7edab4bad774a5dca2b91bec8af0", "height": 9, "msg_type": "PRECOMMIT", "node": "f22393e0df7ce07fe1b9a4b8647ed82c1e636f80a5b858638dba3ccf3f416959", "ts": 1785720803.840712, "type": "deliver"}
{"from": "4600e7073edcf35149235c417b55aed016ffc4133b445b7a44f86e142a6010ae", "height": 9, "msg_type": "PRECOMMIT", "node": "0772af86d70664e325e22546e3fe7a4c6b82feefae381b62cab85b230fb21719", "ts": 1785720803.840735, "type": "deliver"}
{"from": "4600e7073edcf35149235c417b55aed016ffc4133b445b7a44f86e142a6010ae", "height": 9, "msg_type": "PRECOMMIT", "node": "13756c2a50bf937f4229883f98ab0b11b0562401f6976befce154a83a086793f", "ts": 1785720803.840758, "type": "deliver"}
{"from": "4600e7073edcf35149235c417b55aed016ffc4133b445b7a44f86e142a6010ae", "height": 9, "msg_type": "PRECOMMIT", "node": "3fde868ea6caf3041493f50fbcc45ebc3bad7edab4bad774a5dca2b91bec8af0", "ts": 1785720803.84078, "type": "deliver"}
{"from": "4600e7073edcf35149235c417b55aed016ffc4133b445b7a44f86e142a6010ae", "height": 9, "msg_type": "PRECOMMIT", "node": "967fe6e8b6c8221a582c62797d0002f17eee1c8d34def67da5ac8c9fb33b7fd4", "ts": 1785720803.840803, "type": "deliver"}
{"from": "4600e7073edcf35149235c417b55aed016ffc4133b445b7a44f86e142a6010ae", "height": 9, "msg_type": "PRECOMMIT", "node": "c8568c45b20b7a1b9e0f4a5dadd1987eb3d6007e239fc9dd224eeb47b71799cf", "ts": 1785720803.840826, "type": "deliver"}
{"from": "4600e7073edcf35149235c417b55aed016ffc4133b445b7a44f86e142a6010ae", "height": 9, "msg_type": "PRECOMMIT", "node": "f08474af8ab0926587a2475f38484edb316eecc339239614a2d1eff9ccd01800", "ts": 1785720803.840849, "type": "deliver"}
{"from": "4600e7073edcf35149235c417b55aed016ffc4133b445b7a44f86e142a6010ae", "height": 9, "msg_type": "PRECOMMIT", "node": "f22393e0df7ce07fe1b9a4b8647ed82c1e636f80a5b858638dba3ccf3f416959", "ts": 1785720803.840873, "type": "deliver"}
{"from": "967fe6e8b6c8221a582c62797d0002f17eee1c8d34def67da5ac8c9fb33b7fd4", "height": 9, "msg_type": "PRECOMMIT", "node": "0772af86d70664e325e22546e3fe7a4c6b82feefae381b62cab85b230fb21719", "ts": 1785720803.840896, "type": "deliver"}
{"from": "967fe6e8b6c8221a582c62797d0002f17eee1c8d34def67da5ac8c9fb33b7fd4", "height": 9, "msg_type": "PRECOMMIT", "node": "13756c2a50bf937f4229883f98ab0b11b0562401f6976befce154a83a086793f", "ts": 1785720803.840919, "type": "deliver"}
{"from": "967fe6e8b6c8221a582c62797d0002f17eee1c8d34def67da5ac8c9fb33b7fd4", "height": 9, "msg_type": "PRECOMMIT", "node": "3fde868ea6caf3041493f50fbcc45ebc3bad7edab4bad774a5dca2b91bec8af0", "ts": 1785720803.840941, "type": "deliver"}
{"from": "967fe6e8b6c8221a582c62797d0002f17eee1c8d34def67da5ac8c9fb33b7fd4", "height": 9, "msg_type": "PRECOMMIT", "node": "4600e7073edcf35149235c417b55aed016ffc4133b445b7a44f86e142a6010ae", "ts": 1785720803.840965, "type": "deliver"}
{"from": "967fe6e8b6c8221a582c62797d0002f17eee1c8d34def67da5ac8c9fb33b7fd4", "height": 9, "msg_type": "PRECOMMIT", "node": "c8568c45b20b7a1b9e0f4a5dadd1987eb3d6007e239fc9dd224eeb47b71799cf", "ts": 1785720803.841017, "type": "deliver"}
{"from": "967fe6e8b6c8221a582c62797d0002f17eee1c8d34def67da5ac8c9fb33b7fd4", "height": 9, "msg_type": "PRECOMMIT", "node": "f08474af8ab0926587a2475f38484edb316eecc339239614a2d1eff9ccd01800", "ts": 1785720803.84106, "type": "deliver"}
{"from": "967fe6e8b6c8221a582c62797d0002f17eee1c8d34def67da5ac8c9fb33b7fd4", "height": 9, "msg_type": "PRECOMMIT", "node": "f22393e0df7ce07fe1b9a4b8647ed82c1e636f80a5b858638dba3ccf3f416959", "ts": 1785720803.841084, "type": "deliver"}
{"from": "c8568c45b20b7a1b9e0f4a5dadd1987eb3d6007e239fc9dd224eeb47b71799cf", "height": 9, "msg_type": "PRECOMMIT", "node": "0772af86d70664e325e22546e3fe7a4c6b82feefae381b62cab85b230fb21719", "ts": 1785720803.841108, "type": "deliver"}
{"from": "c8568c45b20b7a1b9e0f4a5dadd1987eb3d6007e239fc9dd224eeb47b71799cf", "height": 9, "msg_type": "PRECOMMIT", "node": "13756c2a50bf937f4229883f98ab0b11b0562401f6976befce154a83a086793f", "ts": 1785720803.841131, "type": "deliver"}
{"from": "c8568c45b20b7a1b9e0f4a5dadd1987eb3d6007e239fc9dd224eeb47b71799cf", "height": 9, "msg_type": "PRECOMMIT", "node": "3fde868ea6caf3041493f50fbcc45ebc3bad7edab4bad774a5dca2b91bec8af0", "ts": 1785720803.841154, "type": "deliver"}
{"from": "c8568c45b20b7a1b9e0f4a5dadd1987eb3d6007e239fc9dd224eeb47b71799cf", "height": 9, "msg_type": "PRECOMMIT", "node": "4600e7073edcf35149235c417b55aed016ffc4133b445b7a44f86e142a6010ae", "ts": 1785720803.841178, "type": "deliver"}
{"from": "c8568c45b20b7a1b9e0f4a5dadd1987eb3d6007e239fc9dd224eeb47b71799cf", "height": 9, "msg_type": "PRECOMMIT", "node": "967fe6e8b6c8221a582c62797d0002f17eee1c8d34def67da5ac8c9fb33b7fd4", "ts": 1785720803.841201, "type": "deliver"}
{"from": "c8568c45b20b7a1b9e0f4a5dadd1987eb3d6007e239fc9dd224eeb47b71799cf", "height": 9, "msg_type": "PRECOMMIT", "node": "f08474af8ab0926587a2475f38484edb316eecc339239614a2d1eff9ccd01800", "ts": 1785720803.841224, "type": "deliver"}
{"from": "c8568c45b20b7a1b9e0f4a5dadd1987eb3d6007e239fc9dd224eeb47b71799cf", "height": 9, "msg_type": "PRECOMMIT", "node": "f22393e0df7ce07fe1b9a4b8647ed82c1e636f80a5b858638dba3ccf3f416959", "ts": 1785720803.841247, "type": "deliver"}
{"from": "f08474af8ab0926587a2475f38484edb316eecc339239614a2d1eff9ccd01800", "height": 9, "msg_type": "PRECOMMIT", "node": "0772af86d70664e325e22546e3fe7a4c6b82feefae381b62cab85b230fb21719", "ts": 1785720803.84127, "type": "deliver"}
{"from": "f08474af8ab0926587a2475f38484edb316eecc339239614a2d1eff9ccd01800", "height": 9, "msg_type": "PRECOMMIT", "node": "13756c2a50bf937f4229883f98ab0b11b0562401f6976befce154a83a086793f", "ts": 1785720803.841293, "type": "deliver"}
{"from": "f08474af8ab0926587a2475f38484edb316eecc339239614a2d1eff9ccd01800", "height": 9, "msg_type": "PRECOMMIT", "node": "3fde868ea6caf3041493f50fbcc45ebc3bad7edab4bad774a5dca2b91bec8af0", "ts": 1785720803.841315, "type": "deliver"}
{"from": "f08474af8ab0926587a2475f38484edb316eecc339239614a2d1eff9ccd01800", "height": 9, "msg_type": "PRECOMMIT", "node": "4600e7073edcf35149235c417b55aed016ffc4133b445b7a44f86e142a6010ae", "ts": 1785720803.841338, "type": "deliver"}
{"from": "f08474af8ab0926587a2475f38484edb316eecc339239614a2d1eff9ccd01800", "height": 9, "msg_type": "PRECOMMIT", "node": "967fe6e8b6c8221a582c62797d0002f17eee1c8d34def67da5ac8c9fb33b7fd4", "ts": 1785720803.841361, "type": "deliver"}
{"from": "f08474af8ab0926587a2475f38484edb316eecc339239614a2d1eff9ccd01800", "height": 9, "msg_type": "PRECOMMIT", "node": "c8568c45b20b7a1b9e0f4a5dadd1987eb3d6007e239fc9dd224eeb47b71799cf", "ts": 1785720803.841383, "type": "deliver"}
{"from": "f08474af8ab0926587a2475f38484edb316eecc339239614a2d1eff9ccd01800", "height": 9, "msg_type": "PRECOMMIT", "node": "f22393e0df7ce07fe1b9a4b8647ed82c1e636f80a5b858638dba3ccf3f416959", "ts": 1785720803.841406, "type": "deliver"}
{"from": "f22393e0df7ce07fe1b9a4b8647ed82c1e636f80a5b858638dba3ccf3f416959", "height": 9, "msg_type": "PRECOMMIT", "node": "0772af86d70664e325e22546e3fe7a4c6b82feefae381b62cab85b230fb21719", "ts": 1785720803.841429, "type": "deliver"}
{"from": "f22393e0df7ce07fe1b9a4b8647ed82c1e636f80a5b858638dba3ccf3f416959", "height": 9, "msg_type": "PRECOMMIT", "node": "13756c2a50bf937f4229883f98ab0b11b0562401f6976befce154a83a086793f", "ts": 1785720803.841451, "type": "deliver"}
{"from": "f22393e0df7ce07fe1b9a4b8647ed82c1e636f80a5b858638dba3ccf3f416959", "height": 9, "msg_type": "PRECOMMIT", "node": "3fde868ea6caf3041493f50fbcc45ebc3bad7edab4bad774a5dca2b91bec8af0", "ts": 1785720803.841474, "type": "deliver"}
{"from": "f22393e0df7ce07fe1b9a4b8647ed82c1e636f80a5b858638dba3ccf3f416959", "height": 9, "msg_type": "PRECOMMIT", "node": "4600e7073edcf35149235c417b55aed016ffc4133b445b7a44f86e142a6010ae", "ts": 1785720803.841496, "type": "deliver"}
{"from": "f22393e0df7ce07fe1b9a4b8647ed82c1e636f80a5b858638dba3ccf3f416959", "height": 9, "msg_type": "PRECOMMIT", "node": "967fe6e8b6c8221a582c62797d0002f17eee1c8d34def67da5ac8c9fb33b7fd4", "ts": 1785720803.841529, "type": "deliver"}
{"from": "f22393e0df7ce07fe1b9a4b8647ed82c1e636f80a5b858638dba3ccf3f416959", "height": 9, "msg_type": "PRECOMMIT", "node": "c8568c45b20b7a1b9e0f4a5dadd1987eb3d6007e239fc9dd224eeb47b71799cf", "ts": 1785720803.841553, "type": "deliver"}
{"from": "f22393e0df7ce07fe1b9a4b8647ed82c1e636f80a5b858638dba3ccf3f416959", "height": 9, "msg_type": "PRECOMMIT", "node": "f08474af8ab0926587a2475f38484edb316eecc339239614a2d1eff9ccd01800", "ts": 1785720803.841576, "type": "deliver"}
{"from": "0772af86d70664e325e22546e3fe7a4c6b82feefae381b62cab85b230fb21719", "height": 9, "msg_type": "PRECOMMIT", "node": "13756c2a50bf937f4229883f98ab0b11b0562401f6976befce154a83a086793f", "ts": 1785720803.841599, "type": "deliver"}
{"from": "0772af86d70664e325e22546e3fe7a4c6b82feefae381b62cab85b230fb21719", "height": 9, "msg_type": "PRECOMMIT", "node": "3fde868ea6caf3041493f50fbcc45ebc3bad7edab4bad774a5dca2b91bec8af0", "ts": 1785720803.841622, "type": "deliver"}
{"from": "0772af86d70664e325e22546e3fe7a4c6b82feefae381b62cab85b230fb21719", "height": 9, "msg_type": "PRECOMMIT", "node": "4600e7073edcf35149235c417b55aed016ffc4133b445b7a44f86e142a6010ae", "ts": 1785720803.841645, "type": "deliver"}
{"from": "0772af86d70664e325e22546e3fe7a4c6b82feefae381b62cab85b230fb21719", "height": 9, "msg_type": "PRECOMMIT", "node": "967fe6e8b6c8221a582c62797d0002f17eee1c8d34def67da5ac8c9fb33b7fd4", "ts": 1785720803.84167, "type": "deliver"}
{"from": "0772af86d70664e325e22546e3fe7a4c6b82feefae381b62cab85b230fb21719", "height": 9, "msg_type": "PRECOMMIT", "node": "c8568c45b20b7a1b9e0f4a5dadd1987eb3d6007e239fc9dd224eeb47b71799cf", "ts": 1785720803.841692, "type": "deliver"}
{"from": "0772af86d70664e325e22546e3fe7a4c6b82feefae381b62cab85b230fb21719", "height": 9, "msg_type": "PRECOMMIT", "node": "f08474af8ab0926587a2475f38484edb316eecc339239614a2d1eff9ccd01800", "ts": 1785720803.841714, "type": "deliver"}
{"from": "0772af86d70664e325e22546e3fe7a4c6b82feefae381b62cab85b230fb21719", "height": 9, "msg_type": "PRECOMMIT", "node": "f22393e0df7ce07fe1b9a4b8647ed82c1e636f80a5b858638dba3ccf3f416959", "ts": 1785720803.841735, "type": "deliver"}
{"delay": 0.02, "height": 10, "msg_type": "PROPOSAL", "node": "3fde868ea6caf3041493f50fbcc45ebc3bad7edab4bad774a5dca2b91bec8af0", "to": "0772af86d70664e325e22546e3fe7a4c6b82feefae381b62cab85b230fb21719", "ts": 1785720803.847571, "type": "send"}
{"delay": 0.02, "height": 10, "msg_type": "PROPOSAL", "node": "3fde868ea6caf3041493f50fbcc45ebc3bad7edab4bad774a5dca2b91bec8af0", "to": "13756c2a50bf937f4229883f98ab0b11b0562401f6976befce154a83a086793f", "ts": 1785720803.847625, "type": "send"}
{"delay": 0.02, "height": 10, "msg_type": "PROPOSAL", "node": "3fde868ea6caf3041493f50fbcc45ebc3bad7edab4bad774a5dca2b91bec8af0", "to": "4600e7073edcf35149235c417b55aed016ffc4133b445b7a44f86e142a6010ae", "ts": 1785720803.847665, "type": "send"}
{"delay": 0.02, "height": 10, "msg_type": "PROPOSAL", "node": "3fde868ea6caf3041493f50fbcc45ebc3bad7edab4bad774a5dca2b91bec8af0", "to": "967fe6e8b6c8221a582c62797d0002f17eee1c8d34def67da5ac8c9fb33b7fd4", "ts": 1785720803.847704, "type": "send"}
{"delay": 0.02, "height": 10, "msg_type": "PROPOSAL", "node": "3fde868ea6caf3041493f50fbcc45ebc3bad7edab4bad774a5dca2b91bec8af0", "to": "c8568c45b20b7a1b9e0f4a5dadd1987eb3d6007e239fc9dd224eeb47b71799cf", "ts": 1785720803.847755, "type": "send"}
{"delay": 0.02, "height": 10, "msg_type": "PROPOSAL", "node": "3fde868ea6caf3041493f50fbcc45ebc3bad7edab4bad774a5dca2b91bec8af0", "to": "f08474af8ab0926587a2475f38484edb316eecc339239614a2d1eff9ccd01800", "ts": 1785720803.847791, "type": "send"}
{"delay": 0.02, "height": 10, "msg_type": "PROPOSAL", "node": "3fde868ea6caf3041493f50fbcc45ebc3bad7edab4bad774a5dca2b91bec8af0", "to": "f22393e0df7ce07fe1b9a4b8647ed82c1e636f80a5b858638dba3ccf3f416959", "ts": 1785720803.847831, "type": "send"}
{"delay": 0.02, "height": 10, "msg_type": "PREVOTE", "node": "3fde868ea6caf3041493f50fbcc45ebc3bad7edab4bad774a5dca2b91bec8af0", "to": "0772af86d70664e325e22546e3fe7a4c6b82feefae381b62cab85b230fb21719", "ts": 1785720803.848977, "type": "send"}
{"delay": 0.02, "height": 10, "msg_type": "PREVOTE", "node": "3fde868ea6caf3041493f50fbcc45ebc3bad7edab4bad774a5dca2b91bec8af0", "to": "13756c2a50bf937f4229883f98ab0b11b0562401f6976befce154a83a086793f", "ts": 1785720803.849044, "type": "send"}
{"delay": 0.02, "height": 10, "msg_type": "PREVOTE", "node": "3fde868ea6caf3041493f50fbcc45ebc3bad7edab4bad774a5dca2b91bec8af0", "to": "4600e7073edcf35149235c417b55aed016ffc4133b445b7a44f86e142a6010ae", "ts": 1785720803.849073, "type": "send"}
{"delay": 0.02, "height": 10, "msg_type": "PREVOTE", "node": "3fde868ea6caf3041493f50fbcc45ebc3bad7edab4bad774a5dca2b91bec8af0", "to": "967fe6e8b6c8221a582c62797d0002f17eee1c8d34def67da5ac8c9fb33b7fd4", "ts": 1785720803.84911, "type": "send"}
{"delay": 0.02, "height": 10, "msg_type": "PREVOTE", "node": "3fde868ea6caf3041493f50fbcc45ebc3bad7edab4bad774a5dca2b91bec8af0", "to": "c8568c45b20b7a1b9e0f4a5dadd1987eb3d6007e239fc9dd224eeb47b71799cf", "ts": 1785720803.849136, "type": "send"}
{"delay": 0.02, "height": 10, "msg_type": "PREVOTE", "node": "3fde868ea6caf3041493f50fbcc45ebc3bad7edab4bad774a5dca2b91bec8af0", "to": "f08474af8ab0926587a2475f38484edb316eecc339239614a2d1eff9ccd01800", "ts": 1785720803.84916, "type": "send"}
{"delay": 0.02, "height": 10, "msg_type": "PREVOTE", "node": "3fde868ea6caf3041493f50fbcc45ebc3bad7edab4bad774a5dca2b91bec8af0", "to": "f22393e0df7ce07fe1b9a4b8647ed82c1e636f80a5b858638dba3ccf3f416959", "ts": 1785720803.849184, "type": "send"}
{"from": "3fde868ea6caf3041493f50fbcc45ebc3bad7edab4bad774a5dca2b91bec8af0", "height": 10, "msg_type": "PROPOSAL", "node": "0772af86d70664e325e22546e3fe7a4c6b82feefae381b62cab85b230fb21719", "ts": 1785720803.901405, "type": "deliver"}
{"from": "3fde868ea6caf3041493f50fbcc45ebc3bad7edab4bad774a5dca2b91bec8af0", "height": 10, "msg_type": "PROPOSAL", "node": "13756c2a50bf937f4229883f98ab0b11b0562401f6976befce154a83a086793f", "ts": 1785720803.901443, "type": "deliver"}
{"from": "3fde868ea6caf3041493f50fbcc45ebc3bad7edab4bad774a5dca2b91bec8af0", "height": 10, "msg_type": "PROPOSAL", "node": "4600e7073edcf35149235c417b55aed016ffc4133b445b7a44f86e142a6010ae", "ts": 1785720803.901462, "type": "deliver"}
{"from": "3fde868ea6caf3041493f50fbcc45ebc3bad7edab4bad774a5dca2b91bec8af0", "height": 10, "msg_type": "PROPOSAL", "node": "967fe6e8b6c8221a582c62797d0002f17eee1c8d34def67da5ac8c9fb33b7fd4", "ts": 1785720803.901479, "type": "deliver"}
{"from": "3fde868ea6caf3041493f50fbcc45ebc3bad7edab4bad774a5dca2b91bec8af0", "height": 10, "msg_type": "PROPOSAL", "node": "c8568c45b20b7a1b9e0f4a5dadd1987eb3d6007e239fc9dd224eeb47b71799cf", "ts": 1785720803.901496, "type": "deliver"}
{"from": "3fde868ea6caf3041493f50fbcc45ebc3bad7edab4bad774a5dca2b91bec8af0", "height": 10, "msg_type": "PROPOSAL", "node": "f08474af8ab0926587a2475f38484edb316eecc339239614a2d1eff9ccd01800", "ts": 1785720803.901513, "type": "deliver"}
{"from": "3fde868ea6caf3041493f50fbcc45ebc3bad7edab4bad774a5dca2b91bec8af0", "height": 10, "msg_type": "PROPOSAL", "node": "f22393e0df7ce07fe1b9a4b8647ed82c1e636f80a5b858638dba3ccf3f416959", "ts": 1785720803.901529, "type": "deliver"}
{"from": "3fde868ea6caf3041493f50fbcc45ebc3bad7edab4bad774a5dca2b91bec8af0", "height": 10, "msg_type": "PREVOTE", "node": "0772af86d70664e325e22546e3fe7a4c6b82feefae381b62cab85b230fb21719", "ts": 1785720803.901546, "type": "deliver"}
{"from": "3fde868ea6caf3041493f50fbcc45ebc3bad7edab4bad774a5dca2b91bec8af0", "height": 10, "msg_type": "PREVOTE", "node": "13756c2a50bf937f4229883f98ab0b11b0562401f6976befce154a83a086793f", "ts": 1785720803.901559, "type": "deliver"}
{"from": "3fde868ea6caf3041493f50fbcc45ebc3bad7edab4bad774a5dca2b91bec8af0", "height": 10, "msg_type": "PREVOTE", "node": "4600e7073edcf35149235c417b55aed016ffc4133b445b7a44f86e142a6010ae", "ts": 1785720803.901571, "type": "deliver"}
{"from": "3fde868ea6caf3041493f50fbcc45ebc3bad7edab4bad774a5dca2b91bec8af0", "height": 10, "msg_type": "PREVOTE", "node": "967fe6e8b6c8221a582c62797d0002f17eee1c8d34def67da5ac8c9fb33b7fd4", "ts": 1785720803.901584, "type": "deliver"}
{"from": "3fde868ea6caf3041493f50fbcc45ebc3bad7edab4bad774a5dca2b91bec8af0", "height": 10, "msg_type": "PREVOTE", "node": "c8568c45b20b7a1b9e0f4a5dadd1987eb3d6007e239fc9dd224eeb47b71799cf", "ts": 1785720803.901597, "type": "deliver"}
{"from": "3fde868ea6caf3041493f50fbcc45ebc3bad7edab4bad774a5dca2b91bec8af0", "height": 10, "msg_type": "PREVOTE", "node": "f08474af8ab0926587a2475f38484edb316eecc339239614a2d1eff9ccd01800", "ts": 1785720803.901609, "type": "deliver"}
{"from": "3fde868ea6caf3041493f50fbcc45ebc3bad7edab4bad774a5dca2b91bec8af0", "height": 10, "msg_type": "PREVOTE", "node": "f22393e0df7ce07fe1b9a4b8647ed82c1e636f80a5b858638dba3ccf3f416959", "ts": 1785720803.901622, "type": "deliver"}
{"delay": 0.02, "height": 10, "msg_type": "PREVOTE", "node": "0772af86d70664e325e22546e3fe7a4c6b82feefae381b62cab85b230fb21719", "to": "13756c2a50bf937f4229883f98ab0b11b0562401f6976befce154a83a086793f", "ts": 1785720803.902088, "type": "send"}
{"delay": 0.02, "height": 10, "msg_type": "PREVOTE", "node": "0772af86d70664e325e22546e3fe7a4c6b82feefae381b62cab85b230fb21719", "to": "3fde868ea6caf3041493f50fbcc45ebc3bad7edab4bad774a5dca2b91bec8af0", "ts": 1785720803.902107, "type": "send"}
{"delay": 0.02, "height": 10, "msg_type": "PREVOTE", "node": "0772af86d70664e325e22546e3fe7a4c6b82feefae381b62cab85b230fb21719", "to": "4600e7073edcf35149235c417b55aed016ffc4133b445b7a44f86e142a6010ae", "ts": 1785720803.902117, "type": "send"}
{"delay": 0.02, "height": 10, "msg_type": "PREVOTE", "node": "0772af86d70664e325e22546e3fe7a4c6b82feefae381b62cab85b230fb21719", "to": "967fe6e8b6c8221a582c62797d0002f17eee1c8d34def67da5ac8c9fb33b7fd4", "ts": 1785720803.902125, "type": "send"}
{"delay": 0.02, "height": 10, "msg_type": "PREVOTE", "node": "0772af86d70664e325e22546e3fe7a4c6b82feefae381b62cab85b230fb21719", "to": "c8568c45b20b7a1b9e0f4a5dadd1987eb3d6007e239fc9dd224eeb47b71799cf", "ts": 1785720803.902133, "type": "send"}
{"delay": 0.02, "height": 10, "msg_type": "PREVOTE", "node": "0772af86d70664e325e22546e3fe7a4c6b82feefae381b62cab85b230fb21719", "to": "f08474af8ab0926587a2475f38484edb316eecc339239614a2d1eff9ccd01800", "ts": 1785720803.90214, "type": "send"}
{"delay": 0.02, "height": 10, "msg_type": "PREVOTE", "node": "0772af86d70664e325e22546e3fe7a4c6b82feefae381b62cab85b230fb21719", "to": "f22393e0df7ce07fe1b9a4b8647ed82c1e636f80a5b858638dba3ccf3f416959", "ts": 1785720803.902147, "type": "send"}
{"delay": 0.02, "height": 10, "msg_type": "PREVOTE", "node": "13756c2a50bf937f4229883f98ab0b11b0562401f6976befce154a83a086793f", "to": "0772af86d70664e325e22546e3fe7a4c6b82feefae381b62cab85b230fb21719", "ts": 1785720803.902628, "type": "send"}
{"delay": 0.02, "height": 10, "msg_type": "PREVOTE", "node": "13756c2a50bf937f4229883f98ab0b11b0562401f6976befce154a83a086793f", "to": "3fde868ea6caf3041493f50fbcc45ebc3bad7edab4bad774a5dca2b91bec8af0", "ts": 1785720803.90264, "type": "send"}
{"delay": 0.02, "height": 10, "msg_type": "PREVOTE", "node": "13756c2a50bf937f4229883f98ab0b11b0562401f6976befce154a83a086793f", "to": "4600e7073edcf35149235c417b55aed016ffc4133b445b7a44f86e142a6010ae", "ts": 1785720803.902648, "type": "send"}
{"delay": 0.02, "height": 10, "msg_type": "PREVOTE", "node": "13756c2a50bf937f4229883f98ab0b11b0562401f6976befce154a83a086793f", "to": "967fe6e8b6c8221a582c62797d0002f17eee1c8d34def67da5ac8c9fb33b7fd4", "ts": 1785720803.902655, "type": "send"}
{"delay": 0.02, "height": 10, "msg_type": "PREVOTE", "node": "13756c2a50bf937f4229883f98ab0b11b0562401f6976befce154a83a086793f", "to": "c8568c45b20b7a1b9e0f4a5dadd1987eb3d6007e239fc9dd224eeb47b71799cf", "ts": 1785720803.902662, "type": "send"}
{"delay": 0.02, "height": 10, "msg_type": "PREVOTE", "node": "13756c2a50bf937f4229883f98ab0b11b0562401f6976befce154a83a086793f", "to": "f08474af8ab0926587a2475f38484edb316eecc339239614a2d1eff9ccd01800", "ts": 1785720803.902668, "type": "send"}
{"delay": 0.02, "height": 10, "msg_type": "PREVOTE", "node": "13756c2a50bf937f4229883f98ab0b11b0562401f6976befce154a83a086793f", "to": "f22393e0df7ce07fe1b9a4b8647ed82c1e636f80a5b858638dba3ccf3f416959", "ts": 1785720803.902675, "type": "send"}
{"delay": 0.02, "height": 10, "msg_type": "PREVOTE", "node": "4600e7073edcf35149235c417b55aed016ffc4133b445b7a44f86e142a6010ae", "to": "0772af86d70664e325e22546e3fe7a4c6b82feefae381b62cab85b230fb21719", "ts": 1785720803.903124, "type": "send"}
{"delay": 0.02, "height": 10, "msg_type": "PREVOTE", "node": "4600e7073edcf35149235c417b55aed016ffc4133b445b7a44f86e142a6010ae", "to": "13756c2a50bf937f4229883f98ab0b11b0562401f6976befce154a83a086793f", "ts": 1785720803.903135, "type": "send"}
{"delay": 0.02, "height": 10, "msg_type": "PREVOTE", "node": "4600e7073edcf35149235c417b55aed016ffc4133b445b7a44f86e142a6010ae", "to": "3fde868ea6caf3041493f50fbcc45ebc3bad7edab4bad774a5dca2b91bec8af0", "ts": 1785720803.903143, "type": "send"}
{"delay": 0.02, "height": 10, "msg_type": "PREVOTE", "node": "4600e7073edcf35149235c417b55aed016ffc4133b445b7a44f86e142a6010ae", "to": "967fe6e8b6c8221a582c62797d0002f17eee1c8d34def67da5ac8c9fb33b7fd4", "ts": 1785720803.90315, "type": "send"}
{"delay": 0.02, "height": 10, "msg_type": "PREVOTE", "node": "4600e7073edcf35149235c417b55aed016ffc4133b445b7a44f86e142a6010ae", "to": "c8568c45b20b7a1b9e0f4a5dadd1987eb3d6007e239fc9dd224eeb47b71799cf", "ts": 1785720803.903157, "type": "send"}
{"delay": 0.02, "height": 10, "msg_type": "PREVOTE", "node": "4600e7073edcf35149235c417b55aed016ffc4133b445b7a44f86e142a6010ae", "to": "f08474af8ab0926587a2475f38484edb316eecc339239614a2d1eff9ccd01800", "ts": 1785720803.903163, "type": "send"}
{"delay": 0.02, "height": 10, "msg_type": "PREVOTE", "node": "4600e7073edcf35149235c417b55aed016ffc4133b445b7a44f86e142a6010ae", "to": "f22393e0df7ce07fe1b9a4b8647ed82c1e636f80a5b858638dba3ccf3f416959", "ts": 1785720803.90317, "type": "send"}
{"delay": 0.02, "height": 10, "msg_type": "PREVOTE", "node": "967fe6e8b6c8221a582c62797d0002f17eee1c8d34def67da5ac8c9fb33b7fd4", "to": "0772af86d70664e325e22546e3fe7a4c6b82feefae381b62cab85b230fb21719", "ts": 1785720803.9036, "type": "send"}
{"delay": 0.02, "height": 10, "msg_type": "PREVOTE", "node": "967fe6e8b6c8221a582c62797d0002f17eee1c8d34def67da5ac8c9fb33b7fd4", "to": "13756c2a50bf937f4229883f98ab0b11b0562401f6976befce154a83a086793f", "ts": 1785720803.903611, "type": "send"}
{"delay": 0.02, "height": 10, "msg_type": "PREVOTE", "node": "967fe6e8b6c8221a582c62797d0002f17eee1c8d34def67da5ac8c9fb33b7fd4", "to": "3fde868ea6caf3041493f50fbcc45ebc3bad7edab4bad774a5dca2b91bec8af0", "ts": 1785720803.903619, "type": "send"}
{"delay": 0.02, "height": 10, "msg_type": "PREVOTE", "node": "967fe6e8b6c8221a582c62797d0002f17eee1c8d34def67da5ac8c9fb33b7fd4", "to": "4600e7073edcf35149235c417b55aed016ffc4133b445b7a44f86e142a6010ae", "ts": 1785720803.903625, "type": "send"}
{"delay": 0.02, "height": 10, "msg_type": "PREVOTE", "node": "967fe6e8b6c8221a582c62797d0002f17eee1c8d34def67da5ac8c9fb33b7fd4", "to": "c8568c45b20b7a1b9e0f4a5dadd1987eb3d6007e239fc9dd224eeb47b71799cf", "ts": 1785720803.903632, "type": "send"}
{"delay": 0.02, "height": 10, "msg_type": "PREVOTE", "node": "967fe6e8b6c8221a582c62797d0002f17eee1c8d34def67da5ac8c9fb33b7fd4", "to": "f08474af8ab0926587a2475f38484edb316eecc339239614a2d1eff9ccd01800", "ts": 1785720803.903639, "type": "send"}
{"delay": 0.02, "height": 10, "msg_type": "PREVOTE", "node": "967fe6e8b6c8221a582c62797d0002f17eee1c8d34def67da5ac8c9fb33b7fd4", "to": "f22393e0df7ce07fe1b9a4b8647ed82c1e636f80a5b858638dba3ccf3f416959", "ts": 1785720803.903646, "type": "send"}
{"delay": 0.02, "height": 10, "msg_type": "PREVOTE", "node": "c8568c45b20b7a1b9e0f4a5dadd1987eb3d6007e239fc9dd224eeb47b71799cf", "to": "0772af86d70664e325e22546e3fe7a4c6b82feefae381b62cab85b230fb21719", "ts": 1785720803.904098, "type": "send"}
{"delay": 0.02, "height": 10, "msg_type": "PREVOTE", "node": "c8568c45b20b7a1b9e0f4a5dadd1987eb3d6007e239fc9dd224eeb47b71799cf", "to": "13756c2a50bf937f4229883f98ab0b11b0562401f6976befce154a83a086793f", "ts": 1785720803.904109, "type": "send"}
{"delay": 0.02, "height": 10, "msg_type": "PREVOTE", "node": "c8568c45b20b7a1b9e0f4a5dadd1987eb3d6007e239fc9dd224eeb47b71799cf", "to": "3fde868ea6caf3041493f50fbcc45ebc3bad7edab4bad774a5dca2b91bec8af0", "ts": 1785720803.904121, "type": "send"}
{"delay": 0.02, "height": 10, "msg_type": "PREVOTE", "node": "c8568c45b20b7a1b9e0f4a5dadd1987eb3d6007e239fc9dd224eeb47b71799cf", "to": "4600e7073edcf35149235c417b55aed016ffc4133b445b7a44f86e142a6010ae", "ts": 1785720803.904128, "type": "send"}
{"delay": 0.02, "height": 10, "msg_type": "PREVOTE", "node": "c8568c45b20b7a1b9e0f4a5dadd1987eb3d6007e239fc9dd224eeb47b71799cf", "to": "967fe6e8b6c8221a582c62797d0002f17eee1c8d34def67da5ac8c9fb33b7fd4", "ts": 1785720803.904135, "type": "send"}
{"delay": 0.02, "height": 10, "msg_type": "PREVOTE", "node": "c8568c45b20b7a1b9e0f4a5dadd1987eb3d6007e239fc9dd224eeb47b71799cf", "to": "f08474af8ab0926587a2475f38484edb316eecc339239614a2d1eff9ccd01800", "ts": 1785720803.904142, "type": "send"}
{"delay": 0.02, "height": 10, "msg_type": "PREVOTE", "node": "c8568c45b20b7a1b9e0f4a5dadd1987eb3d6007e239fc9dd224eeb47b71799cf", "to": "f22393e0df7ce07fe1b9a4b8647ed82c1e636f80a5b858638dba3ccf3f416959", "ts": 1785720803.904149, "type": "send"}
{"delay": 0.02, "height": 10, "msg_type": "PREVOTE", "node": "f08474af8ab0926587a2475f38484edb316eecc339239614a2d1eff9ccd01800", "to": "0772af86d70664e325e22546e3fe7a4c6b82feefae381b62cab85b230fb21719", "ts": 1785720803.904576, "type": "send"}
{"delay": 0.02, "height": 10, "msg_type": "PREVOTE", "node": "f08474af8ab0926587a2475f38484edb316eecc339239614a2d1eff9ccd01800", "to": "13756c2a50bf937f4229883f98ab0b11b0562401f6976befce154a83a086793f", "ts": 1785720803.904587, "type": "send"}
{"delay": 0.02, "height": 10, "msg_type": "PREVOTE", "node": "f08474af8ab0926587a2475f38484edb316eecc339239614a2d1eff9ccd01800", "to": "3fde868ea6caf3041493f50fbcc45ebc3bad7edab4bad774a5dca2b91bec8af0", "ts": 1785720803.904594, "type": "send"}
{"delay": 0.02, "height": 10, "msg_type": "PREVOTE", "node": "f08474af8ab0926587a2475f38484edb316eecc339239614a2d1eff9ccd01800", "to": "4600e7073edcf35149235c417b55aed016ffc4133b445b7a44f86e142a6010ae", "ts": 1785720803.904601, "type": "send"}
{"delay": 0.02, "height": 10, "msg_type": "PREVOTE", "node": "f08474af8ab0926587a2475f38484edb316eecc339239614a2d1eff9ccd01800", "to": "967fe6e8b6c8221a582c62797d0002f17eee1c8d34def67da5ac8c9fb33b7fd4", "ts": 1785720803.904607, "type": "send"}
{"delay": 0.02, "height": 10, "msg_type": "PREVOTE", "node": "f08474af8ab0926587a2475f38484edb316eecc339239614a2d1eff9ccd01800", "to": "c8568c45b20b7a1b9e0f4a5dadd1987eb3d6007e239fc9dd224eeb47b71799cf", "ts": 1785720803.904614, "type": "send"}
{"delay": 0.02, "height": 10, "msg_type": "PREVOTE", "node": "f08474af8ab0926587a2475f38484edb316eecc339239614a2d1eff9ccd01800", "to": "f22393e0df7ce07fe1b9a4b8647ed82c1e636f80a5b858638dba3ccf3f416959", "ts": 1785720803.904621, "type": "send"}
{"delay": 0.02, "height": 10, "msg_type": "PREVOTE", "node": "f22393e0df7ce07fe1b9a4b8647ed82c1e636f80a5b858638dba3ccf3f416959", "to": "0772af86d70664e325e22546e3fe7a4c6b82feefae381b62cab85b230fb21719", "ts": 1785720803.905053, "type": "send"}
{"delay": 0.02, "height": 10, "msg_type": "PREVOTE", "node": "f22393e0df7ce07fe1b9a4b8647ed82c1e636f80a5b858638dba3ccf3f416959", "to": "13756c2a50bf937f4229883f98ab0b11b0562401f6976befce154a83a086793f", "ts": 1785720803.905064, "type": "send"}
{"delay": 0.02, "height": 10, "msg_type": "PREVOTE", "node": "f22393e0df7ce07fe1b9a4b8647ed82c1e636f80a5b858638dba3ccf3f416959", "to": "3fde868ea6caf3041493f50fbcc45ebc3bad7edab4bad774a5dca2b91bec8af0", "ts": 1785720803.905071, "type": "send"}
{"delay": 0.02, "height": 10, "msg_type": "PREVOTE", "node": "f22393e0df7ce07fe1b9a4b8647ed82c1e636f80a5b858638dba3ccf3f416959", "to": "4600e7073edcf35149235c417b55aed016ffc4133b445b7a44f86e142a6010ae", "ts": 1785720803.905078, "type": "send"}
{"delay": 0.02, "height": 10, "msg_type": "PREVOTE", "node": "f22393e0df7ce07fe1b9a4b8647ed82c1e636f80a5b858638dba3ccf3f416959", "to": "967fe6e8b6c8221a582c62797d0002f17eee1c8d34def67da5ac8c9fb33b7fd4", "ts": 1785720803.905085, "type": "send"}
{"delay": 0.02, "height": 10, "msg_type": "PREVOTE", "node": "f22393e0df7ce07fe1b9a4b8647ed82c1e636f80a5b858638dba3ccf3f416959", "to": "c8568c45b20b7a1b9e0f4a5dadd1987eb3d6007e239fc9dd224eeb47b71799cf", "ts": 1785720803.905092, "type": "send"}
{"delay": 0.02, "height": 10, "msg_type": "PREVOTE", "node": "f22393e0df7ce07fe1b9a4b8647ed82c1e636f80a5b858638dba3ccf3f416959", "to": "f08474af8ab0926587a2475f38484edb316eecc339239614a2d1eff9ccd01800", "ts": 1785720803.905101, "type": "send"}
{"from": "0772af86d70664e325e22546e3fe7a4c6b82feefae381b62cab85b230fb21719", "height": 10, "msg_type": "PREVOTE", "node": "13756c2a50bf937f4229883f98ab0b11b0562401f6976befce154a83a086793f", "ts": 1785720803.931284, "type": "deliver"}
{"from": "0772af86d70664e325e22546e3fe7a4c6b82feefae381b62cab85b230fb21719", "height": 10, "msg_type": "PREVOTE", "node": "3fde868ea6caf3041493f50fbcc45ebc3bad7edab4bad774a5dca2b91bec8af0", "ts": 1785720803.931335, "type": "deliver"}
{"from": "0772af86d70664e325e22546e3fe7a4c6b82feefae381b62cab85b230fb21719", "height": 10, "msg_type": "PREVOTE", "node": "4600e7073edcf35149235c417b55aed016ffc4133b445b7a44f86e142a6010ae", "ts": 1785720803.931361, "type": "deliver"}
{"from": "0772af86d70664e325e22546e3fe7a4c6b82feefae381b62cab85b230fb21719", "height": 10, "msg_type": "PREVOTE", "node": "967fe6e8b6c8221a582c62797d0002f17eee1c8d34def67da5ac8c9fb33b7fd4", "ts": 1785720803.931384, "type": "deliver"}
{"from": "0772af86d70664e325e22546e3fe7a4c6b82feefae381b62cab85b230fb21719", "height": 10, "msg_type": "PREVOTE", "node": "c8568c45b20b7a1b9e0f4a5dadd1987eb3d6007e239fc9dd224eeb47b71799cf", "ts": 1785720803.931408, "type": "deliver"}
{"from": "0772af86d70664e325e22546e3fe7a4c6b82feefae381b62cab85b230fb21719", "height": 10, "msg_type": "PREVOTE", "node": "f08474af8ab0926587a2475f38484edb316eecc339239614a2d1eff9ccd01800", "ts": 1785720803.931432, "type": "deliver"}
{"from": "0772af86d70664e325e22546e3fe7a4c6b82feefae381b62cab85b230fb21719", "height": 10, "msg_type": "PREVOTE", "node": "f22393e0df7ce07fe1b9a4b8647ed82c1e636f80a5b858638dba3ccf3f416959", "ts": 1785720803.931453, "type": "deliver"}
{"from": "13756c2a50bf937f4229883f98ab0b11b0562401f6976befce154a83a086793f", "height": 10, "msg_type": "PREVOTE", "node": "0772af86d70664e325e22546e3fe7a4c6b82feefae381b62cab85b230fb21719", "ts": 1785720803.931474, "type": "deliver"}
{"from": "13756c2a50bf937f4229883f98ab0b11b0562401f6976befce154a83a086793f", "height": 10, "msg_type": "PREVOTE", "node": "3fde868ea6caf3041493f50fbcc45ebc3bad7edab4bad774a5dca2b91bec8af0", "ts": 1785720803.931495, "type": "deliver"}
{"from": "13756c2a50bf937f4229883f98ab0b11b0562401f6976befce154a83a086793f", "height": 10, "msg_type": "PREVOTE", "node": "4600e7073edcf35149235c417b55aed016ffc4133b445b7a44f86e142a6010ae", "ts": 1785720803.931512, "type": "deliver"}
{"from": "13756c2a50bf937f4229883f98ab0b11b0562401f6976befce154a83a086793f", "height": 10, "msg_type": "PREVOTE", "node": "967fe6e8b6c8221a582c62797d0002f17eee1c8d34def67da5ac8c9fb33b7fd4", "ts": 1785720803.931528, "type": "deliver"}
{"from": "13756c2a50bf937f4229883f98ab0b11b0562401f6976befce154a83a086793f", "height": 10, "msg_type": "PREVOTE", "node": "c8568c45b20b7a1b9e0f4a5dadd1987eb3d6007e239fc9dd224eeb47b71799cf", "ts": 1785720803.931543, "type": "deliver"}
{"from": "13756c2a50bf937f4229883f98ab0b11b0562401f6976befce154a83a086793f", "height": 10, "msg_type": "PREVOTE", "node": "f08474af8ab0926587a2475f38484edb316eecc339239614a2d1eff9ccd01800", "ts": 1785720803.93156, "type": "deliver"}
{"from": "13756c2a50bf937f4229883f98ab0b11b0562401f6976befce154a83a086793f", "height": 10, "msg_type": "PREVOTE", "node": "f22393e0df7ce07fe1b9a4b8647ed82c1e636f80a5b858638dba3ccf3f416959", "ts": 1785720803.931576, "type": "deliver"}
{"from": "4600e7073edcf35149235c417b55aed016ffc4133b445b7a44f86e142a6010ae", "height": 10, "msg_type": "PREVOTE", "node": "0772af86d70664e325e22546e3fe7a4c6b82feefae381b62cab85b230fb21719", "ts": 1785720803.931591, "type": "deliver"}
{"from": "4600e7073edcf35149235c417b55aed016ffc4133b445b7a44f86e142a6010ae", "height": 10, "msg_type": "PREVOTE", "node": "13756c2a50bf937f4229883f98ab0b11b0562401f6976befce154a83a086793f", "ts": 1785720803.931606, "type": "deliver"}
{"from": "4600e7073edcf35149235c417b55aed016ffc4133b445b7a44f86e142a6010ae", "height": 10, "msg_type": "PREVOTE", "node": "3fde868ea6caf3041493f50fbcc45ebc3bad7edab4bad774a5dca2b91bec8af0", "ts": 1785720803.931621, "type": "deliver"}
{"from": "4600e7073edcf35149235c417b55aed016ffc4133b445b7a44f86e142a6010ae", "height": 10, "msg_type": "PREVOTE", "node": "967fe6e8b6c8221a582c62797d0002f17eee1c8d34def67da5ac8c9fb33b7fd4", "ts": 1785720803.931649, "type": "deliver"}
{"from": "4600e7073edcf35149235c417b55aed016ffc4133b445b7a44f86e142a6010ae", "height": 10, "msg_type": "PREVOTE", "node": "c8568c45b20b7a1b9e0f4a5dadd1987eb3d6007e239fc9dd224eeb47b71799cf", "ts": 1785720803.931666, "type": "deliver"}
{"from": "4600e7073edcf35149235c417b55aed016ffc4133b445b7a44f86e142a6010ae", "height": 10, "msg_type": "PREVOTE", "node": "f08474af8ab0926587a2475f38484edb316eecc339239614a2d1eff9ccd01800", "ts": 1785720803.931691, "type": "deliver"}
{"from": "4600e7073edcf35149235c417b55aed016ffc4133b445b7a44f86e142a6010ae", "height": 10, "msg_type": "PREVOTE", "node": "f22393e0df7ce07fe1b9a4b8647ed82c1e636f80a5b858638dba3ccf3f416959", "ts": 1785720803.931707, "type": "deliver"}
{"from": "967fe6e8b6c8221a582c62797d0002f17eee1c8d34def67da5ac8c9fb33b7fd4", "height": 10, "msg_type": "PREVOTE", "node": "0772af86d70664e325e22546e3fe7a4c6b82feefae381b62cab85b230fb21719", "ts": 1785720803.931722, "type": "deliver"}
{"from": "967fe6e8b6c8221a582c62797d0002f17eee1c8d34def67da5ac8c9fb33b7fd4", "height": 10, "msg_type": "PREVOTE", "node": "13756c2a50bf937f4229883f98ab0b11b0562401f6976befce154a83a086793f", "ts": 1785720803.931738, "type": "deliver"}
{"from": "967fe6e8b6c8221a582c62797d0002f17eee1c8d34def67da5ac8c9fb33b7fd4", "height": 10, "msg_type": "PREVOTE", "node": "3fde868ea6caf3041493f50fbcc45ebc3bad7edab4bad774a5dca2b91bec8af0", "ts": 1785720803.931753, "type": "deliver"}
{"from": "967fe6e8b6c8221a582c62797d0002f17eee1c8d34def67da5ac8c9fb33b7fd4", "height": 10, "msg_type": "PREVOTE", "node": "4600e7073edcf35149235c417b55aed016ffc4133b445b7a44f86e142a6010ae", "ts": 1785720803.931768, "type": "deliver"}
{"from": "967fe6e8b6c8221a582c62797d0002f17eee1c8d34def67da5ac8c9fb33b7fd4", "height": 10, "msg_type": "PREVOTE", "node": "c8568c45b20b7a1b9e0f4a5dadd1987eb3d6007e239fc9dd224eeb47b71799cf", "ts": 1785720803.931783, "type": "deliver"}
{"from": "967fe6e8b6c8221a582c62797d0002f17eee1c8d34def67da5ac8c9fb33b7fd4", "height": 10, "msg_type": "PREVOTE", "node": "f08474af8ab0926587a2475f38484edb316eecc339239614a2d1eff9ccd01800", "ts": 1785720803.931798, "type": "deliver"}
{"from": "967fe6e8b6c8221a582c62797d0002f17eee1c8d34def67da5ac8c9fb33b7fd4", "height": 10, "msg_type": "PREVOTE", "node": "f22393e0df7ce07fe1b9a4b8647ed82c1e636f80a5b858638dba3ccf3f416959", "ts": 1785720803.931814, "type": "deliver"}
{"from": "c8568c45b20b7a1b9e0f4a5dadd1987eb3d6007e239fc9dd224eeb47b71799cf", "height": 10, "msg_type": "PREVOTE", "node": "0772af86d70664e325e22546e3fe7a4c6b82feefae381b62cab85b230fb21719", "ts": 1785720803.931829, "type": "deliver"}
{"from": "c8568c45b20b7a1b9e0f4a5dadd1987eb3d6007e239fc9dd224eeb47b71799cf", "height": 10, "msg_type": "PREVOTE", "node": "13756c2a50bf937f4229883f98ab0b11b0562401f6976befce154a83a086793f", "ts": 1785720803.931843, "type": "deliver"}
{"from": "c8568c45b20b7a1b9e0f4a5dadd1987eb3d6007e239fc9dd224eeb47b71799cf", "height": 10, "msg_type": "PREVOTE", "node": "3fde868ea6caf3041493f50fbcc45ebc3bad7edab4bad774a5dca2b91bec8af0", "ts": 1785720803.931858, "type": "deliver"}
{"from": "c8568c45b20b7a1b9e0f4a5dadd1987eb3d6007e239fc9dd224eeb47b71799cf", "height": 10, "msg_type": "PREVOTE", "node": "4600e7073edcf35149235c417b55aed016ffc4133b445b7a44f86e142a6010ae", "ts": 1785720803.931873, "type": "deliver"}
{"from": "c8568c45b20b7a1b9e0f4a5dadd1987eb3d6007e239fc9dd224eeb47b71799cf", "height": 10, "msg_type": "PREVOTE", "node": "967fe6e8b6c8221a582c62797d0002f17eee1c8d34def67da5ac8c9fb33b7fd4", "ts": 1785720803.931889, "type": "deliver"}
{"from": "c8568c45b20b7a1b9e0f4a5dadd1987eb3d6007e239fc9dd224eeb47b71799cf", "height": 10, "msg_type": "PREVOTE", "node": "f08474af8ab0926587a2475f38484edb316eecc339239614a2d1eff9ccd01800", "ts": 1785720803.931904, "type": "deliver"}
{"from": "c8568c45b20b7a1b9e0f4a5dadd1987eb3d6007e239fc9dd224eeb47b71799cf", "height": 10, "msg_type": "PREVOTE", "node": "f22393e0df7ce07fe1b9a4b8647ed82c1e636f80a5b858638dba3ccf3f416959", "ts": 1785720803.931919, "type": "deliver"}
{"from": "f08474af8ab0926587a2475f38484edb316eecc339239614a2d1eff9ccd01800", "height": 10, "msg_type": "PREVOTE", "node": "0772af86d70664e325e22546e3fe7a4c6b82feefae381b62cab85b230fb21719", "ts": 1785720803.931934, "type": "deliver"}
{"from": "f08474af8ab0926587a2475f38484edb316eecc339239614a2d1eff9ccd01800", "height": 10, "msg_type": "PREVOTE", "node": "13756c2a50bf937f4229883f98ab0b11b0562401f6976befce154a83a086793f", "ts": 1785720803.931948, "type": "deliver"}
{"from": "f08474af8ab0926587a2475f38484edb316eecc339239614a2d1eff9ccd01800", "height": 10, "msg_type": "PREVOTE", "node": "3fde868ea6caf3041493f50fbcc45ebc3bad7edab4bad774a5dca2b91bec8af0", "ts": 1785720803.931963, "type": "deliver"}
{"from": "f08474af8ab0926587a2475f38484edb316eecc339239614a2d1eff9ccd01800", "height": 10, "msg_type": "PREVOTE", "node": "4600e7073edcf35149235c417b55aed016ffc4133b445b7a44f86e142a6010ae", "ts": 1785720803.931978, "type": "deliver"}
{"from": "f08474af8ab0926587a2475f38484edb316eecc339239614a2d1eff9ccd01800", "height": 10, "msg_type": "PREVOTE", "node": "967fe6e8b6c8221a582c62797d0002f17eee1c8d34def67da5ac8c9fb33b7fd4", "ts": 1785720803.931999, "type": "deliver"}
{"from": "f08474af8ab0926587a2475f38484edb316eecc339239614a2d1eff9ccd01800", "height": 10, "msg_type": "PREVOTE", "node": "c8568c45b20b7a1b9e0f4a5dadd1987eb3d6007e239fc9dd224eeb47b71799cf", "ts": 1785720803.932014, "type": "deliver"}
{"from": "f08474af8ab0926587a2475f38484edb316eecc339239614a2d1eff9ccd01800", "height": 10, "msg_type": "PREVOTE", "node": "f22393e0df7ce07fe1b9a4b8647ed82c1e636f80a5b858638dba3ccf3f416959", "ts": 1785720803.932029, "type": "deliver"}
{"from": "f22393e0df7ce07fe1b9a4b8647ed82c1e636f80a5b858638dba3ccf3f416959", "height": 10, "msg_type": "PREVOTE", "node": "0772af86d70664e325e22546e3fe7a4c6b82feefae381b62cab85b230fb21719", "ts": 1785720803.932044, "type": "deliver"}
{"from": "f22393e0df7ce07fe1b9a4b8647ed82c1e636f80a5b858638dba3ccf3f416959", "height": 10, "msg_type": "PREVOTE", "node": "13756c2a50bf937f4229883f98ab0b11b0562401f6976befce154a83a086793f", "ts": 1785720803.932059, "type": "deliver"}
{"from": "f22393e0df7ce07fe1b9a4b8647ed82c1e636f80a5b858638dba3ccf3f416959", "height": 10, "msg_type": "PREVOTE", "node": "3fde868ea6caf3041493f50fbcc45ebc3bad7edab4bad774a5dca2b91bec8af0", "ts": 1785720803.932073, "type": "deliver"}
{"from": "f22393e0df7ce07fe1b9a4b8647ed82c1e636f80a5b858638dba3ccf3f416959", "height": 10, "msg_type": "PREVOTE", "node": "4600e7073edcf35149235c417b55aed016ffc4133b445b7a44f86e142a6010ae", "ts": 1785720803.932087, "type": "deliver"}
{"from": "f22393e0df7ce07fe1b9a4b8647ed82c1e636f80a5b858638dba3ccf3f416959", "height": 10, "msg_type": "PREVOTE", "node": "967fe6e8b6c8221a582c62797d0002f17eee1c8d34def67da5ac8c9fb33b7fd4", "ts": 1785720803.932102, "type": "deliver"}
{"from": "f22393e0df7ce07fe1b9a4b8647ed82c1e636f80a5b858638dba3ccf3f416959", "height": 10, "msg_type": "PREVOTE", "node": "c8568c45b20b7a1b9e0f4a5dadd1987eb3d6007e239fc9dd224eeb47b71799cf", "ts": 1785720803.932117, "type": "deliver"}
{"from": "f22393e0df7ce07fe1b9a4b8647ed82c1e636f80a5b858638dba3ccf3f416959", "height": 10, "msg_type": "PREVOTE", "node": "f08474af8ab0926587a2475f38484edb316eecc339239614a2d1eff9ccd01800", "ts": 1785720803.932132, "type": "deliver"}
{"delay": 0.02, "height": 10, "msg_type": "PRECOMMIT", "node": "13756c2a50bf937f4229883f98ab0b11b0562401f6976befce154a83a086793f", "to": "0772af86d70664e325e22546e3fe7a4c6b82feefae381b62cab85b230fb21719", "ts": 1785720803.933617, "type": "send"}
{"delay": 0.02, "height": 10, "msg_type": "PRECOMMIT", "node": "13756c2a50bf937f4229883f98ab0b11b0562401f6976befce154a83a086793f", "to": "3fde868ea6caf3041493f50fbcc45ebc3bad7edab4bad774a5dca2b91bec8af0", "ts": 1785720803.933656, "type": "send"}
{"delay": 0.02, "height": 10, "msg_type": "PRECOMMIT", "node": "13756c2a50bf937f4229883f98ab0b11b0562401f6976befce154a83a086793f", "to": "4600e7073edcf35149235c417b55aed016ffc4133b445b7a44f86e142a6010ae", "ts": 1785720803.933676, "type": "send"}
{"delay": 0.02, "height": 10, "msg_type": "PRECOMMIT", "node": "13756c2a50bf937f4229883f98ab0b11b0562401f6976befce154a83a086793f", "to": "967fe6e8b6c8221a582c62797d0002f17eee1c8d34def67da5ac8c9fb33b7fd4", "ts": 1785720803.933693, "type": "send"}
{"delay": 0.02, "height": 10, "msg_type": "PRECOMMIT", "node": "13756c2a50bf937f4229883f98ab0b11b0562401f6976befce154a83a086793f", "to": "c8568c45b20b7a1b9e0f4a5dadd1987eb3d6007e239fc9dd224eeb47b71799cf", "ts": 1785720803.933709, "type": "send"}
{"delay": 0.02, "height": 10, "msg_type": "PRECOMMIT", "node": "13756c2a50bf937f4229883f98ab0b11b0562401f6976befce154a83a086793f", "to": "f08474af8ab0926587a2475f38484edb316eecc339239614a2d1eff9ccd01800", "ts": 1785720803.933725, "type": "send"}
{"delay": 0.02, "height": 10, "msg_type": "PRECOMMIT", "node": "13756c2a50bf937f4229883f98ab0b11b0562401f6976befce154a83a086793f", "to": "f22393e0df7ce07fe1b9a4b8647ed82c1e636f80a5b858638dba3ccf3f416959", "ts": 1785720803.933747, "type": "send"}
{"delay": 0.02, "height": 10, "msg_type": "PRECOMMIT", "node": "3fde868ea6caf3041493f50fbcc45ebc3bad7edab4bad774a5dca2b91bec8af0", "to": "0772af86d70664e325e22546e3fe7a4c6b82feefae381b62cab85b230fb21719", "ts": 1785720803.93605, "type": "send"}
{"delay": 0.02, "height": 10, "msg_type": "PRECOMMIT", "node": "3fde868ea6caf3041493f50fbcc45ebc3bad7edab4bad774a5dca2b91bec8af0", "to": "13756c2a50bf937f4229883f98ab0b11b0562401f6976befce154a83a086793f", "ts": 1785720803.936071, "type": "send"}
{"delay": 0.02, "height": 10, "msg_type": "PRECOMMIT", "node": "3fde868ea6caf3041493f50fbcc45ebc3bad7edab4bad774a5dca2b91bec8af0", "to": "4600e7073edcf35149235c417b55aed016ffc4133b445b7a44f86e142a6010ae", "ts": 1785720803.936085, "type": "send"}
{"delay": 0.02, "height": 10, "msg_type": "PRECOMMIT", "node": "3fde868ea6caf3041493f50fbcc45ebc3bad7edab4bad774a5dca2b91bec8af0", "to": "967fe6e8b6c8221a582c62797d0002f17eee1c8d34def67da5ac8c9fb33b7fd4", "ts": 1785720803.936095, "type": "send"}
{"delay": 0.02, "height": 10, "msg_type": "PRECOMMIT", "node": "3fde868ea6caf3041493f50fbcc45ebc3bad7edab4bad774a5dca2b91bec8af0", "to": "c8568c45b20b7a1b9e0f4a5dadd1987eb3d6007e239fc9dd224eeb47b71799cf", "ts": 1785720803.936105, "type": "send"}
{"delay": 0.02, "height": 10, "msg_type": "PRECOMMIT", "node": "3fde868ea6caf3041493f50fbcc45ebc3bad7edab4bad774a5dca2b91bec8af0", "to": "f08474af8ab0926587a2475f38484edb316eecc339239614a2d1eff9ccd01800", "ts": 1785720803.936114, "type": "send"}
{"delay": 0.02, "height": 10, "msg_type": "PRECOMMIT", "node": "3fde868ea6caf3041493f50fbcc45ebc3bad7edab4bad774a5dca2b91bec8af0", "to": "f22393e0df7ce07fe1b9a4b8647ed82c1e636f80a5b858638dba3ccf3f416959", "ts": 1785720803.936123, "type": "send"}
{"delay": 0.02, "height": 10, "msg_type": "PRECOMMIT", "node": "4600e7073edcf35149235c417b55aed016ffc4133b445b7a44f86e142a6010ae", "to": "0772af86d70664e325e22546e3fe7a4c6b82feefae381b62cab85b230fb21719", "ts": 1785720803.937566, "type": "send"}
{"delay": 0.02, "height": 10, "msg_type": "PRECOMMIT", "node": "4600e7073edcf35149235c417b55aed016ffc4133b445b7a44f86e142a6010ae", "to": "13756c2a50bf937f4229883f98ab0b11b0562401f6976befce154a83a086793f", "ts": 1785720803.937584, "type": "send"}
{"delay": 0.02, "height": 10, "msg_type": "PRECOMMIT", "node": "4600e7073edcf35149235c417b55aed016ffc4133b445b7a44f86e142a6010ae", "to": "3fde868ea6caf3041493f50fbcc45ebc3bad7edab4bad774a5dca2b91bec8af0", "ts": 1785720803.937595, "type": "send"}
{"delay": 0.02, "height": 10, "msg_type": "PRECOMMIT", "node": "4600e7073edcf35149235c417b55aed016ffc4133b445b7a44f86e142a6010ae", "to": "967fe6e8b6c8221a582c62797d0002f17eee1c8d34def67da5ac8c9fb33b7fd4", "ts": 1785720803.937605, "type": "send"}
{"delay": 0.02, "height": 10, "msg_type": "PRECOMMIT", "node": "4600e7073edcf35149235c417b55aed016ffc4133b445b7a44f86e142a6010ae", "to": "c8568c45b20b7a1b9e0f4a5dadd1987eb3d6007e239fc9dd224eeb47b71799cf", "ts": 1785720803.937614, "type": "send"}
{"delay": 0.02, "height": 10, "msg_type": "PRECOMMIT", "node": "4600e7073edcf35149235c417b55aed016ffc4133b445b7a44f86e142a6010ae", "to": "f08474af8ab0926587a2475f38484edb316eecc339239614a2d1eff9ccd01800", "ts": 1785720803.937635, "type": "send"}
{"delay": 0.02, "height": 10, "msg_type": "PRECOMMIT", "node": "4600e7073edcf35149235c417b55aed016ffc4133b445b7a44f86e142a6010ae", "to": "f22393e0df7ce07fe1b9a4b8647ed82c1e636f80a5b858638dba3ccf3f416959", "ts": 1785720803.937647, "type": "send"}
{"delay": 0.02, "height": 10, "msg_type": "PRECOMMIT", "node": "967fe6e8b6c8221a582c62797d0002f17eee1c8d34def67da5ac8c9fb33b7fd4", "to": "0772af86d70664e325e22546e3fe7a4c6b82feefae381b62cab85b230fb21719", "ts": 1785720803.939081, "type": "send"}
{"delay": 0.02, "height": 10, "msg_type": "PRECOMMIT", "node": "967fe6e8b6c8221a582c62797d0002f17eee1c8d34def67da5ac8c9fb33b7fd4", "to": "13756c2a50bf937f4229883f98ab0b11b0562401f6976befce154a83a086793f", "ts": 1785720803.939097, "type": "send"}
{"delay": 0.02, "height": 10, "msg_type": "PRECOMMIT", "node": "967fe6e8b6c8221a582c62797d0002f17eee1c8d34def67da5ac8c9fb33b7fd4", "to": "3fde868ea6caf3041493f50fbcc45ebc3bad7edab4bad774a5dca2b91bec8af0", "ts": 1785720803.939108, "type": "send"}
{"delay": 0.02, "height": 10, "msg_type": "PRECOMMIT", "node": "967fe6e8b6c8221a582c62797d0002f17eee1c8d34def67da5ac8c9fb33b7fd4", "to": "4600e7073edcf35149235c417b55aed016ffc4133b445b7a44f86e142a6010ae", "ts": 1785720803.939117, "type": "send"}
{"delay": 0.02, "height": 10, "msg_type": "PRECOMMIT", "node": "967fe6e8b6c8221a582c62797d0002f17eee1c8d34def67da5ac8c9fb33b7fd4", "to": "c8568c45b20b7a1b9e0f4a5dadd1987eb3d6007e239fc9dd224eeb47b71799cf", "ts": 1785720803.939126, "type": "send"}
{"delay": 0.02, "height": 10, "msg_type": "PRECOMMIT", "node": "967fe6e8b6c8221a582c62797d0002f17eee1c8d34def67da5ac8c9fb33b7fd4", "to": "f08474af8ab0926587a2475f38484edb316eecc339239614a2d1eff9ccd01800", "ts": 1785720803.939136, "type": "send"}
{"delay": 0.02, "height": 10, "msg_type": "PRECOMMIT", "node": "967fe6e8b6c8221a582c62797d0002f17eee1c8d34def67da5ac8c9fb33b7fd4", "to": "f22393e0df7ce07fe1b9a4b8647ed82c1e636f80a5b858638dba3ccf3f416959", "ts": 1785720803.939145, "type": "send"}
{"delay": 0.02, "height": 10, "msg_type": "PRECOMMIT", "node": "c8568c45b20b7a1b9e0f4a5dadd1987eb3d6007e239fc9dd224eeb47b71799cf", "to": "0772af86d70664e325e22546e3fe7a4c6b82feefae381b62cab85b230fb21719", "ts": 1785720803.940571, "type": "send"}
{"delay": 0.02, "height": 10, "msg_type": "PRECOMMIT", "node": "c8568c45b20b7a1b9e0f4a5dadd1987eb3d6007e239fc9dd224eeb47b71799cf", "to": "13756c2a50bf937f4229883f98ab0b11b0562401f6976befce154a83a086793f", "ts": 1785720803.940588, "type": "send"}
{"delay": 0.02, "height": 10, "msg_type": "PRECOMMIT", "node": "c8568c45b20b7a1b9e0f4a5dadd1987eb3d6007e239fc9dd224eeb47b71799cf", "to": "3fde868ea6caf3041493f50fbcc45ebc3bad7edab4bad774a5dca2b91bec8af0", "ts": 1785720803.940598, "type": "send"}
{"delay": 0.02, "height": 10, "msg_type": "PRECOMMIT", "node": "c8568c45b20b7a1b9e0f4a5dadd1987eb3d6007e239fc9dd224eeb47b71799cf", "to": "4600e7073edcf35149235c417b55aed016ffc4133b445b7a44f86e142a6010ae", "ts": 1785720803.940608, "type": "send"}
{"delay": 0.02, "height": 10, "msg_type": "PRECOMMIT", "node": "c8568c45b20b7a1b9e0f4a5dadd1987eb3d6007e239fc9dd224eeb47b71799cf", "to": "967fe6e8b6c8221a582c62797d0002f17eee1c8d34def67da5ac8c9fb33b7fd4", "ts": 1785720803.940618, "type": "send"}
{"delay": 0.02, "height": 10, "msg_type": "PRECOMMIT", "node": "c8568c45b20b7a1b9e0f4a5dadd1987eb3d6007e239fc9dd224eeb47b71799cf", "to": "f08474af8ab0926587a2475f38484edb316eecc339239614a2d1eff9ccd01800", "ts": 1785720803.94064, "type": "send"}
{"delay": 0.02, "height": 10, "msg_type": "PRECOMMIT", "node": "c8568c45b20b7a1b9e0f4a5dadd1987eb3d6007e239fc9dd224eeb47b71799cf", "to": "f22393e0df7ce07fe1b9a4b8647ed82c1e636f80a5b858638dba3ccf3f416959", "ts": 1785720803.94065, "type": "send"}
{"delay": 0.02, "height": 10, "msg_type": "PRECOMMIT", "node": "f08474af8ab0926587a2475f38484edb316eecc339239614a2d1eff9ccd01800", "to": "0772af86d70664e325e22546e3fe7a4c6b82feefae381b62cab85b230fb21719", "ts": 1785720803.942081, "type": "send"}
{"delay": 0.02, "height": 10, "msg_type": "PRECOMMIT", "node": "f08474af8ab0926587a2475f38484edb316eecc339239614a2d1eff9ccd01800", "to": "13756c2a50bf937f4229883f98ab0b11b0562401f6976befce154a83a086793f", "ts": 1785720803.942098, "type": "send"}
{"delay": 0.02, "height": 10, "msg_type": "PRECOMMIT", "node": "f08474af8ab0926587a2475f38484edb316eecc339239614a2d1eff9ccd01800", "to": "3fde868ea6caf3041493f50fbcc45ebc3bad7edab4bad774a5dca2b91bec8af0", "ts": 1785720803.942114, "type": "send"}
{"delay": 0.02, "height": 10, "msg_type": "PRECOMMIT", "node": "f08474af8ab0926587a2475f38484edb316eecc339239614a2d1eff9ccd01800", "to": "4600e7073edcf35149235c417b55aed016ffc4133b445b7a44f86e142a6010ae", "ts": 1785720803.942132, "type": "send"}
{"delay": 0.02, "height": 10, "msg_type": "PRECOMMIT", "node": "f08474af8ab0926587a2475f38484edb316eecc339239614a2d1eff9ccd01800", "to": "967fe6e8b6c8221a582c62797d0002f17eee1c8d34def67da5ac8c9fb33b7fd4", "ts": 1785720803.94215, "type": "send"}
{"delay": 0.02, "height": 10, "msg_type": "PRECOMMIT", "node": "f08474af8ab0926587a2475f38484edb316eecc339239614a2d1eff9ccd01800", "to": "c8568c45b20b7a1b9e0f4a5dadd1987eb3d6007e239fc9dd224eeb47b71799cf", "ts": 1785720803.94217, "type": "send"}
{"delay": 0.02, "height": 10, "msg_type": "PRECOMMIT", "node": "f08474af8ab0926587a2475f38484edb316eecc339239614a2d1eff9ccd01800", "to": "f22393e0df7ce07fe1b9a4b8647ed82c1e636f80a5b858638dba3ccf3f416959", "ts": 1785720803.942183, "type": "send"}
{"delay": 0.02, "height": 10, "msg_type": "PRECOMMIT", "node": "f22393e0df7ce07fe1b9a4b8647ed82c1e636f80a5b858638dba3ccf3f416959", "to": "0772af86d70664e325e22546e3fe7a4c6b82feefae381b62cab85b230fb21719", "ts": 1785720803.943619, "type": "send"}
{"delay": 0.02, "height": 10, "msg_type": "PRECOMMIT", "node": "f22393e0df7ce07fe1b9a4b8647ed82c1e636f80a5b858638dba3ccf3f416959", "to": "13756c2a50bf937f4229883f98ab0b11b0562401f6976befce154a83a086793f", "ts": 1785720803.943645, "type": "send"}
{"delay": 0.02, "height": 10, "msg_type": "PRECOMMIT", "node": "f22393e0df7ce07fe1b9a4b8647ed82c1e636f80a5b858638dba3ccf3f416959", "to": "3fde868ea6caf3041493f50fbcc45ebc3bad7edab4bad774a5dca2b91bec8af0", "ts": 1785720803.943656, "type": "send"}
{"delay": 0.02, "height": 10, "msg_type": "PRECOMMIT", "node": "f22393e0df7ce07fe1b9a4b8647ed82c1e636f80a5b858638dba3ccf3f416959", "to": "4600e7073edcf35149235c417b55aed016ffc4133b445b7a44f86e142a6010ae", "ts": 1785720803.943666, "type": "send"}
{"delay": 0.02, "height": 10, "msg_type": "PRECOMMIT", "node": "f22393e0df7ce07fe1b9a4b8647ed82c1e636f80a5b858638dba3ccf3f416959", "to": "967fe6e8b6c8221a582c62797d0002f17eee1c8d34def67da5ac8c9fb33b7fd4", "ts": 1785720803.943675, "type": "send"}
{"delay": 0.02, "height": 10, "msg_type": "PRECOMMIT", "node": "f22393e0df7ce07fe1b9a4b8647ed82c1e636f80a5b858638dba3ccf3f416959", "to": "c8568c45b20b7a1b9e0f4a5dadd1987eb3d6007e239fc9dd224eeb47b71799cf", "ts": 1785720803.943684, "type": "send"}
{"delay": 0.02, "height": 10, "msg_type": "PRECOMMIT", "node": "f22393e0df7ce07fe1b9a4b8647ed82c1e636f80a5b858638dba3ccf3f416959", "to": "f08474af8ab0926587a2475f38484edb316eecc339239614a2d1eff9ccd01800", "ts": 1785720803.943693, "type": "send"}
{"delay": 0.02, "height": 10, "msg_type": "PRECOMMIT", "node": "0772af86d70664e325e22546e3fe7a4c6b82feefae381b62cab85b230fb21719", "to": "13756c2a50bf937f4229883f98ab0b11b0562401f6976befce154a83a086793f", "ts": 1785720803.945118, "type": "send"}
{"delay": 0.02, "height": 10, "msg_type": "PRECOMMIT", "node": "0772af86d70664e325e22546e3fe7a4c6b82feefae381b62cab85b230fb21719", "to": "3fde868ea6caf3041493f50fbcc45ebc3bad7edab4bad774a5dca2b91bec8af0", "ts": 1785720803.945134, "type": "send"}
{"delay": 0.02, "height": 10, "msg_type": "PRECOMMIT", "node": "0772af86d70664e325e22546e3fe7a4c6b82feefae381b62cab85b230fb21719", "to": "4600e7073edcf35149235c417b55aed016ffc4133b445b7a44f86e142a6010ae", "ts": 1785720803.945144, "type": "send"}
{"delay": 0.02, "height": 10, "msg_type": "PRECOMMIT", "node": "0772af86d70664e325e22546e3fe7a4c6b82feefae381b62cab85b230fb21719", "to": "967fe6e8b6c8221a582c62797d0002f17eee1c8d34def67da5ac8c9fb33b7fd4", "ts": 1785720803.945154, "type": "send"}
{"delay": 0.02, "height": 10, "msg_type": "PRECOMMIT", "node": "0772af86d70664e325e22546e3fe7a4c6b82feefae381b62cab85b230fb21719", "to": "c8568c45b20b7a1b9e0f4a5dadd1987eb3d6007e239fc9dd224eeb47b71799cf", "ts": 1785720803.945163, "type": "send"}
{"delay": 0.02, "height": 10, "msg_type": "PRECOMMIT", "node": "0772af86d70664e325e22546e3fe7a4c6b82feefae381b62cab85b230fb21719", "to": "f08474af8ab0926587a2475f38484edb316eecc339239614a2d1eff9ccd01800", "ts": 1785720803.945172, "type": "send"}
{"delay": 0.02, "height": 10, "msg_type": "PRECOMMIT", "node": "0772af86d70664e325e22546e3fe7a4c6b82feefae381b62cab85b230fb21719", "to": "f22393e0df7ce07fe1b9a4b8647ed82c1e636f80a5b858638dba3ccf3f416959", "ts": 1785720803.945185, "type": "send"}
{"from": "13756c2a50bf937f4229883f98ab0b11b0562401f6976befce154a83a086793f", "height": 10, "msg_type": "PRECOMMIT", "node": "0772af86d70664e325e22546e3fe7a4c6b82feefae381b62cab85b230fb21719", "ts": 1785720803.977433, "type": "deliver"}
{"from": "13756c2a50bf937f4229883f98ab0b11b0562401f6976befce154a83a086793f", "height": 10, "msg_type": "PRECOMMIT", "node": "3fde868ea6caf3041493f50fbcc45ebc3bad7edab4bad774a5dca2b91bec8af0", "ts": 1785720803.977463, "type": "deliver"}
{"from": "13756c2a50bf937f4229883f98ab0b11b0562401f6976befce154a83a086793f", "height": 10, "msg_type": "PRECOMMIT", "node": "4600e7073edcf35149235c417b55aed016ffc4133b445b7a44f86e142a6010ae", "ts": 1785720803.977478, "type": "deliver"}
{"from": "13756c2a50bf937f4229883f98ab0b11b0562401f6976befce154a83a086793f", "height": 10, "msg_type": "PRECOMMIT", "node": "967fe6e8b6c8221a582c62797d0002f17eee1c8d34def67da5ac8c9fb33b7fd4", "ts": 1785720803.977491, "type": "deliver"}
{"from": "13756c2a50bf937f4229883f98ab0b11b0562401f6976befce154a83a086793f", "height": 10, "msg_type": "PRECOMMIT", "node": "c8568c45b20b7a1b9e0f4a5dadd1987eb3d6007e239fc9dd224eeb47b71799cf", "ts": 1785720803.977504, "type": "deliver"}
{"from": "13756c2a50bf937f4229883f98ab0b11b0562401f6976befce154a83a086793f", "height": 10, "msg_type": "PRECOMMIT", "node": "f08474af8ab0926587a2475f38484edb316eecc339239614a2d1eff9ccd01800", "ts": 1785720803.977516, "type": "deliver"}
{"from": "13756c2a50bf937f4229883f98ab0b11b0562401f6976befce154a83a086793f", "height": 10, "msg_type": "PRECOMMIT", "node": "f22393e0df7ce07fe1b9a4b8647ed82c1e636f80a5b858638dba3ccf3f416959", "ts": 1785720803.977529, "type": "deliver"}
{"from": "3fde868ea6caf3041493f50fbcc45ebc3bad7edab4bad774a5dca2b91bec8af0", "height": 10, "msg_type": "PRECOMMIT", "node": "0772af86d70664e325e22546e3fe7a4c6b82feefae381b62cab85b230fb21719", "ts": 1785720803.977541, "type": "deliver"}
{"from": "3fde868ea6caf3041493f50fbcc45ebc3bad7edab4bad774a5dca2b91bec8af0", "height": 10, "msg_type": "PRECOMMIT", "node": "13756c2a50bf937f4229883f98ab0b11b0562401f6976befce154a83a086793f", "ts": 1785720803.977551, "type": "deliver"}
{"from": "3fde868ea6caf3041493f50fbcc45ebc3bad7edab4bad774a5dca2b91bec8af0", "height": 10, "msg_type": "PRECOMMIT", "node": "4600e7073edcf35149235c417b55aed016ffc4133b445b7a44f86e142a6010ae", "ts": 1785720803.977564, "type": "deliver"}
{"from": "3fde868ea6caf3041493f50fbcc45ebc3bad7edab4bad774a5dca2b91bec8af0", "height": 10, "msg_type": "PRECOMMIT", "node": "967fe6e8b6c8221a582c62797d0002f17eee1c8d34def67da5ac8c9fb33b7fd4", "ts": 1785720803.977582, "type": "deliver"}
{"from": "3fde868ea6caf3041493f50fbcc45ebc3bad7edab4bad774a5dca2b91bec8af0", "height": 10, "msg_type": "PRECOMMIT", "node": "c8568c45b20b7a1b9e0f4a5dadd1987eb3d6007e239fc9dd224eeb47b71799cf", "ts": 1785720803.977592, "type": "deliver"}
{"from": "3fde868ea6caf3041493f50fbcc45ebc3bad7edab4bad774a5dca2b91bec8af0", "height": 10, "msg_type": "PRECOMMIT", "node": "f08474af8ab0926587a2475f38484edb316eecc339239614a2d1eff9ccd01800", "ts": 1785720803.977601, "type": "deliver"}
{"from": "3fde868ea6caf3041493f50fbcc45ebc3bad7edab4bad774a5dca2b91bec8af0", "height": 10, "msg_type": "PRECOMMIT", "node": "f22393e0df7ce07fe1b9a4b8647ed82c1e636f80a5b858638dba3ccf3f416959", "ts": 1785720803.97761, "type": "deliver"}
{"from": "4600e7073edcf35149235c417b55aed016ffc4133b445b7a44f86e142a6010ae", "height": 10, "msg_type": "PRECOMMIT", "node": "0772af86d70664e325e22546e3fe7a4c6b82feefae381b62cab85b230fb21719", "ts": 1785720803.977619, "type": "deliver"}
{"from": "4600e7073edcf35149235c417b55aed016ffc4133b445b7a44f86e142a6010ae", "height": 10, "msg_type": "PRECOMMIT", "node": "13756c2a50bf937f4229883f98ab0b11b0562401f6976befce154a83a086793f", "ts": 1785720803.977629, "type": "deliver"}
{"from": "4600e7073edcf35149235c417b55aed016ffc4133b445b7a44f86e142a6010ae", "height": 10, "msg_type": "PRECOMMIT", "node": "3fde868ea6caf3041493f50fbcc45ebc3bad7edab4bad774a5dca2b91bec8af0", "ts": 1785720803.977656, "type": "deliver"}
{"from": "4600e7073edcf35149235c417b55aed016ffc4133b445b7a44f86e142a6010ae", "height": 10, "msg_type": "PRECOMMIT", "node": "967fe6e8b6c8221a582c62797d0002f17eee1c8d34def67da5ac8c9fb33b7fd4", "ts": 1785720803.977672, "type": "deliver"}
{"from": "4600e7073edcf35149235c417b55aed016ffc4133b445b7a44f86e142a6010ae", "height": 10, "msg_type": "PRECOMMIT", "node": "c8568c45b20b7a1b9e0f4a5dadd1987eb3d6007e239fc9dd224eeb47b71799cf", "ts": 1785720803.977682, "type": "deliver"}
{"from": "4600e7073edcf35149235c417b55aed016ffc4133b445b7a44f86e142a6010ae", "height": 10, "msg_type": "PRECOMMIT", "node": "f08474af8ab0926587a2475f38484edb316eecc339239614a2d1eff9ccd01800", "ts": 1785720803.977692, "type": "deliver"}
{"from": "4600e7073edcf35149235c417b55aed016ffc4133b445b7a44f86e142a6010ae", "height": 10, "msg_type": "PRECOMMIT", "node": "f22393e0df7ce07fe1b9a4b8647ed82c1e636f80a5b858638dba3ccf3f416959", "ts": 1785720803.977714, "type": "deliver"}
{"from": "967fe6e8b6c8221a582c62797d0002f17eee1c8d34def67da5ac8c9fb33b7fd4", "height": 10, "msg_type": "PRECOMMIT", "node": "0772af86d70664e325e22546e3fe7a4c6b82feefae381b62cab85b230fb21719", "ts": 1785720803.977724, "type": "deliver"}
{"from": "967fe6e8b6c8221a582c62797d0002f17eee1c8d34def67da5ac8c9fb33b7fd4", "height": 10, "msg_type": "PRECOMMIT", "node": "13756c2a50bf937f4229883f98ab0b11b0562401f6976befce154a83a086793f", "ts": 1785720803.977736, "type": "deliver"}
{"from": "967fe6e8b6c8221a582c62797d0002f17eee1c8d34def67da5ac8c9fb33b7fd4", "height": 10, "msg_type": "PRECOMMIT", "node": "3fde868ea6caf3041493f50fbcc45ebc3bad7edab4bad774a5dca2b91bec8af0", "ts": 1785720803.977746, "type": "deliver"}
{"from": "967fe6e8b6c8221a582c62797d0002f17eee1c8d34def67da5ac8c9fb33b7fd4", "height": 10, "msg_type": "PRECOMMIT", "node": "4600e7073edcf35149235c417b55aed016ffc4133b445b7a44f86e142a6010ae", "ts": 1785720803.977756, "type": "deliver"}
{"from": "967fe6e8b6c8221a582c62797d0002f17eee1c8d34def67da5ac8c9fb33b7fd4", "height": 10, "msg_type": "PRECOMMIT", "node": "c8568c45b20b7a1b9e0f4a5dadd1987eb3d6007e239fc9dd224eeb47b71799cf", "ts": 1785720803.977765, "type": "deliver"}
{"from": "967fe6e8b6c8221a582c62797d0002f17eee1c8d34def67da5ac8c9fb33b7fd4", "height": 10, "msg_type": "PRECOMMIT", "node": "f08474af8ab0926587a2475f38484edb316eecc339239614a2d1eff9ccd01800", "ts": 1785720803.977775, "type": "deliver"}
{"from": "967fe6e8b6c8221a582c62797d0002f17eee1c8d34def67da5ac8c9fb33b7fd4", "height": 10, "msg_type": "PRECOMMIT", "node": "f22393e0df7ce07fe1b9a4b8647ed82c1e636f80a5b858638dba3ccf3f416959", "ts": 1785720803.977784, "type": "deliver"}
{"from": "c8568c45b20b7a1b9e0f4a5dadd1987eb3d6007e239fc9dd224eeb47b71799cf", "height": 10, "msg_type": "PRECOMMIT", "node": "0772af86d70664e325e22546e3fe7a4c6b82feefae381b62cab85b230fb21719", "ts": 1785720803.977793, "type": "deliver"}
{"from": "c8568c45b20b7a1b9e0f4a5dadd1987eb3d6007e239fc9dd224eeb47b71799cf", "height": 10, "msg_type": "PRECOMMIT", "node": "13756c2a50bf937f4229883f98ab0b11b0562401f6976befce154a83a086793f", "ts": 1785720803.977803, "type": "deliver"}
{"from": "c8568c45b20b7a1b9e0f4a5dadd1987eb3d6007e239fc9dd224eeb47b71799cf", "height": 10, "msg_type": "PRECOMMIT", "node": "3fde868ea6caf3041493f50fbcc45ebc3bad7edab4bad774a5dca2b91bec8af0", "ts": 1785720803.977812, "type": "deliver"}
{"from": "c8568c45b20b7a1b9e0f4a5dadd1987eb3d6007e239fc9dd224eeb47b71799cf", "height": 10, "msg_type": "PRECOMMIT", "node": "4600e7073edcf35149235c417b55aed016ffc4133b445b7a44f86e142a6010ae", "ts": 1785720803.977822, "type": "deliver"}
{"from": "c8568c45b20b7a1b9e0f4a5dadd1987eb3d6007e239fc9dd224eeb47b71799cf", "height": 10, "msg_type": "PRECOMMIT", "node": "967fe6e8b6c8221a582c62797d0002f17eee1c8d34def67da5ac8c9fb33b7fd4", "ts": 1785720803.977831, "type": "deliver"}
{"from": "c8568c45b20b7a1b9e0f4a5dadd1987eb3d6007e239fc9dd224eeb47b71799cf", "height": 10, "msg_type": "PRECOMMIT", "node": "f08474af8ab0926587a2475f38484edb316eecc339239614a2d1eff9ccd01800", "ts": 1785720803.97784, "type": "deliver"}
{"from": "c8568c45b20b7a1b9e0f4a5dadd1987eb3d6007e239fc9dd224eeb47b71799cf", "height": 10, "msg_type": "PRECOMMIT", "node": "f22393e0df7ce07fe1b9a4b8647ed82c1e636f80a5b858638dba3ccf3f416959", "ts": 1785720803.977849, "type": "deliver"}
{"from": "f08474af8ab0926587a2475f38484edb316eecc339239614a2d1eff9ccd01800", "height": 10, "msg_type": "PRECOMMIT", "node": "0772af86d70664e325e22546e3fe7a4c6b82feefae381b62cab85b230fb21719", "ts": 1785720803.977859, "type": "deliver"}
{"from": "f08474af8ab0926587a2475f38484edb316eecc339239614a2d1eff9ccd01800", "height": 10, "msg_type": "PRECOMMIT", "node": "13756c2a50bf937f4229883f98ab0b11b0562401f6976befce154a83a086793f", "ts": 1785720803.977868, "type": "deliver"}
{"from": "f08474af8ab0926587a2475f38484edb316eecc339239614a2d1eff9ccd01800", "height": 10, "msg_type": "PRECOMMIT", "node": "3fde868ea6caf3041493f50fbcc45ebc3bad7edab4bad774a5dca2b91bec8af0", "ts": 1785720803.977878, "type": "deliver"}
{"from": "f08474af8ab0926587a2475f38484edb316eecc339239614a2d1eff9ccd01800", "height": 10, "msg_type": "PRECOMMIT", "node": "4600e7073edcf35149235c417b55aed016ffc4133b445b7a44f86e142a6010ae", "ts": 1785720803.977887, "type": "deliver"}
{"from": "f08474af8ab0926587a2475f38484edb316eecc339239614a2d1eff9ccd01800", "height": 10, "msg_type": "PRECOMMIT", "node": "967fe6e8b6c8221a582c62797d0002f17eee1c8d34def67da5ac8c9fb33b7fd4", "ts": 1785720803.977896, "type": "deliver"}
{"from": "f08474af8ab0926587a2475f38484edb316eecc339239614a2d1eff9ccd01800", "height": 10, "msg_type": "PRECOMMIT", "node": "c8568c45b20b7a1b9e0f4a5dadd1987eb3d6007e239fc9dd224eeb47b71799cf", "ts": 1785720803.977905, "type": "deliver"}
{"from": "f08474af8ab0926587a2475f38484edb316eecc339239614a2d1eff9ccd01800", "height": 10, "msg_type": "PRECOMMIT", "node": "f22393e0df7ce07fe1b9a4b8647ed82c1e636f80a5b858638dba3ccf3f416959", "ts": 1785720803.977914, "type": "deliver"}
{"from": "f22393e0df7ce07fe1b9a4b8647ed82c1e636f80a5b858638dba3ccf3f416959", "height": 10, "msg_type": "PRECOMMIT", "node": "0772af86d70664e325e22546e3fe7a4c6b82feefae381b62cab85b230fb21719", "ts": 1785720803.977928, "type": "deliver"}
{"from": "f22393e0df7ce07fe1b9a4b8647ed82c1e636f80a5b858638dba3ccf3f416959", "height": 10, "msg_type": "PRECOMMIT", "node": "13756c2a50bf937f4229883f98ab0b11b0562401f6976befce154a83a086793f", "ts": 1785720803.977937, "type": "deliver"}
{"from": "f22393e0df7ce07fe1b9a4b8647ed82c1e636f80a5b858638dba3ccf3f416959", "height": 10, "msg_type": "PRECOMMIT", "node": "3fde868ea6caf3041493f50fbcc45ebc3bad7edab4bad774a5dca2b91bec8af0", "ts": 1785720803.977947, "type": "deliver"}
{"from": "f22393e0df7ce07fe1b9a4b8647ed82c1e636f80a5b858638dba3ccf3f416959", "height": 10, "msg_type": "PRECOMMIT", "node": "4600e7073edcf35149235c417b55aed016ffc4133b445b7a44f86e142a6010ae", "ts": 1785720803.977956, "type": "deliver"}
{"from": "f22393e0df7ce07fe1b9a4b8647ed82c1e636f80a5b858638dba3ccf3f416959", "height": 10, "msg_type": "PRECOMMIT", "node": "967fe6e8b6c8221a582c62797d0002f17eee1c8d34def67da5ac8c9fb33b7fd4", "ts": 1785720803.977965, "type": "deliver"}
{"from": "f22393e0df7ce07fe1b9a4b8647ed82c1e636f80a5b858638dba3ccf3f416959", "height": 10, "msg_type": "PRECOMMIT", "node": "c8568c45b20b7a1b9e0f4a5dadd1987eb3d6007e239fc9dd224eeb47b71799cf", "ts": 1785720803.977974, "type": "deliver"}
{"from": "f22393e0df7ce07fe1b9a4b8647ed82c1e636f80a5b858638dba3ccf3f416959", "height": 10, "msg_type": "PRECOMMIT", "node": "f08474af8ab0926587a2475f38484edb316eecc339239614a2d1eff9ccd01800", "ts": 1785720803.977983, "type": "deliver"}
{"from": "0772af86d70664e325e22546e3fe7a4c6b82feefae381b62cab85b230fb21719", "height": 10, "msg_type": "PRECOMMIT", "node": "13756c2a50bf937f4229883f98ab0b11b0562401f6976befce154a83a086793f", "ts": 1785720803.977993, "type": "deliver"}
{"from": "0772af86d70664e325e22546e3fe7a4c6b82feefae381b62cab85b230fb21719", "height": 10, "msg_type": "PRECOMMIT", "node": "3fde868ea6caf3041493f50fbcc45ebc3bad7edab4bad774a5dca2b91bec8af0", "ts": 1785720803.978002, "type": "deliver"}
{"from": "0772af86d70664e325e22546e3fe7a4c6b82feefae381b62cab85b230fb21719", "height": 10, "msg_type": "PRECOMMIT", "node": "4600e7073edcf35149235c417b55aed016ffc4133b445b7a44f86e142a6010ae", "ts": 1785720803.978011, "type": "deliver"}
{"from": "0772af86d70664e325e22546e3fe7a4c6b82feefae381b62cab85b230fb21719", "height": 10, "msg_type": "PRECOMMIT", "node": "967fe6e8b6c8221a582c62797d0002f17eee1c8d34def67da5ac8c9fb33b7fd4", "ts": 1785720803.978022, "type": "deliver"}
{"from": "0772af86d70664e325e22546e3fe7a4c6b82feefae381b62cab85b230fb21719", "height": 10, "msg_type": "PRECOMMIT", "node": "c8568c45b20b7a1b9e0f4a5dadd1987eb3d6007e239fc9dd224eeb47b71799cf", "ts": 1785720803.978031, "type": "deliver"}
{"from": "0772af86d70664e325e22546e3fe7a4c6b82feefae381b62cab85b230fb21719", "height": 10, "msg_type": "PRECOMMIT", "node": "f08474af8ab0926587a2475f38484edb316eecc339239614a2d1eff9ccd01800", "ts": 1785720803.97804, "type": "deliver"}
{"from": "0772af86d70664e325e22546e3fe7a4c6b82feefae381b62cab85b230fb21719", "height": 10, "msg_type": "PRECOMMIT", "node": "f22393e0df7ce07fe1b9a4b8647ed82c1e636f80a5b858638dba3ccf3f416959", "ts": 1785720803.978049, "type": "deliver"}
{"delay": 0.02, "height": 11, "msg_type": "PROPOSAL", "node": "4600e7073edcf35149235c417b55aed016ffc4133b445b7a44f86e142a6010ae", "to": "0772af86d70664e325e22546e3fe7a4c6b82feefae381b62cab85b230fb21719", "ts": 1785720803.981424, "type": "send"}
{"delay": 0.02, "height": 11, "msg_type": "PROPOSAL", "node": "4600e7073edcf35149235c417b55aed016ffc4133b445b7a44f86e142a6010ae", "to": "13756c2a50bf937f4229883f98ab0b11b0562401f6976befce154a83a086793f", "ts": 1785720803.981441, "type": "send"}
{"delay": 0.02, "height": 11, "msg_type": "PROPOSAL", "node": "4600e7073edcf35149235c417b55aed016ffc4133b445b7a44f86e142a6010ae", "to": "3fde868ea6caf3041493f50fbcc45ebc3bad7edab4bad774a5dca2b91bec8af0", "ts": 1785720803.981453, "type": "send"}
{"delay": 0.02, "height": 11, "msg_type": "PROPOSAL", "node": "4600e7073edcf35149235c417b55aed016ffc4133b445b7a44f86e142a6010ae", "to": "967fe6e8b6c8221a582c62797d0002f17eee1c8d34def67da5ac8c9fb33b7fd4", "ts": 1785720803.981468, "type": "send"}
{"delay": 0.02, "height": 11, "msg_type": "PROPOSAL", "node": "4600e7073edcf35149235c417b55aed016ffc4133b445b7a44f86e142a6010ae", "to": "c8568c45b20b7a1b9e0f4a5dadd1987eb3d6007e239fc9dd224eeb47b71799cf", "ts": 1785720803.981478, "type": "send"}
{"delay": 0.02, "height": 11, "msg_type": "PROPOSAL", "node": "4600e7073edcf35149235c417b55aed016ffc4133b445b7a44f86e142a6010ae", "to": "f08474af8ab0926587a2475f38484edb316eecc339239614a2d1eff9ccd01800", "ts": 1785720803.981488, "type": "send"}
{"delay": 0.02, "height": 11, "msg_type": "PROPOSAL", "node": "4600e7073edcf35149235c417b55aed016ffc4133b445b7a44f86e142a6010ae", "to": "f22393e0df7ce07fe1b9a4b8647ed82c1e636f80a5b858638dba3ccf3f416959", "ts": 1785720803.981498, "type": "send"}
{"delay": 0.02, "height": 11, "msg_type": "PREVOTE", "node": "4600e7073edcf35149235c417b55aed016ffc4133b445b7a44f86e142a6010ae", "to": "0772af86d70664e325e22546e3fe7a4c6b82feefae381b62cab85b230fb21719", "ts": 1785720803.981959, "type": "send"}
{"delay": 0.02, "height": 11, "msg_type": "PREVOTE", "node": "4600e7073edcf35149235c417b55aed016ffc4133b445b7a44f86e142a6010ae", "to": "13756c2a50bf937f4229883f98ab0b11b0562401f6976befce154a83a086793f", "ts": 1785720803.981975, "type": "send"}
{"delay": 0.02, "height": 11, "msg_type": "PREVOTE", "node": "4600e7073edcf35149235c417b55aed016ffc4133b445b7a44f86e142a6010ae", "to": "3fde868ea6caf3041493f50fbcc45ebc3bad7edab4bad774a5dca2b91bec8af0", "ts": 1785720803.981987, "type": "send"}
{"delay": 0.02, "height": 11, "msg_type": "PREVOTE", "node": "4600e7073edcf35149235c417b55aed016ffc4133b445b7a44f86e142a6010ae", "to": "967fe6e8b6c8221a582c62797d0002f17eee1c8d34def67da5ac8c9fb33b7fd4", "ts": 1785720803.981997, "type": "send"}
{"delay": 0.02, "height": 11, "msg_type": "PREVOTE", "node": "4600e7073edcf35149235c417b55aed016ffc4133b445b7a44f86e142a6010ae", "to": "c8568c45b20b7a1b9e0f4a5dadd1987eb3d6007e239fc9dd224eeb47b71799cf", "ts": 1785720803.982007, "type": "send"}
{"delay": 0.02, "height": 11, "msg_type": "PREVOTE", "node": "4600e7073edcf35149235c417b55aed016ffc4133b445b7a44f86e142a6010ae", "to": "f08474af8ab0926587a2475f38484edb316eecc339239614a2d1eff9ccd01800", "ts": 1785720803.982017, "type": "send"}
{"delay": 0.02, "height": 11, "msg_type": "PREVOTE", "node": "4600e7073edcf35149235c417b55aed016ffc4133b445b7a44f86e142a6010ae", "to": "f22393e0df7ce07fe1b9a4b8647ed82c1e636f80a5b858638dba3ccf3f416959", "ts": 1785720803.982027, "type": "send"}
{"from": "4600e7073edcf35149235c417b55aed016ffc4133b445b7a44f86e142a6010ae", "height": 11, "msg_type": "PROPOSAL", "node": "0772af86d70664e325e22546e3fe7a4c6b82feefae381b62cab85b230fb21719", "ts": 1785720804.008406, "type": "deliver"}
{"from": "4600e7073edcf35149235c417b55aed016ffc4133b445b7a44f86e142a6010ae", "height": 11, "msg_type": "PROPOSAL", "node": "13756c2a50bf937f4229883f98ab0b11b0562401f6976befce154a83a086793f", "ts": 1785720804.008489, "type": "deliver"}
{"from": "4600e7073edcf35149235c417b55aed016ffc4133b445b7a44f86e142a6010ae", "height": 11, "msg_type": "PROPOSAL", "node": "3fde868ea6caf3041493f50fbcc45ebc3bad7edab4bad774a5dca2b91bec8af0", "ts": 1785720804.008539, "type": "deliver"}
{"from": "4600e7073edcf35149235c417b55aed016ffc4133b445b7a44f86e142a6010ae", "height": 11, "msg_type": "PROPOSAL", "node": "967fe6e8b6c8221a582c62797d0002f17eee1c8d34def67da5ac8c9fb33b7fd4", "ts": 1785720804.008587, "type": "deliver"}
{"from": "4600e7073edcf35149235c417b55aed016ffc4133b445b7a44f86e142a6010ae", "height": 11, "msg_type": "PROPOSAL", "node": "c8568c45b20b7a1b9e0f4a5dadd1987eb3d6007e239fc9dd224eeb47b71799cf", "ts": 1785720804.008641, "type": "deliver"}
{"from": "4600e7073edcf35149235c417b55aed016ffc4133b445b7a44f86e142a6010ae", "height": 11, "msg_type": "PROPOSAL", "node": "f08474af8ab0926587a2475f38484edb316eecc339239614a2d1eff9ccd01800", "ts": 1785720804.008683, "type": "deliver"}
{"from": "4600e7073edcf35149235c417b55aed016ffc4133b445b7a44f86e142a6010ae", "height": 11, "msg_type": "PROPOSAL", "node": "f22393e0df7ce07fe1b9a4b8647ed82c1e636f80a5b858638dba3ccf3f416959", "ts": 1785720804.008694, "type": "deliver"}
{"from": "4600e7073edcf35149235c417b55aed016ffc4133b445b7a44f86e142a6010ae", "height": 11, "msg_type": "PREVOTE", "node": "0772af86d70664e325e22546e3fe7a4c6b82feefae381b62cab85b230fb21719", "ts": 1785720804.008703, "type": "deliver"}
{"from": "4600e7073edcf35149235c417b55aed016ffc4133b445b7a44f86e142a6010ae", "height": 11, "msg_type": "PREVOTE", "node": "13756c2a50bf937f4229883f98ab0b11b0562401f6976befce154a83a086793f", "ts": 1785720804.00871, "type": "deliver"}
{"from": "4600e7073edcf35149235c417b55aed016ffc4133b445b7a44f86e142a6010ae", "height": 11, "msg_type": "PREVOTE", "node": "3fde868ea6caf3041493f50fbcc45ebc3bad7edab4bad774a5dca2b91bec8af0", "ts": 1785720804.008717, "type": "deliver"}
{"from": "4600e7073edcf35149235c417b55aed016ffc4133b445b7a44f86e142a6010ae", "height": 11, "msg_type": "PREVOTE", "node": "967fe6e8b6c8221a582c62797d0002f17eee1c8d34def67da5ac8c9fb33b7fd4", "ts": 1785720804.008723, "type": "deliver"}
{"from": "4600e7073edcf35149235c417b55aed016ffc4133b445b7a44f86e142a6010ae", "height": 11, "msg_type": "PREVOTE", "node": "c8568c45b20b7a1b9e0f4a5dadd1987eb3d6007e239fc9dd224eeb47b71799cf", "ts": 1785720804.008729, "type": "deliver"}
{"from": "4600e7073edcf35149235c417b55aed016ffc4133b445b7a44f86e142a6010ae", "height": 11, "msg_type": "PREVOTE", "node": "f08474af8ab0926587a2475f38484edb316eecc339239614a2d1eff9ccd01800", "ts": 1785720804.008735, "type": "deliver"}
{"from": "4600e7073edcf35149235c417b55aed016ffc4133b445b7a44f86e142a6010ae", "height": 11, "msg_type": "PREVOTE", "node": "f22393e0df7ce07fe1b9a4b8647ed82c1e636f80a5b858638dba3ccf3f416959", "ts": 1785720804.00874, "type": "deliver"}
{"delay": 0.02, "height": 11, "msg_type": "PREVOTE", "node": "0772af86d70664e325e22546e3fe7a4c6b82feefae381b62cab85b230fb21719", "to": "13756c2a50bf937f4229883f98ab0b11b0562401f6976befce154a83a086793f", "ts": 1785720804.009101, "type": "send"}
{"delay": 0.02, "height": 11, "msg_type": "PREVOTE", "node": "0772af86d70664e325e22546e3fe7a4c6b82feefae381b62cab85b230fb21719", "to": "3fde868ea6caf3041493f50fbcc45ebc3bad7edab4bad774a5dca2b91bec8af0", "ts": 1785720804.009117, "type": "send"}
{"delay": 0.02, "height": 11, "msg_type": "PREVOTE", "node": "0772af86d70664e325e22546e3fe7a4c6b82feefae381b62cab85b230fb21719", "to": "4600e7073edcf35149235c417b55aed016ffc4133b445b7a44f86e142a6010ae", "ts": 1785720804.009124, "type": "send"}
{"delay": 0.02, "height": 11, "msg_type": "PREVOTE", "node": "0772af86d70664e325e22546e3fe7a4c6b82feefae381b62cab85b230fb21719", "to": "967fe6e8b6c8221a582c62797d0002f17eee1c8d34def67da5ac8c9fb33b7fd4", "ts": 1785720804.00913, "type": "send"}
{"delay": 0.02, "height": 11, "msg_type": "PREVOTE", "node": "0772af86d70664e325e22546e3fe7a4c6b82feefae381b62cab85b230fb21719", "to": "c8568c45b20b7a1b9e0f4a5dadd1987eb3d6007e239fc9dd224eeb47b71799cf", "ts": 1785720804.009136, "type": "send"}
{"delay": 0.02, "height": 11, "msg_type": "PREVOTE", "node": "0772af86d70664e325e22546e3fe7a4c6b82feefae381b62cab85b230fb21719", "to": "f08474af8ab0926587a2475f38484edb316eecc339239614a2d1eff9ccd01800", "ts": 1785720804.009142, "type": "send"}
{"delay": 0.02, "height": 11, "msg_type": "PREVOTE", "node": "0772af86d70664e325e22546e3fe7a4c6b82feefae381b62cab85b230fb21719", "to": "f22393e0df7ce07fe1b9a4b8647ed82c1e636f80a5b858638dba3ccf3f416959", "ts": 1785720804.009148, "type": "send"}
{"delay": 0.02, "height": 11, "msg_type": "PREVOTE", "node": "13756c2a50bf937f4229883f98ab0b11b0562401f6976befce154a83a086793f", "to": "0772af86d70664e325e22546e3fe7a4c6b82feefae381b62cab85b230fb21719", "ts": 1785720804.009526, "type": "send"}
{"delay": 0.02, "height": 11, "msg_type": "PREVOTE", "node": "13756c2a50bf937f4229883f98ab0b11b0562401f6976befce154a83a086793f", "to": "3fde868ea6caf3041493f50fbcc45ebc3bad7edab4bad774a5dca2b91bec8af0", "ts": 1785720804.009536, "type": "send"}
{"delay": 0.02, "height": 11, "msg_type": "PREVOTE", "node": "13756c2a50bf937f4229883f98ab0b11b0562401f6976befce154a83a086793f", "to": "4600e7073edcf35149235c417b55aed016ffc4133b445b7a44f86e142a6010ae", "ts": 1785720804.009542, "type": "send"}
{"delay": 0.02, "height": 11, "msg_type": "PREVOTE", "node": "13756c2a50bf937f4229883f98ab0b11b0562401f6976befce154a83a086793f", "to": "967fe6e8b6c8221a582c62797d0002f17eee1c8d34def67da5ac8c9fb33b7fd4", "ts": 1785720804.009555, "type": "send"}
{"delay": 0.02, "height": 11, "msg_type": "PREVOTE", "node": "13756c2a50bf937f4229883f98ab0b11b0562401f6976befce154a83a086793f", "to": "c8568c45b20b7a1b9e0f4a5dadd1987eb3d6007e239fc9dd224eeb47b71799cf", "ts": 1785720804.009561, "type": "send"}
{"delay": 0.02, "height": 11, "msg_type": "PREVOTE", "node": "13756c2a50bf937f4229883f98ab0b11b0562401f6976befce154a83a086793f", "to": "f08474af8ab0926587a2475f38484edb316eecc339239614a2d1eff9ccd01800", "ts": 1785720804.009567, "type": "send"}
{"delay": 0.02, "height": 11, "msg_type": "PREVOTE", "node": "13756c2a50bf937f4229883f98ab0b11b0562401f6976befce154a83a086793f", "to": "f22393e0df7ce07fe1b9a4b8647ed82c1e636f80a5b858638dba3ccf3f416959", "ts": 1785720804.009572, "type": "send"}
{"delay": 0.02, "height": 11, "msg_type": "PREVOTE", "node": "3fde868ea6caf3041493f50fbcc45ebc3bad7edab4bad774a5dca2b91bec8af0", "to": "0772af86d70664e325e22546e3fe7a4c6b82feefae381b62cab85b230fb21719", "ts": 1785720804.009984, "type": "send"}
{"delay": 0.02, "height": 11, "msg_type": "PREVOTE", "node": "3fde868ea6caf3041493f50fbcc45ebc3bad7edab4bad774a5dca2b91bec8af0", "to": "13756c2a50bf937f4229883f98ab0b11b0562401f6976befce154a83a086793f", "ts": 1785720804.009993, "type": "send"}
{"delay": 0.02, "height": 11, "msg_type": "PREVOTE", "node": "3fde868ea6caf3041493f50fbcc45ebc3bad7edab4bad774a5dca2b91bec8af0", "to": "4600e7073edcf35149235c417b55aed016ffc4133b445b7a44f86e142a6010ae", "ts": 1785720804.01, "type": "send"}
{"delay": 0.02, "height": 11, "msg_type": "PREVOTE", "node": "3fde868ea6caf3041493f50fbcc45ebc3bad7edab4bad774a5dca2b91bec8af0", "to": "967fe6e8b6c8221a582c62797d0002f17eee1c8d34def67da5ac8c9fb33b7fd4", "ts": 1785720804.010005, "type": "send"}
{"delay": 0.02, "height": 11, "msg_type": "PREVOTE", "node": "3fde868ea6caf3041493f50fbcc45ebc3bad7edab4bad774a5dca2b91bec8af0", "to": "c8568c45b20b7a1b9e0f4a5dadd1987eb3d6007e239fc9dd224eeb47b71799cf", "ts": 1785720804.010011, "type": "send"}
{"delay": 0.02, "height": 11, "msg_type": "PREVOTE", "node": "3fde868ea6caf3041493f50fbcc45ebc3bad7edab4bad774a5dca2b91bec8af0", "to": "f08474af8ab0926587a2475f38484edb316eecc339239614a2d1eff9ccd01800", "ts": 1785720804.010016, "type": "send"}
{"delay": 0.02, "height": 11, "msg_type": "PREVOTE", "node": "3fde868ea6caf3041493f50fbcc45ebc3bad7edab4bad774a5dca2b91bec8af0", "to": "f22393e0df7ce07fe1b9a4b8647ed82c1e636f80a5b858638dba3ccf3f416959", "ts": 1785720804.010022, "type": "send"}
{"delay": 0.02, "height": 11, "msg_type": "PREVOTE", "node": "967fe6e8b6c8221a582c62797d0002f17eee1c8d34def67da5ac8c9fb33b7fd4", "to": "0772af86d70664e325e22546e3fe7a4c6b82feefae381b62cab85b230fb21719", "ts": 1785720804.010385, "type": "send"}
{"delay": 0.02, "height": 11, "msg_type": "PREVOTE", "node": "967fe6e8b6c8221a582c62797d0002f17eee1c8d34def67da5ac8c9fb33b7fd4", "to": "13756c2a50bf937f4229883f98ab0b11b0562401f6976befce154a83a086793f", "ts": 1785720804.010394, "type": "send"}
{"delay": 0.02, "height": 11, "msg_type": "PREVOTE", "node": "967fe6e8b6c8221a582c62797d0002f17eee1c8d34def67da5ac8c9fb33b7fd4", "to": "3fde868ea6caf3041493f50fbcc45ebc3bad7edab4bad774a5dca2b91bec8af0", "ts": 1785720804.0104, "type": "send"}
{"delay": 0.02, "height": 11, "msg_type": "PREVOTE", "node": "967fe6e8b6c8221a582c62797d0002f17eee1c8d34def67da5ac8c9fb33b7fd4", "to": "4600e7073edcf35149235c417b55aed016ffc4133b445b7a44f86e142a6010ae", "ts": 1785720804.010406, "type": "send"}
{"delay": 0.02, "height": 11, "msg_type": "PREVOTE", "node": "967fe6e8b6c8221a582c62797d0002f17eee1c8d34def67da5ac8c9fb33b7fd4", "to": "c8568c45b20b7a1b9e0f4a5dadd1987eb3d6007e239fc9dd224eeb47b71799cf", "ts": 1785720804.010412, "type": "send"}
{"delay": 0.02, "height": 11, "msg_type": "PREVOTE", "node": "967fe6e8b6c8221a582c62797d0002f17eee1c8d34def67da5ac8c9fb33b7fd4", "to": "f08474af8ab0926587a2475f38484edb316eecc339239614a2d1eff9ccd01800", "ts": 1785720804.010418, "type": "send"}
{"delay": 0.02, "height": 11, "msg_type": "PREVOTE", "node": "967fe6e8b6c8221a582c62797d0002f17eee1c8d34def67da5ac8c9fb33b7fd4", "to": "f22393e0df7ce07fe1b9a4b8647ed82c1e636f80a5b858638dba3ccf3f416959", "ts": 1785720804.010427, "type": "send"}
{"delay": 0.02, "height": 11, "msg_type": "PREVOTE", "node": "c8568c45b20b7a1b9e0f4a5dadd1987eb3d6007e239fc9dd224eeb47b71799cf", "to": "0772af86d70664e325e22546e3fe7a4c6b82feefae381b62cab85b230fb21719", "ts": 1785720804.010828, "type": "send"}
{"delay": 0.02, "height": 11, "msg_type": "PREVOTE", "node": "c8568c45b20b7a1b9e0f4a5dadd1987eb3d6007e239fc9dd224eeb47b71799cf", "to": "13756c2a50bf937f4229883f98ab0b11b0562401f6976befce154a83a086793f", "ts": 1785720804.010838, "type": "send"}
{"delay": 0.02, "height": 11, "msg_type": "PREVOTE", "node": "c8568c45b20b7a1b9e0f4a5dadd1987eb3d6007e239fc9dd224eeb47b71799cf", "to": "3fde868ea6caf3041493f50fbcc45ebc3bad7edab4bad774a5dca2b91bec8af0", "ts": 1785720804.010844, "type": "send"}
{"delay": 0.02, "height": 11, "msg_type": "PREVOTE", "node": "c8568c45b20b7a1b9e0f4a5dadd1987eb3d6007e239fc9dd224eeb47b71799cf", "to": "4600e7073edcf35149235c417b55aed016ffc4133b445b7a44f86e142a6010ae", "ts": 1785720804.01085, "type": "send"}
{"delay": 0.02, "height": 11, "msg_type": "PREVOTE", "node": "c8568c45b20b7a1b9e0f4a5dadd1987eb3d6007e239fc9dd224eeb47b71799cf", "to": "967fe6e8b6c8221a582c62797d0002f17eee1c8d34def67da5ac8c9fb33b7fd4", "ts": 1785720804.010856, "type": "send"}
{"delay": 0.02, "height": 11, "msg_type": "PREVOTE", "node": "c8568c45b20b7a1b9e0f4a5dadd1987eb3d6007e239fc9dd224eeb47b71799cf", "to": "f08474af8ab0926587a2475f38484edb316eecc339239614a2d1eff9ccd01800", "ts": 1785720804.010861, "type": "send"}
{"delay": 0.02, "height": 11, "msg_type": "PREVOTE", "node": "c8568c45b20b7a1b9e0f4a5dadd1987eb3d6007e239fc9dd224eeb47b71799cf", "to": "f22393e0df7ce07fe1b9a4b8647ed82c1e636f80a5b858638dba3ccf3f416959", "ts": 1785720804.010867, "type": "send"}
{"delay": 0.02, "height": 11, "msg_type": "PREVOTE", "node": "f08474af8ab0926587a2475f38484edb316eecc339239614a2d1eff9ccd01800", "to": "0772af86d70664e325e22546e3fe7a4c6b82feefae381b62cab85b230fb21719", "ts": 1785720804.011225, "type": "send"}
{"delay": 0.02, "height": 11, "msg_type": "PREVOTE", "node": "f08474af8ab0926587a2475f38484edb316eecc339239614a2d1eff9ccd01800", "to": "13756c2a50bf937f4229883f98ab0b11b0562401f6976befce154a83a086793f", "ts": 1785720804.011234, "type": "send"}
{"delay": 0.02, "height": 11, "msg_type": "PREVOTE", "node": "f08474af8ab0926587a2475f38484edb316eecc339239614a2d1eff9ccd01800", "to": "3fde868ea6caf3041493f50fbcc45ebc3bad7edab4bad774a5dca2b91bec8af0", "ts": 1785720804.01124, "type": "send"}
{"delay": 0.02, "height": 11, "msg_type": "PREVOTE", "node": "f08474af8ab0926587a2475f38484edb316eecc339239614a2d1eff9ccd01800", "to": "4600e7073edcf35149235c417b55aed016ffc4133b445b7a44f86e142a6010ae", "ts": 1785720804.011246, "type": "send"}
{"delay": 0.02, "height": 11, "msg_type": "PREVOTE", "node": "f08474af8ab0926587a2475f38484edb316eecc339239614a2d1eff9ccd01800", "to": "967fe6e8b6c8221a582c62797d0002f17eee1c8d34def67da5ac8c9fb33b7fd4", "ts": 1785720804.011252, "type": "send"}
{"delay": 0.02, "height": 11, "msg_type": "PREVOTE", "node": "f08474af8ab0926587a2475f38484edb316eecc339239614a2d1eff9ccd01800", "to": "c8568c45b20b7a1b9e0f4a5dadd1987eb3d6007e239fc9dd224eeb47b71799cf", "ts": 1785720804.011257, "type": "send"}
{"delay": 0.02, "height": 11, "msg_type": "PREVOTE", "node": "f08474af8ab0926587a2475f38484edb316eecc339239614a2d1eff9ccd01800", "to": "f22393e0df7ce07fe1b9a4b8647ed82c1e636f80a5b858638dba3ccf3f416959", "ts": 1785720804.011263, "type": "send"}
{"delay": 0.02, "height": 11, "msg_type": "PREVOTE", "node": "f22393e0df7ce07fe1b9a4b8647ed82c1e636f80a5b858638dba3ccf3f416959", "to": "0772af86d70664e325e22546e3fe7a4c6b82feefae381b62cab85b230fb21719", "ts": 1785720804.011625, "type": "send"}
{"delay": 0.02, "height": 11, "msg_type": "PREVOTE", "node": "f22393e0df7ce07fe1b9a4b8647ed82c1e636f80a5b858638dba3ccf3f416959", "to": "13756c2a50bf937f4229883f98ab0b11b0562401f6976befce154a83a086793f", "ts": 1785720804.011654, "type": "send"}
{"delay": 0.02, "height": 11, "msg_type": "PREVOTE", "node": "f22393e0df7ce07fe1b9a4b8647ed82c1e636f80a5b858638dba3ccf3f416959", "to": "3fde868ea6caf3041493f50fbcc45ebc3bad7edab4bad774a5dca2b91bec8af0", "ts": 1785720804.011669, "type": "send"}
{"delay": 0.02, "height": 11, "msg_type": "PREVOTE", "node": "f22393e0df7ce07fe1b9a4b8647ed82c1e636f80a5b858638dba3ccf3f416959", "to": "4600e7073edcf35149235c417b55aed016ffc4133b445b7a44f86e142a6010ae", "ts": 1785720804.011677, "type": "send"}
{"delay": 0.02, "height": 11, "msg_type": "PREVOTE", "node": "f22393e0df7ce07fe1b9a4b8647ed82c1e636f80a5b858638dba3ccf3f416959", "to": "967fe6e8b6c8221a582c62797d0002f17eee1c8d34def67da5ac8c9fb33b7fd4", "ts": 1785720804.011683, "type": "send"}
{"delay": 0.02, "height": 11, "msg_type": "PREVOTE", "node": "f22393e0df7ce07fe1b9a4b8647ed82c1e636f80a5b858638dba3ccf3f416959", "to": "c8568c45b20b7a1b9e0f4a5dadd1987eb3d6007e239fc9dd224eeb47b71799cf", "ts": 1785720804.011689, "type": "send"}
{"delay": 0.02, "height": 11, "msg_type": "PREVOTE", "node": "f22393e0df7ce07fe1b9a4b8647ed82c1e636f80a5b858638dba3ccf3f416959", "to": "f08474af8ab0926587a2475f38484edb316eecc339239614a2d1eff9ccd01800", "ts": 1785720804.011707, "type": "send"}
{"from": "0772af86d70664e325e22546e3fe7a4c6b82feefae381b62cab85b230fb21719", "height": 11, "msg_type": "PREVOTE", "node": "13756c2a50bf937f4229883f98ab0b11b0562401f6976befce154a83a086793f", "ts": 1785720804.0409, "type": "deliver"}
{"from": "0772af86d70664e325e22546e3fe7a4c6b82feefae381b62cab85b230fb21719", "height": 11, "msg_type": "PREVOTE", "node": "3fde868ea6caf3041493f50fbcc45ebc3bad7edab4bad774a5dca2b91bec8af0", "ts": 1785720804.040939, "type": "deliver"}
{"from": "0772af86d70664e325e22546e3fe7a4c6b82feefae381b62cab85b230fb21719", "height": 11, "msg_type": "PREVOTE", "node": "4600e7073edcf35149235c417b55aed016ffc4133b445b7a44f86e142a6010ae", "ts": 1785720804.040976, "type": "deliver"}
{"from": "0772af86d70664e325e22546e3fe7a4c6b82feefae381b62cab85b230fb21719", "height": 11, "msg_type": "PREVOTE", "node": "967fe6e8b6c8221a582c62797d0002f17eee1c8d34def67da5ac8c9fb33b7fd4", "ts": 1785720804.040997, "type": "deliver"}
{"from": "0772af86d70664e325e22546e3fe7a4c6b82feefae381b62cab85b230fb21719", "height": 11, "msg_type": "PREVOTE", "node": "c8568c45b20b7a1b9e0f4a5dadd1987eb3d6007e239fc9dd224eeb47b71799cf", "ts": 1785720804.041037, "type": "deliver"}
{"from": "0772af86d70664e325e22546e3fe7a4c6b82feefae381b62cab85b230fb21719", "height": 11, "msg_type": "PREVOTE", "node": "f08474af8ab0926587a2475f38484edb316eecc339239614a2d1eff9ccd01800", "ts": 1785720804.041052, "type": "deliver"}
{"from": "0772af86d70664e325e22546e3fe7a4c6b82feefae381b62cab85b230fb21719", "height": 11, "msg_type": "PREVOTE", "node": "f22393e0df7ce07fe1b9a4b8647ed82c1e636f80a5b858638dba3ccf3f416959", "ts": 1785720804.041077, "type": "deliver"}
{"from": "13756c2a50bf937f4229883f98ab0b11b0562401f6976befce154a83a086793f", "height": 11, "msg_type": "PREVOTE", "node": "0772af86d70664e325e22546e3fe7a4c6b82feefae381b62cab85b230fb21719", "ts": 1785720804.041112, "type": "deliver"}
{"from": "13756c2a50bf937f4229883f98ab0b11b0562401f6976befce154a83a086793f", "height": 11, "msg_type": "PREVOTE", "node": "3fde868ea6caf3041493f50fbcc45ebc3bad7edab4bad774a5dca2b91bec8af0", "ts": 1785720804.04115, "type": "deliver"}
{"from": "13756c2a50bf937f4229883f98ab0b11b0562401f6976befce154a83a086793f", "height": 11, "msg_type": "PREVOTE", "node": "4600e7073edcf35149235c417b55aed016ffc4133b445b7a44f86e142a6010ae", "ts": 1785720804.041162, "type": "deliver"}
{"from": "13756c2a50bf937f4229883f98ab0b11b0562401f6976befce154a83a086793f", "height": 11, "msg_type": "PREVOTE", "node": "967fe6e8b6c8221a582c62797d0002f17eee1c8d34def67da5ac8c9fb33b7fd4", "ts": 1785720804.041176, "type": "deliver"}
{"from": "13756c2a50bf937f4229883f98ab0b11b0562401f6976befce154a83a086793f", "height": 11, "msg_type": "PREVOTE", "node": "c8568c45b20b7a1b9e0f4a5dadd1987eb3d6007e239fc9dd224eeb47b71799cf", "ts": 1785720804.041195, "type": "deliver"}
{"from": "13756c2a50bf937f4229883f98ab0b11b0562401f6976befce154a83a086793f", "height": 11, "msg_type": "PREVOTE", "node": "f08474af8ab0926587a2475f38484edb316eecc339239614a2d1eff9ccd01800", "ts": 1785720804.041225, "type": "deliver"}
{"from": "13756c2a50bf937f4229883f98ab0b11b0562401f6976befce154a83a086793f", "height": 11, "msg_type": "PREVOTE", "node": "f22393e0df7ce07fe1b9a4b8647ed82c1e636f80a5b858638dba3ccf3f416959", "ts": 1785720804.041242, "type": "deliver"}
{"from": "3fde868ea6caf3041493f50fbcc45ebc3bad7edab4bad774a5dca2b91bec8af0", "height": 11, "msg_type": "PREVOTE", "node": "0772af86d70664e325e22546e3fe7a4c6b82feefae381b62cab85b230fb21719", "ts": 1785720804.04127, "type": "deliver"}
{"from": "3fde868ea6caf3041493f50fbcc45ebc3bad7edab4bad774a5dca2b91bec8af0", "height": 11, "msg_type": "PREVOTE", "node": "13756c2a50bf937f4229883f98ab0b11b0562401f6976befce154a83a086793f", "ts": 1785720804.041295, "type": "deliver"}
{"from": "3fde868ea6caf3041493f50fbcc45ebc3bad7edab4bad774a5dca2b91bec8af0", "height": 11, "msg_type": "PREVOTE", "node": "4600e7073edcf35149235c417b55aed016ffc4133b445b7a44f86e142a6010ae", "ts": 1785720804.041314, "type": "deliver"}
{"from": "3fde868ea6caf3041493f50fbcc45ebc3bad7edab4bad774a5dca2b91bec8af0", "height": 11, "msg_type": "PREVOTE", "node": "967fe6e8b6c8221a582c62797d0002f17eee1c8d34def67da5ac8c9fb33b7fd4", "ts": 1785720804.041345, "type": "deliver"}
{"from": "3fde868ea6caf3041493f50fbcc45ebc3bad7edab4bad774a5dca2b91bec8af0", "height": 11, "msg_type": "PREVOTE", "node": "c8568c45b20b7a1b9e0f4a5dadd1987eb3d6007e239fc9dd224eeb47b71799cf", "ts": 1785720804.041373, "type": "deliver"}
{"from": "3fde868ea6caf3041493f50fbcc45ebc3bad7edab4bad774a5dca2b91bec8af0", "height": 11, "msg_type": "PREVOTE", "node": "f08474af8ab0926587a2475f38484edb316eecc339239614a2d1eff9ccd01800", "ts": 1785720804.04138, "type": "deliver"}
{"from": "3fde868ea6caf3041493f50fbcc45ebc3bad7edab4bad774a5dca2b91bec8af0", "height": 11, "msg_type": "PREVOTE", "node": "f22393e0df7ce07fe1b9a4b8647ed82c1e636f80a5b858638dba3ccf3f416959", "ts": 1785720804.041389, "type": "deliver"}
{"from": "967fe6e8b6c8221a582c62797d0002f17eee1c8d34def67da5ac8c9fb33b7fd4", "height": 11, "msg_type": "PREVOTE", "node": "0772af86d70664e325e22546e3fe7a4c6b82feefae381b62cab85b230fb21719", "ts": 1785720804.04141, "type": "deliver"}
{"from": "967fe6e8b6c8221a582c62797d0002f17eee1c8d34def67da5ac8c9fb33b7fd4", "height": 11, "msg_type": "PREVOTE", "node": "13756c2a50bf937f4229883f98ab0b11b0562401f6976befce154a83a086793f", "ts": 1785720804.04144, "type": "deliver"}
{"from": "967fe6e8b6c8221a582c62797d0002f17eee1c8d34def67da5ac8c9fb33b7fd4", "height": 11, "msg_type": "PREVOTE", "node": "3fde868ea6caf3041493f50fbcc45ebc3bad7edab4bad774a5dca2b91bec8af0", "ts": 1785720804.041473, "type": "deliver"}
{"from": "967fe6e8b6c8221a582c62797d0002f17eee1c8d34def67da5ac8c9fb33b7fd4", "height": 11, "msg_type": "PREVOTE", "node": "4600e7073edcf35149235c417b55aed016ffc4133b445b7a44f86e142a6010ae", "ts": 1785720804.041482, "type": "deliver"}
{"from": "967fe6e8b6c8221a582c62797d0002f17eee1c8d34def67da5ac8c9fb33b7fd4", "height": 11, "msg_type": "PREVOTE", "node": "c8568c45b20b7a1b9e0f4a5dadd1987eb3d6007e239fc9dd224eeb47b71799cf", "ts": 1785720804.041488, "type": "deliver"}
{"from": "967fe6e8b6c8221a582c62797d0002f17eee1c8d34def67da5ac8c9fb33b7fd4", "height": 11, "msg_type": "PREVOTE", "node": "f08474af8ab0926587a2475f38484edb316eecc339239614a2d1eff9ccd01800", "ts": 1785720804.041504, "type": "deliver"}
{"from": "967fe6e8b6c8221a582c62797d0002f17eee1c8d34def67da5ac8c9fb33b7fd4", "height": 11, "msg_type": "PREVOTE", "node": "f22393e0df7ce07fe1b9a4b8647ed82c1e636f80a5b858638dba3ccf3f416959", "ts": 1785720804.041522, "type": "deliver"}
{"from": "c8568c45b20b7a1b9e0f4a5dadd1987eb3d6007e239fc9dd224eeb47b71799cf", "height": 11, "msg_type": "PREVOTE", "node": "0772af86d70664e325e22546e3fe7a4c6b82feefae381b62cab85b230fb21719", "ts": 1785720804.041552, "type": "deliver"}
{"from": "c8568c45b20b7a1b9e0f4a5dadd1987eb3d6007e239fc9dd224eeb47b71799cf", "height": 11, "msg_type": "PREVOTE", "node": "13756c2a50bf937f4229883f98ab0b11b0562401f6976befce154a83a086793f", "ts": 1785720804.041585, "type": "deliver"}
{"from": "c8568c45b20b7a1b9e0f4a5dadd1987eb3d6007e239fc9dd224eeb47b71799cf", "height": 11, "msg_type": "PREVOTE", "node": "3fde868ea6caf3041493f50fbcc45ebc3bad7edab4bad774a5dca2b91bec8af0", "ts": 1785720804.041593, "type": "deliver"}
{"from": "c8568c45b20b7a1b9e0f4a5dadd1987eb3d6007e239fc9dd224eeb47b71799cf", "height": 11, "msg_type": "PREVOTE", "node": "4600e7073edcf35149235c417b55aed016ffc4133b445b7a44f86e142a6010ae", "ts": 1785720804.0416, "type": "deliver"}
{"from": "c8568c45b20b7a1b9e0f4a5dadd1987eb3d6007e239fc9dd224eeb47b71799cf", "height": 11, "msg_type": "PREVOTE", "node": "967fe6e8b6c8221a582c62797d0002f17eee1c8d34def67da5ac8c9fb33b7fd4", "ts": 1785720804.041618, "type": "deliver"}
{"from": "c8568c45b20b7a1b9e0f4a5dadd1987eb3d6007e239fc9dd224eeb47b71799cf", "height": 11, "msg_type": "PREVOTE", "node": "f08474af8ab0926587a2475f38484edb316eecc339239614a2d1eff9ccd01800", "ts": 1785720804.041653, "type": "deliver"}
{"from": "c8568c45b20b7a1b9e0f4a5dadd1987eb3d6007e239fc9dd224eeb47b71799cf", "height": 11, "msg_type": "PREVOTE", "node": "f22393e0df7ce07fe1b9a4b8647ed82c1e636f80a5b858638dba3ccf3f416959", "ts": 1785720804.041679, "type": "deliver"}
{"from": "f08474af8ab0926587a2475f38484edb316eecc339239614a2d1eff9ccd01800", "height": 11, "msg_type": "PREVOTE", "node": "0772af86d70664e325e22546e3fe7a4c6b82feefae381b62cab85b230fb21719", "ts": 1785720804.041695, "type": "deliver"}
{"from": "f08474af8ab0926587a2475f38484edb316eecc339239614a2d1eff9ccd01800", "height": 11, "msg_type": "PREVOTE", "node": "13756c2a50bf937f4229883f98ab0b11b0562401f6976befce154a83a086793f", "ts": 1785720804.041711, "type": "deliver"}
{"from": "f08474af8ab0926587a2475f38484edb316eecc339239614a2d1eff9ccd01800", "height": 11, "msg_type": "PREVOTE", "node": "3fde868ea6caf3041493f50fbcc45ebc3bad7edab4bad774a5dca2b91bec8af0", "ts": 1785720804.041725, "type": "deliver"}
{"from": "f08474af8ab0926587a2475f38484edb316eecc339239614a2d1eff9ccd01800", "height": 11, "msg_type": "PREVOTE", "node": "4600e7073edcf35149235c417b55aed016ffc4133b445b7a44f86e142a6010ae", "ts": 1785720804.041746, "type": "deliver"}
{"from": "f08474af8ab0926587a2475f38484edb316eecc339239614a2d1eff9ccd01800", "height": 11, "msg_type": "PREVOTE", "node": "967fe6e8b6c8221a582c62797d0002f17eee1c8d34def67da5ac8c9fb33b7fd4", "ts": 1785720804.041755, "type": "deliver"}
{"from": "f08474af8ab0926587a2475f38484edb316eecc339239614a2d1eff9ccd01800", "height": 11, "msg_type": "PREVOTE", "node": "c8568c45b20b7a1b9e0f4a5dadd1987eb3d6007e239fc9dd224eeb47b71799cf", "ts": 1785720804.041763, "type": "deliver"}
{"from": "f08474af8ab0926587a2475f38484edb316eecc339239614a2d1eff9ccd01800", "height": 11, "msg_type": "PREVOTE", "node": "f22393e0df7ce07fe1b9a4b8647ed82c1e636f80a5b858638dba3ccf3f416959", "ts": 1785720804.041771, "type": "deliver"}
{"from": "f22393e0df7ce07fe1b9a4b8647ed82c1e636f80a5b858638dba3ccf3f416959", "height": 11, "msg_type": "PREVOTE", "node": "0772af86d70664e325e22546e3fe7a4c6b82feefae381b62cab85b230fb21719", "ts": 1785720804.041779, "type": "deliver"}
{"from": "f22393e0df7ce07fe1b9a4b8647ed82c1e636f80a5b858638dba3ccf3f416959", "height": 11, "msg_type": "PREVOTE", "node": "13756c2a50bf937f4229883f98ab0b11b0562401f6976befce154a83a086793f", "ts": 1785720804.041787, "type": "deliver"}
{"from": "f22393e0df7ce07fe1b9a4b8647ed82c1e636f80a5b858638dba3ccf3f416959", "height": 11, "msg_type": "PREVOTE", "node": "3fde868ea6caf3041493f50fbcc45ebc3bad7edab4bad774a5dca2b91bec8af0", "ts": 1785720804.041795, "type": "deliver"}
{"from": "f22393e0df7ce07fe1b9a4b8647ed82c1e636f80a5b858638dba3ccf3f416959", "height": 11, "msg_type": "PREVOTE", "node": "4600e7073edcf35149235c417b55aed016ffc4133b445b7a44f86e142a6010ae", "ts": 1785720804.041802, "type": "deliver"}
{"from": "f22393e0df7ce07fe1b9a4b8647ed82c1e636f80a5b858638dba3ccf3f416959", "height": 11, "msg_type": "PREVOTE", "node": "967fe6e8b6c8221a582c62797d0002f17eee1c8d34def67da5ac8c9fb33b7fd4", "ts": 1785720804.041811, "type": "deliver"}
{"from": "f22393e0df7ce07fe1b9a4b8647ed82c1e636f80a5b858638dba3ccf3f416959", "height": 11, "msg_type": "PREVOTE", "node": "c8568c45b20b7a1b9e0f4a5dadd1987eb3d6007e239fc9dd224eeb47b71799cf", "ts": 1785720804.041819, "type": "deliver"}
{"from": "f22393e0df7ce07fe1b9a4b8647ed82c1e636f80a5b858638dba3ccf3f416959", "height": 11, "msg_type": "PREVOTE", "node": "f08474af8ab0926587a2475f38484edb316eecc339239614a2d1eff9ccd01800", "ts": 1785720804.041827, "type": "deliver"}
{"delay": 0.02, "height": 11, "msg_type": "PRECOMMIT", "node": "13756c2a50bf937f4229883f98ab0b11b0562401f6976befce154a83a086793f", "to": "0772af86d70664e325e22546e3fe7a4c6b82feefae381b62cab85b230fb21719", "ts": 1785720804.042368, "type": "send"}
{"delay": 0.02, "height": 11, "msg_type": "PRECOMMIT", "node": "13756c2a50bf937f4229883f98ab0b11b0562401f6976befce154a83a086793f", "to": "3fde868ea6caf3041493f50fbcc45ebc3bad7edab4bad774a5dca2b91bec8af0", "ts": 1785720804.042382, "type": "send"}
{"delay": 0.02, "height": 11, "msg_type": "PRECOMMIT", "node": "13756c2a50bf937f4229883f98ab0b11b0562401f6976befce154a83a086793f", "to": "4600e7073edcf35149235c417b55aed016ffc4133b445b7a44f86e142a6010ae", "ts": 1785720804.04239, "type": "send"}
{"delay": 0.02, "height": 11, "msg_type": "PRECOMMIT", "node": "13756c2a50bf937f4229883f98ab0b11b0562401f6976befce154a83a086793f", "to": "967fe6e8b6c8221a582c62797d0002f17eee1c8d34def67da5ac8c9fb33b7fd4", "ts": 1785720804.042396, "type": "send"}
{"delay": 0.02, "height": 11, "msg_type": "PRECOMMIT", "node": "13756c2a50bf937f4229883f98ab0b11b0562401f6976befce154a83a086793f", "to": "c8568c45b20b7a1b9e0f4a5dadd1987eb3d6007e239fc9dd224eeb47b71799cf", "ts": 1785720804.042405, "type": "send"}
{"delay": 0.02, "height": 11, "msg_type": "PRECOMMIT", "node": "13756c2a50bf937f4229883f98ab0b11b0562401f6976befce154a83a086793f", "to": "f08474af8ab0926587a2475f38484edb316eecc339239614a2d1eff9ccd01800", "ts": 1785720804.042411, "type": "send"}
{"delay": 0.02, "height": 11, "msg_type": "PRECOMMIT", "node": "13756c2a50bf937f4229883f98ab0b11b0562401f6976befce154a83a086793f", "to": "f22393e0df7ce07fe1b9a4b8647ed82c1e636f80a5b858638dba3ccf3f416959", "ts": 1785720804.042416, "type": "send"}
{"delay": 0.02, "height": 11, "msg_type": "PRECOMMIT", "node": "3fde868ea6caf3041493f50fbcc45ebc3bad7edab4bad774a5dca2b91bec8af0", "to": "0772af86d70664e325e22546e3fe7a4c6b82feefae381b62cab85b230fb21719", "ts": 1785720804.043342, "type": "send"}
{"delay": 0.02, "height": 11, "msg_type": "PRECOMMIT", "node": "3fde868ea6caf3041493f50fbcc45ebc3bad7edab4bad774a5dca2b91bec8af0", "to": "13756c2a50bf937f4229883f98ab0b11b0562401f6976befce154a83a086793f", "ts": 1785720804.043352, "type": "send"}
{"delay": 0.02, "height": 11, "msg_type": "PRECOMMIT", "node": "3fde868ea6caf3041493f50fbcc45ebc3bad7edab4bad774a5dca2b91bec8af0", "to": "4600e7073edcf35149235c417b55aed016ffc4133b445b7a44f86e142a6010ae", "ts": 1785720804.043359, "type": "send"}
{"delay": 0.02, "height": 11, "msg_type": "PRECOMMIT", "node": "3fde868ea6caf3041493f50fbcc45ebc3bad7edab4bad774a5dca2b91bec8af0", "to": "967fe6e8b6c8221a582c62797d0002f17eee1c8d34def67da5ac8c9fb33b7fd4", "ts": 1785720804.043365, "type": "send"}
{"delay": 0.02, "height": 11, "msg_type": "PRECOMMIT", "node": "3fde868ea6caf3041493f50fbcc45ebc3bad7edab4bad774a5dca2b91bec8af0", "to": "c8568c45b20b7a1b9e0f4a5dadd1987eb3d6007e239fc9dd224eeb47b71799cf", "ts": 1785720804.043371, "type": "send"}
{"delay": 0.02, "height": 11, "msg_type": "PRECOMMIT", "node": "3fde868ea6caf3041493f50fbcc45ebc3bad7edab4bad774a5dca2b91bec8af0", "to": "f08474af8ab0926587a2475f38484edb316eecc339239614a2d1eff9ccd01800", "ts": 1785720804.043376, "type": "send"}
{"delay": 0.02, "height": 11, "msg_type": "PRECOMMIT", "node": "3fde868ea6caf3041493f50fbcc45ebc3bad7edab4bad774a5dca2b91bec8af0", "to": "f22393e0df7ce07fe1b9a4b8647ed82c1e636f80a5b858638dba3ccf3f416959", "ts": 1785720804.043382, "type": "send"}
{"delay": 0.02, "height": 11, "msg_type": "PRECOMMIT", "node": "4600e7073edcf35149235c417b55aed016ffc4133b445b7a44f86e142a6010ae", "to": "0772af86d70664e325e22546e3fe7a4c6b82feefae381b62cab85b230fb21719", "ts": 1785720804.044419, "type": "send"}
{"delay": 0.02, "height": 11, "msg_type": "PRECOMMIT", "node": "4600e7073edcf35149235c417b55aed016ffc4133b445b7a44f86e142a6010ae", "to": "13756c2a50bf937f4229883f98ab0b11b0562401f6976befce154a83a086793f", "ts": 1785720804.044429, "type": "send"}
{"delay": 0.02, "height": 11, "msg_type": "PRECOMMIT", "node": "4600e7073edcf35149235c417b55aed016ffc4133b445b7a44f86e142a6010ae", "to": "3fde868ea6caf3041493f50fbcc45ebc3bad7edab4bad774a5dca2b91bec8af0", "ts": 1785720804.044436, "type": "send"}
{"delay": 0.02, "height": 11, "msg_type": "PRECOMMIT", "node": "4600e7073edcf35149235c417b55aed016ffc4133b445b7a44f86e142a6010ae", "to": "967fe6e8b6c8221a582c62797d0002f17eee1c8d34def67da5ac8c9fb33b7fd4", "ts": 1785720804.044441, "type": "send"}
{"delay": 0.02, "height": 11, "msg_type": "PRECOMMIT", "node": "4600e7073edcf35149235c417b55aed016ffc4133b445b7a44f86e142a6010ae", "to": "c8568c45b20b7a1b9e0f4a5dadd1987eb3d6007e239fc9dd224eeb47b71799cf", "ts": 1785720804.044447, "type": "send"}
{"delay": 0.02, "height": 11, "msg_type": "PRECOMMIT", "node": "4600e7073edcf35149235c417b55aed016ffc4133b445b7a44f86e142a6010ae", "to": "f08474af8ab0926587a2475f38484edb316eecc339239614a2d1eff9ccd01800", "ts": 1785720804.044452, "type": "send"}
{"delay": 0.02, "height": 11, "msg_type": "PRECOMMIT", "node": "4600e7073edcf35149235c417b55aed016ffc4133b445b7a44f86e142a6010ae", "to": "f22393e0df7ce07fe1b9a4b8647ed82c1e636f80a5b858638dba3ccf3f416959", "ts": 1785720804.044458, "type": "send"}
{"delay": 0.02, "height": 11, "msg_type": "PRECOMMIT", "node": "967fe6e8b6c8221a582c62797d0002f17eee1c8d34def67da5ac8c9fb33b7fd4", "to": "0772af86d70664e325e22546e3fe7a4c6b82feefae381b62cab85b230fb21719", "ts": 1785720804.045369, "type": "send"}
{"delay": 0.02, "height": 11, "msg_type": "PRECOMMIT", "node": "967fe6e8b6c8221a582c62797d0002f17eee1c8d34def67da5ac8c9fb33b7fd4", "to": "13756c2a50bf937f4229883f98ab0b11b0562401f6976befce154a83a086793f", "ts": 1785720804.045379, "type": "send"}
{"delay": 0.02, "height": 11, "msg_type": "PRECOMMIT", "node": "967fe6e8b6c8221a582c62797d0002f17eee1c8d34def67da5ac8c9fb33b7fd4", "to": "3fde868ea6caf3041493f50fbcc45ebc3bad7edab4bad774a5dca2b91bec8af0", "ts": 1785720804.045385, "type": "send"}
{"delay": 0.02, "height": 11, "msg_type": "PRECOMMIT", "node": "967fe6e8b6c8221a582c62797d0002f17eee1c8d34def67da5ac8c9fb33b7fd4", "to": "4600e7073edcf35149235c417b55aed016ffc4133b445b7a44f86e142a6010ae", "ts": 1785720804.045391, "type": "send"}
{"delay": 0.02, "height": 11, "msg_type": "PRECOMMIT", "node": "967fe6e8b6c8221a582c62797d0002f17eee1c8d34def67da5ac8c9fb33b7fd4", "to": "c8568c45b20b7a1b9e0f4a5dadd1987eb3d6007e239fc9dd224eeb47b71799cf", "ts": 1785720804.045397, "type": "send"}
{"delay": 0.02, "height": 11, "msg_type": "PRECOMMIT", "node": "967fe6e8b6c8221a582c62797d0002f17eee1c8d34def67da5ac8c9fb33b7fd4", "to": "f08474af8ab0926587a2475f38484edb316eecc339239614a2d1eff9ccd01800", "ts": 1785720804.045402, "type": "send"}
{"delay": 0.02, "height": 11, "msg_type": "PRECOMMIT", "node": "967fe6e8b6c8221a582c62797d0002f17eee1c8d34def67da5ac8c9fb33b7fd4", "to": "f22393e0df7ce07fe1b9a4b8647ed82c1e636f80a5b858638dba3ccf3f416959", "ts": 1785720804.045408, "type": "send"}
{"delay": 0.02, "height": 11, "msg_type": "PRECOMMIT", "node": "c8568c45b20b7a1b9e0f4a5dadd1987eb3d6007e239fc9dd224eeb47b71799cf", "to": "0772af86d70664e325e22546e3fe7a4c6b82feefae381b62cab85b230fb21719", "ts": 1785720804.046316, "type": "send"}
{"delay": 0.02, "height": 11, "msg_type": "PRECOMMIT", "node": "c8568c45b20b7a1b9e0f4a5dadd1987eb3d6007e239fc9dd224eeb47b71799cf", "to": "13756c2a50bf937f4229883f98ab0b11b0562401f6976befce154a83a086793f", "ts": 1785720804.046325, "type": "send"}
{"delay": 0.02, "height": 11, "msg_type": "PRECOMMIT", "node": "c8568c45b20b7a1b9e0f4a5dadd1987eb3d6007e239fc9dd224eeb47b71799cf", "to": "3fde868ea6caf3041493f50fbcc45ebc3bad7edab4bad774a5dca2b91bec8af0", "ts": 1785720804.046332, "type": "send"}
{"delay": 0.02, "height": 11, "msg_type": "PRECOMMIT", "node": "c8568c45b20b7a1b9e0f4a5dadd1987eb3d6007e239fc9dd224eeb47b71799cf", "to": "4600e7073edcf35149235c417b55aed016ffc4133b445b7a44f86e142a6010ae", "ts": 1785720804.046338, "type": "send"}
{"delay": 0.02, "height": 11, "msg_type": "PRECOMMIT", "node": "c8568c45b20b7a1b9e0f4a5dadd1987eb3d6007e239fc9dd224eeb47b71799cf", "to": "967fe6e8b6c8221a582c62797d0002f17eee1c8d34def67da5ac8c9fb33b7fd4", "ts": 1785720804.046346, "type": "send"}
{"delay": 0.02, "height": 11, "msg_type": "PRECOMMIT", "node": "c8568c45b20b7a1b9e0f4a5dadd1987eb3d6007e239fc9dd224eeb47b71799cf", "to": "f08474af8ab0926587a2475f38484edb316eecc339239614a2d1eff9ccd01800", "ts": 1785720804.046352, "type": "send"}
{"delay": 0.02, "height": 11, "msg_type": "PRECOMMIT", "node": "c8568c45b20b7a1b9e0f4a5dadd1987eb3d6007e239fc9dd224eeb47b71799cf", "to": "f22393e0df7ce07fe1b9a4b8647ed82c1e636f80a5b858638dba3ccf3f416959", "ts": 1785720804.046357, "type": "send"}
{"delay": 0.02, "height": 11, "msg_type": "PRECOMMIT", "node": "f08474af8ab0926587a2475f38484edb316eecc339239614a2d1eff9ccd01800", "to": "0772af86d70664e325e22546e3fe7a4c6b82feefae381b62cab85b230fb21719", "ts": 1785720804.047266, "type": "send"}
{"delay": 0.02, "height": 11, "msg_type": "PRECOMMIT", "node": "f08474af8ab0926587a2475f38484edb316eecc339239614a2d1eff9ccd01800", "to": "13756c2a50bf937f4229883f98ab0b11b0562401f6976befce154a83a086793f", "ts": 1785720804.047275, "type": "send"}
{"delay": 0.02, "height": 11, "msg_type": "PRECOMMIT", "node": "f08474af8ab0926587a2475f38484edb316eecc339239614a2d1eff9ccd01800", "to": "3fde868ea6caf3041493f50fbcc45ebc3bad7edab4bad774a5dca2b91bec8af0", "ts": 1785720804.047282, "type": "send"}
{"delay": 0.02, "height": 11, "msg_type": "PRECOMMIT", "node": "f08474af8ab0926587a2475f38484edb316eecc339239614a2d1eff9ccd01800", "to": "4600e7073edcf35149235c417b55aed016ffc4133b445b7a44f86e142a6010ae", "ts": 1785720804.047288, "type": "send"}
{"delay": 0.02, "height": 11, "msg_type": "PRECOMMIT", "node": "f08474af8ab0926587a2475f38484edb316eecc339239614a2d1eff9ccd01800", "to": "967fe6e8b6c8221a582c62797d0002f17eee1c8d34def67da5ac8c9fb33b7fd4", "ts": 1785720804.047293, "type": "send"}
{"delay": 0.02, "height": 11, "msg_type": "PRECOMMIT", "node": "f08474af8ab0926587a2475f38484edb316eecc339239614a2d1eff9ccd01800", "to": "c8568c45b20b7a1b9e0f4a5dadd1987eb3d6007e239fc9dd224eeb47b71799cf", "ts": 1785720804.047299, "type": "send"}
{"delay": 0.02, "height": 11, "msg_type": "PRECOMMIT", "node": "f08474af8ab0926587a2475f38484edb316eecc339239614a2d1eff9ccd01800", "to": "f22393e0df7ce07fe1b9a4b8647ed82c1e636f80a5b858638dba3ccf3f416959", "ts": 1785720804.047304, "type": "send"}
{"delay": 0.02, "height": 11, "msg_type": "PRECOMMIT", "node": "f22393e0df7ce07fe1b9a4b8647ed82c1e636f80a5b858638dba3ccf3f416959", "to": "0772af86d70664e325e22546e3fe7a4c6b82feefae381b62cab85b230fb21719", "ts": 1785720804.048209, "type": "send"}
{"delay": 0.02, "height": 11, "msg_type": "PRECOMMIT", "node": "f22393e0df7ce07fe1b9a4b8647ed82c1e636f80a5b858638dba3ccf3f416959", "to": "13756c2a50bf937f4229883f98ab0b11b0562401f6976befce154a83a086793f", "ts": 1785720804.048219, "type": "send"}
{"delay": 0.02, "height": 11, "msg_type": "PRECOMMIT", "node": "f22393e0df7ce07fe1b9a4b8647ed82c1e636f80a5b858638dba3ccf3f416959", "to": "3fde868ea6caf3041493f50fbcc45ebc3bad7edab4bad774a5dca2b91bec8af0", "ts": 1785720804.048225, "type": "send"}
{"delay": 0.02, "height": 11, "msg_type": "PRECOMMIT", "node": "f22393e0df7ce07fe1b9a4b8647ed82c1e636f80a5b858638dba3ccf3f416959", "to": "4600e7073edcf35149235c417b55aed016ffc4133b445b7a44f86e142a6010ae", "ts": 1785720804.048231, "type": "send"}
{"delay": 0.02, "height": 11, "msg_type": "PRECOMMIT", "node": "f22393e0df7ce07fe1b9a4b8647ed82c1e636f80a5b858638dba3ccf3f416959", "to": "967fe6e8b6c8221a582c62797d0002f17eee1c8d34def67da5ac8c9fb33b7fd4", "ts": 1785720804.048237, "type": "send"}
{"delay": 0.02, "height": 11, "msg_type": "PRECOMMIT", "node": "f22393e0df7ce07fe1b9a4b8647ed82c1e636f80a5b858638dba3ccf3f416959", "to": "c8568c45b20b7a1b9e0f4a5dadd1987eb3d6007e239fc9dd224eeb47b71799cf", "ts": 1785720804.048242, "type": "send"}
{"delay": 0.02, "height": 11, "msg_type": "PRECOMMIT", "node": "f22393e0df7ce07fe1b9a4b8647ed82c1e636f80a5b858638dba3ccf3f416959", "to": "f08474af8ab0926587a2475f38484edb316eecc339239614a2d1eff9ccd01800", "ts": 1785720804.048248, "type": "send"}
{"delay": 0.02, "height": 11, "msg_type": "PRECOMMIT", "node": "0772af86d70664e325e22546e3fe7a4c6b82feefae381b62cab85b230fb21719", "to": "13756c2a50bf937f4229883f98ab0b11b0562401f6976befce154a83a086793f", "ts": 1785720804.049157, "type": "send"}
{"delay": 0.02, "height": 11, "msg_type": "PRECOMMIT", "node": "0772af86d70664e325e22546e3fe7a4c6b82feefae381b62cab85b230fb21719", "to": "3fde868ea6caf3041493f50fbcc45ebc3bad7edab4bad774a5dca2b91bec8af0", "ts": 1785720804.049166, "type": "send"}
{"delay": 0.02, "height": 11, "msg_type": "PRECOMMIT", "node": "0772af86d70664e325e22546e3fe7a4c6b82feefae381b62cab85b230fb21719", "to": "4600e7073edcf35149235c417b55aed016ffc4133b445b7a44f86e142a6010ae", "ts": 1785720804.049173, "type": "send"}
{"delay": 0.02, "height": 11, "msg_type": "PRECOMMIT", "node": "0772af86d70664e325e22546e3fe7a4c6b82feefae381b62cab85b230fb21719", "to": "967fe6e8b6c8221a582c62797d0002f17eee1c8d34def67da5ac8c9fb33b7fd4", "ts": 1785720804.049179, "type": "send"}
{"delay": 0.02, "height": 11, "msg_type": "PRECOMMIT", "node": "0772af86d70664e325e22546e3fe7a4c6b82feefae381b62cab85b230fb21719", "to": "c8568c45b20b7a1b9e0f4a5dadd1987eb3d6007e239fc9dd224eeb47b71799cf", "ts": 1785720804.049184, "type": "send"}
{"delay": 0.02, "height": 11, "msg_type": "PRECOMMIT", "node": "0772af86d70664e325e22546e3fe7a4c6b82feefae381b62cab85b230fb21719", "to": "f08474af8ab0926587a2475f38484edb316eecc339239614a2d1eff9ccd01800", "ts": 1785720804.049193, "type": "send"}
{"delay": 0.02, "height": 11, "msg_type": "PRECOMMIT", "node": "0772af86d70664e325e22546e3fe7a4c6b82feefae381b62cab85b230fb21719", "to": "f22393e0df7ce07fe1b9a4b8647ed82c1e636f80a5b858638dba3ccf3f416959", "ts": 1785720804.049198, "type": "send"}
{"from": "13756c2a50bf937f4229883f98ab0b11b0562401f6976befce154a83a086793f", "height": 11, "msg_type": "PRECOMMIT", "node": "0772af86d70664e325e22546e3fe7a4c6b82feefae381b62cab85b230fb21719", "ts": 1785720804.07274, "type": "deliver"}
{"from": "13756c2a50bf937f4229883f98ab0b11b0562401f6976befce154a83a086793f", "height": 11, "msg_type": "PRECOMMIT", "node": "3fde868ea6caf3041493f50fbcc45ebc3bad7edab4bad774a5dca2b91bec8af0", "ts": 1785720804.072767, "type": "deliver"}
{"from": "13756c2a50bf937f4229883f98ab0b11b0562401f6976befce154a83a086793f", "height": 11, "msg_type": "PRECOMMIT", "node": "4600e7073edcf35149235c417b55aed016ffc4133b445b7a44f86e142a6010ae", "ts": 1785720804.072778, "type": "deliver"}
{"from": "13756c2a50bf937f4229883f98ab0b11b0562401f6976befce154a83a086793f", "height": 11, "msg_type": "PRECOMMIT", "node": "967fe6e8b6c8221a582c62797d0002f17eee1c8d34def67da5ac8c9fb33b7fd4", "ts": 1785720804.072788, "type": "deliver"}
{"from": "13756c2a50bf937f4229883f98ab0b11b0562401f6976befce154a83a086793f", "height": 11, "msg_type": "PRECOMMIT", "node": "c8568c45b20b7a1b9e0f4a5dadd1987eb3d6007e239fc9dd224eeb47b71799cf", "ts": 1785720804.072796, "type": "deliver"}
{"from": "13756c2a50bf937f4229883f98ab0b11b0562401f6976befce154a83a086793f", "height": 11, "msg_type": "PRECOMMIT", "node": "f08474af8ab0926587a2475f38484edb316eecc339239614a2d1eff9ccd01800", "ts": 1785720804.072805, "type": "deliver"}
{"from": "13756c2a50bf937f4229883f98ab0b11b0562401f6976befce154a83a086793f", "height": 11, "msg_type": "PRECOMMIT", "node": "f22393e0df7ce07fe1b9a4b8647ed82c1e636f80a5b858638dba3ccf3f416959", "ts": 1785720804.072813, "type": "deliver"}
{"from": "3fde868ea6caf3041493f50fbcc45ebc3bad7edab4bad774a5dca2b91bec8af0", "height": 11, "msg_type": "PRECOMMIT", "node": "0772af86d70664e325e22546e3fe7a4c6b82feefae381b62cab85b230fb21719", "ts": 1785720804.072822, "type": "deliver"}
{"from": "3fde868ea6caf3041493f50fbcc45ebc3bad7edab4bad774a5dca2b91bec8af0", "height": 11, "msg_type": "PRECOMMIT", "node": "13756c2a50bf937f4229883f98ab0b11b0562401f6976befce154a83a086793f", "ts": 1785720804.072828, "type": "deliver"}
{"from": "3fde868ea6caf3041493f50fbcc45ebc3bad7edab4bad774a5dca2b91bec8af0", "height": 11, "msg_type": "PRECOMMIT", "node": "4600e7073edcf35149235c417b55aed016ffc4133b445b7a44f86e142a6010ae", "ts": 1785720804.072837, "type": "deliver"}
{"from": "3fde868ea6caf3041493f50fbcc45ebc3bad7edab4bad774a5dca2b91bec8af0", "height": 11, "msg_type": "PRECOMMIT", "node": "967fe6e8b6c8221a582c62797d0002f17eee1c8d34def67da5ac8c9fb33b7fd4", "ts": 1785720804.072843, "type": "deliver"}
{"from": "3fde868ea6caf3041493f50fbcc45ebc3bad7edab4bad774a5dca2b91bec8af0", "height": 11, "msg_type": "PRECOMMIT", "node": "c8568c45b20b7a1b9e0f4a5dadd1987eb3d6007e239fc9dd224eeb47b71799cf", "ts": 1785720804.072858, "type": "deliver"}
{"from": "3fde868ea6caf3041493f50fbcc45ebc3bad7edab4bad774a5dca2b91bec8af0", "height": 11, "msg_type": "PRECOMMIT", "node": "f08474af8ab0926587a2475f38484edb316eecc339239614a2d1eff9ccd01800", "ts": 1785720804.072866, "type": "deliver"}
{"from": "3fde868ea6caf3041493f50fbcc45ebc3bad7edab4bad774a5dca2b91bec8af0", "height": 11, "msg_type": "PRECOMMIT", "node": "f22393e0df7ce07fe1b9a4b8647ed82c1e636f80a5b858638dba3ccf3f416959", "ts": 1785720804.072872, "type": "deliver"}
{"from": "4600e7073edcf35149235c417b55aed016ffc4133b445b7a44f86e142a6010ae", "height": 11, "msg_type": "PRECOMMIT", "node": "0772af86d70664e325e22546e3fe7a4c6b82feefae381b62cab85b230fb21719", "ts": 1785720804.072878, "type": "deliver"}
{"from": "4600e7073edcf35149235c417b55aed016ffc4133b445b7a44f86e142a6010ae", "height": 11, "msg_type": "PRECOMMIT", "node": "13756c2a50bf937f4229883f98ab0b11b0562401f6976befce154a83a086793f", "ts": 1785720804.072885, "type": "deliver"}
{"from": "4600e7073edcf35149235c417b55aed016ffc4133b445b7a44f86e142a6010ae", "height": 11, "msg_type": "PRECOMMIT", "node": "3fde868ea6caf3041493f50fbcc45ebc3bad7edab4bad774a5dca2b91bec8af0", "ts": 1785720804.072891, "type": "deliver"}
{"from": "4600e7073edcf35149235c417b55aed016ffc4133b445b7a44f86e142a6010ae", "height": 11, "msg_type": "PRECOMMIT", "node": "967fe6e8b6c8221a582c62797d0002f17eee1c8d34def67da5ac8c9fb33b7fd4", "ts": 1785720804.072897, "type": "deliver"}
{"from": "4600e7073edcf35149235c417b55aed016ffc4133b445b7a44f86e142a6010ae", "height": 11, "msg_type": "PRECOMMIT", "node": "c8568c45b20b7a1b9e0f4a5dadd1987eb3d6007e239fc9dd224eeb47b71799cf", "ts": 1785720804.072906, "type": "deliver"}
{"from": "4600e7073edcf35149235c417b55aed016ffc4133b445b7a44f86e142a6010ae", "height": 11, "msg_type": "PRECOMMIT", "node": "f08474af8ab0926587a2475f38484edb316eecc339239614a2d1eff9ccd01800", "ts": 1785720804.072913, "type": "deliver"}
{"from": "4600e7073edcf35149235c417b55aed016ffc4133b445b7a44f86e142a6010ae", "height": 11, "msg_type": "PRECOMMIT", "node": "f22393e0df7ce07fe1b9a4b8647ed82c1e636f80a5b858638dba3ccf3f416959", "ts": 1785720804.072919, "type": "deliver"}
{"from": "967fe6e8b6c8221a582c62797d0002f17eee1c8d34def67da5ac8c9fb33b7fd4", "height": 11, "msg_type": "PRECOMMIT", "node": "0772af86d70664e325e22546e3fe7a4c6b82feefae381b62cab85b230fb21719", "ts": 1785720804.072926, "type": "deliver"}
{"from": "967fe6e8b6c8221a582c62797d0002f17eee1c8d34def67da5ac8c9fb33b7fd4", "height": 11, "msg_type": "PRECOMMIT", "node": "13756c2a50bf937f4229883f98ab0b11b0562401f6976befce154a83a086793f", "ts": 1785720804.072932, "type": "deliver"}
{"from": "967fe6e8b6c8221a582c62797d0002f17eee1c8d34def67da5ac8c9fb33b7fd4", "height": 11, "msg_type": "PRECOMMIT", "node": "3fde868ea6caf3041493f50fbcc45ebc3bad7edab4bad774a5dca2b91bec8af0", "ts": 1785720804.072938, "type": "deliver"}
{"from": "967fe6e8b6c8221a582c62797d0002f17eee1c8d34def67da5ac8c9fb33b7fd4", "height": 11, "msg_type": "PRECOMMIT", "node": "4600e7073edcf35149235c417b55aed016ffc4133b445b7a44f86e142a6010ae", "ts": 1785720804.072944, "type": "deliver"}
{"from": "967fe6e8b6c8221a582c62797d0002f17eee1c8d34def67da5ac8c9fb33b7fd4", "height": 11, "msg_type": "PRECOMMIT", "node": "c8568c45b20b7a1b9e0f4a5dadd1987eb3d6007e239fc9dd224eeb47b71799cf", "ts": 1785720804.07295, "type": "deliver"}
{"from": "967fe6e8b6c8221a582c62797d0002f17eee1c8d34def67da5ac8c9fb33b7fd4", "height": 11, "msg_type": "PRECOMMIT", "node": "f08474af8ab0926587a2475f38484edb316eecc339239614a2d1eff9ccd01800", "ts": 1785720804.072956, "type": "deliver"}
{"from": "967fe6e8b6c8221a582c62797d0002f17eee1c8d34def67da5ac8c9fb33b7fd4", "height": 11, "msg_type": "PRECOMMIT", "node": "f22393e0df7ce07fe1b9a4b8647ed82c1e636f80a5b858638dba3ccf3f416959", "ts": 1785720804.072962, "type": "deliver"}
{"from": "c8568c45b20b7a1b9e0f4a5dadd1987eb3d6007e239fc9dd224eeb47b71799cf", "height": 11, "msg_type": "PRECOMMIT", "node": "0772af86d70664e325e22546e3fe7a4c6b82feefae381b62cab85b230fb21719", "ts": 1785720804.072968, "type": "deliver"}
{"from": "c8568c45b20b7a1b9e0f4a5dadd1987eb3d6007e239fc9dd224eeb47b71799cf", "height": 11, "msg_type": "PRECOMMIT", "node": "13756c2a50bf937f4229883f98ab0b11b0562401f6976befce154a83a086793f", "ts": 1785720804.072973, "type": "deliver"}
{"from": "c8568c45b20b7a1b9e0f4a5dadd1987eb3d6007e239fc9dd224eeb47b71799cf", "height": 11, "msg_type": "PRECOMMIT", "node": "3fde868ea6caf3041493f50fbcc45ebc3bad7edab4bad774a5dca2b91bec8af0", "ts": 1785720804.07298, "type": "deliver"}
{"from": "c8568c45b20b7a1b9e0f4a5dadd1987eb3d6007e239fc9dd224eeb47b71799cf", "height": 11, "msg_type": "PRECOMMIT", "node": "4600e7073edcf35149235c417b55aed016ffc4133b445b7a44f86e142a6010ae", "ts": 1785720804.072986, "type": "deliver"}
{"from": "c8568c45b20b7a1b9e0f4a5dadd1987eb3d6007e239fc9dd224eeb47b71799cf", "height": 11, "msg_type": "PRECOMMIT", "node": "967fe6e8b6c8221a582c62797d0002f17eee1c8d34def67da5ac8c9fb33b7fd4", "ts": 1785720804.072991, "type": "deliver"}
{"from": "c8568c45b20b7a1b9e0f4a5dadd1987eb3d6007e239fc9dd224eeb47b71799cf", "height": 11, "msg_type": "PRECOMMIT", "node": "f08474af8ab0926587a2475f38484edb316eecc339239614a2d1eff9ccd01800", "ts": 1785720804.072997, "type": "deliver"}
{"from": "c8568c45b20b7a1b9e0f4a5dadd1987eb3d6007e239fc9dd224eeb47b71799cf", "height": 11, "msg_type": "PRECOMMIT", "node": "f22393e0df7ce07fe1b9a4b8647ed82c1e636f80a5b858638dba3ccf3f416959", "ts": 1785720804.073004, "type": "deliver"}
{"from": "f08474af8ab0926587a2475f38484edb316eecc339239614a2d1eff9ccd01800", "height": 11, "msg_type": "PRECOMMIT", "node": "0772af86d70664e325e22546e3fe7a4c6b82feefae381b62cab85b230fb21719", "ts": 1785720804.073009, "type": "deliver"}
{"from": "f08474af8ab0926587a2475f38484edb316eecc339239614a2d1eff9ccd01800", "height": 11, "msg_type": "PRECOMMIT", "node": "13756c2a50bf937f4229883f98ab0b11b0562401f6976befce154a83a086793f", "ts": 1785720804.073015, "type": "deliver"}
{"from": "f08474af8ab0926587a2475f38484edb316eecc339239614a2d1eff9ccd01800", "height": 11, "msg_type": "PRECOMMIT", "node": "3fde868ea6caf3041493f50fbcc45ebc3bad7edab4bad774a5dca2b91bec8af0", "ts": 1785720804.073021, "type": "deliver"}
{"from": "f08474af8ab0926587a2475f38484edb316eecc339239614a2d1eff9ccd01800", "height": 11, "msg_type": "PRECOMMIT", "node": "4600e7073edcf35149235c417b55aed016ffc4133b445b7a44f86e142a6010ae", "ts": 1785720804.073029, "type": "deliver"}
{"from": "f08474af8ab0926587a2475f38484edb316eecc339239614a2d1eff9ccd01800", "height": 11, "msg_type": "PRECOMMIT", "node": "967fe6e8b6c8221a582c62797d0002f17eee1c8d34def67da5ac8c9fb33b7fd4", "ts": 1785720804.073035, "type": "deliver"}
{"from": "f08474af8ab0926587a2475f38484edb316eecc339239614a2d1eff9ccd01800", "height": 11, "msg_type": "PRECOMMIT", "node": "c8568c45b20b7a1b9e0f4a5dadd1987eb3d6007e239fc9dd224eeb47b71799cf", "ts": 1785720804.073041, "type": "deliver"}
{"from": "f08474af8ab0926587a2475f38484edb316eecc339239614a2d1eff9ccd01800", "height": 11, "msg_type": "PRECOMMIT", "node": "f22393e0df7ce07fe1b9a4b8647ed82c1e636f80a5b858638dba3ccf3f416959", "ts": 1785720804.073047, "type": "deliver"}
{"from": "f22393e0df7ce07fe1b9a4b8647ed82c1e636f80a5b858638dba3ccf3f416959", "height": 11, "msg_type": "PRECOMMIT", "node": "0772af86d70664e325e22546e3fe7a4c6b82feefae381b62cab85b230fb21719", "ts": 1785720804.073053, "type": "deliver"}
{"from": "f22393e0df7ce07fe1b9a4b8647ed82c1e636f80a5b858638dba3ccf3f416959", "height": 11, "msg_type": "PRECOMMIT", "node": "13756c2a50bf937f4229883f98ab0b11b0562401f6976befce154a83a086793f", "ts": 1785720804.073059, "type": "deliver"}
{"from": "f22393e0df7ce07fe1b9a4b8647ed82c1e636f80a5b858638dba3ccf3f416959", "height": 11, "msg_type": "PRECOMMIT", "node": "3fde868ea6caf3041493f50fbcc45ebc3bad7edab4bad774a5dca2b91bec8af0", "ts": 1785720804.073065, "type": "deliver"}
{"from": "f22393e0df7ce07fe1b9a4b8647ed82c1e636f80a5b858638dba3ccf3f416959", "height": 11, "msg_type": "PRECOMMIT", "node": "4600e7073edcf35149235c417b55aed016ffc4133b445b7a44f86e142a6010ae", "ts": 1785720804.073071, "type": "deliver"}
{"from": "f22393e0df7ce07fe1b9a4b8647ed82c1e636f80a5b858638dba3ccf3f416959", "height": 11, "msg_type": "PRECOMMIT", "node": "967fe6e8b6c8221a582c62797d0002f17eee1c8d34def67da5ac8c9fb33b7fd4", "ts": 1785720804.073076, "type": "deliver"}
{"from": "f22393e0df7ce07fe1b9a4b8647ed82c1e636f80a5b858638dba3ccf3f416959", "height": 11, "msg_type": "PRECOMMIT", "node": "c8568c45b20b7a1b9e0f4a5dadd1987eb3d6007e239fc9dd224eeb47b71799cf", "ts": 1785720804.073082, "type": "deliver"}
{"from": "f22393e0df7ce07fe1b9a4b8647ed82c1e636f80a5b858638dba3ccf3f416959", "height": 11, "msg_type": "PRECOMMIT", "node": "f08474af8ab0926587a2475f38484edb316eecc339239614a2d1eff9ccd01800", "ts": 1785720804.073088, "type": "deliver"}
{"from": "0772af86d70664e325e22546e3fe7a4c6b82feefae381b62cab85b230fb21719", "height": 11, "msg_type": "PRECOMMIT", "node": "13756c2a50bf937f4229883f98ab0b11b0562401f6976befce154a83a086793f", "ts": 1785720804.073094, "type": "deliver"}
{"from": "0772af86d70664e325e22546e3fe7a4c6b82feefae381b62cab85b230fb21719", "height": 11, "msg_type": "PRECOMMIT", "node": "3fde868ea6caf3041493f50fbcc45ebc3bad7edab4bad774a5dca2b91bec8af0", "ts": 1785720804.0731, "type": "deliver"}
{"from": "0772af86d70664e325e22546e3fe7a4c6b82feefae381b62cab85b230fb21719", "height": 11, "msg_type": "PRECOMMIT", "node": "4600e7073edcf35149235c417b55aed016ffc4133b445b7a44f86e142a6010ae", "ts": 1785720804.073106, "type": "deliver"}
{"from": "0772af86d70664e325e22546e3fe7a4c6b82feefae381b62cab85b230fb21719", "height": 11, "msg_type": "PRECOMMIT", "node": "967fe6e8b6c8221a582c62797d0002f17eee1c8d34def67da5ac8c9fb33b7fd4", "ts": 1785720804.073112, "type": "deliver"}
{"from": "0772af86d70664e325e22546e3fe7a4c6b82feefae381b62cab85b230fb21719", "height": 11, "msg_type": "PRECOMMIT", "node": "c8568c45b20b7a1b9e0f4a5dadd1987eb3d6007e239fc9dd224eeb47b71799cf", "ts": 1785720804.073118, "type": "deliver"}
{"from": "0772af86d70664e325e22546e3fe7a4c6b82feefae381b62cab85b230fb21719", "height": 11, "msg_type": "PRECOMMIT", "node": "f08474af8ab0926587a2475f38484edb316eecc339239614a2d1eff9ccd01800", "ts": 1785720804.073124, "type": "deliver"}
{"from": "0772af86d70664e325e22546e3fe7a4c6b82feefae381b62cab85b230fb21719", "height": 11, "msg_type": "PRECOMMIT", "node": "f22393e0df7ce07fe1b9a4b8647ed82c1e636f80a5b858638dba3ccf3f416959", "ts": 1785720804.073129, "type": "deliver"}
{"delay": 0.02, "height": 12, "msg_type": "PROPOSAL", "node": "967fe6e8b6c8221a582c62797d0002f17eee1c8d34def67da5ac8c9fb33b7fd4", "to": "0772af86d70664e325e22546e3fe7a4c6b82feefae381b62cab85b230fb21719", "ts": 1785720804.075614, "type": "send"}
{"delay": 0.02, "height": 12, "msg_type": "PROPOSAL", "node": "967fe6e8b6c8221a582c62797d0002f17eee1c8d34def67da5ac8c9fb33b7fd4", "to": "13756c2a50bf937f4229883f98ab0b11b0562401f6976befce154a83a086793f", "ts": 1785720804.075632, "type": "send"}
{"delay": 0.02, "height": 12, "msg_type": "PROPOSAL", "node": "967fe6e8b6c8221a582c62797d0002f17eee1c8d34def67da5ac8c9fb33b7fd4", "to": "3fde868ea6caf3041493f50fbcc45ebc3bad7edab4bad774a5dca2b91bec8af0", "ts": 1785720804.075641, "type": "send"}
{"delay": 0.02, "height": 12, "msg_type": "PROPOSAL", "node": "967fe6e8b6c8221a582c62797d0002f17eee1c8d34def67da5ac8c9fb33b7fd4", "to": "4600e7073edcf35149235c417b55aed016ffc4133b445b7a44f86e142a6010ae", "ts": 1785720804.075647, "type": "send"}
{"delay": 0.02, "height": 12, "msg_type": "PROPOSAL", "node": "967fe6e8b6c8221a582c62797d0002f17eee1c8d34def67da5ac8c9fb33b7fd4", "to": "c8568c45b20b7a1b9e0f4a5dadd1987eb3d6007e239fc9dd224eeb47b71799cf", "ts": 1785720804.075653, "type": "send"}
{"delay": 0.02, "height": 12, "msg_type": "PROPOSAL", "node": "967fe6e8b6c8221a582c62797d0002f17eee1c8d34def67da5ac8c9fb33b7fd4", "to": "f08474af8ab0926587a2475f38484edb316eecc339239614a2d1eff9ccd01800", "ts": 1785720804.075659, "type": "send"}
{"delay": 0.02, "height": 12, "msg_type": "PROPOSAL", "node": "967fe6e8b6c8221a582c62797d0002f17eee1c8d34def67da5ac8c9fb33b7fd4", "to": "f22393e0df7ce07fe1b9a4b8647ed82c1e636f80a5b858638dba3ccf3f416959", "ts": 1785720804.075665, "type": "send"}
{"delay": 0.02, "height": 12, "msg_type": "PREVOTE", "node": "967fe6e8b6c8221a582c62797d0002f17eee1c8d34def67da5ac8c9fb33b7fd4", "to": "0772af86d70664e325e22546e3fe7a4c6b82feefae381b62cab85b230fb21719", "ts": 1785720804.07591, "type": "send"}
{"delay": 0.02, "height": 12, "msg_type": "PREVOTE", "node": "967fe6e8b6c8221a582c62797d0002f17eee1c8d34def67da5ac8c9fb33b7fd4", "to": "13756c2a50bf937f4229883f98ab0b11b0562401f6976befce154a83a086793f", "ts": 1785720804.075919, "type": "send"}
{"delay": 0.02, "height": 12, "msg_type": "PREVOTE", "node": "967fe6e8b6c8221a582c62797d0002f17eee1c8d34def67da5ac8c9fb33b7fd4", "to": "3fde868ea6caf3041493f50fbcc45ebc3bad7edab4bad774a5dca2b91bec8af0", "ts": 1785720804.075926, "type": "send"}
{"delay": 0.02, "height": 12, "msg_type": "PREVOTE", "node": "967fe6e8b6c8221a582c62797d0002f17eee1c8d34def67da5ac8c9fb33b7fd4", "to": "4600e7073edcf35149235c417b55aed016ffc4133b445b7a44f86e142a6010ae", "ts": 1785720804.075932, "type": "send"}
{"delay": 0.02, "height": 12, "msg_type": "PREVOTE", "node": "967fe6e8b6c8221a582c62797d0002f17eee1c8d34def67da5ac8c9fb33b7fd4", "to": "c8568c45b20b7a1b9e0f4a5dadd1987eb3d6007e239fc9dd224eeb47b71799cf", "ts": 1785720804.075941, "type": "send"}
{"delay": 0.02, "height": 12, "msg_type": "PREVOTE", "node": "967fe6e8b6c8221a582c62797d0002f17eee1c8d34def67da5ac8c9fb33b7fd4", "to": "f08474af8ab0926587a2475f38484edb316eecc339239614a2d1eff9ccd01800", "ts": 1785720804.075947, "type": "send"}
{"delay": 0.02, "height": 12, "msg_type": "PREVOTE", "node": "967fe6e8b6c8221a582c62797d0002f17eee1c8d34def67da5ac8c9fb33b7fd4", "to": "f22393e0df7ce07fe1b9a4b8647ed82c1e636f80a5b858638dba3ccf3f416959", "ts": 1785720804.075953, "type": "send"}
{"from": "967fe6e8b6c8221a582c62797d0002f17eee1c8d34def67da5ac8c9fb33b7fd4", "height": 12, "msg_type": "PROPOSAL", "node": "0772af86d70664e325e22546e3fe7a4c6b82feefae381b62cab85b230fb21719", "ts": 1785720804.104818, "type": "deliver"}
{"from": "967fe6e8b6c8221a582c62797d0002f17eee1c8d34def67da5ac8c9fb33b7fd4", "height": 12, "msg_type": "PROPOSAL", "node": "13756c2a50bf937f4229883f98ab0b11b0562401f6976befce154a83a086793f", "ts": 1785720804.104846, "type": "deliver"}
{"from": "967fe6e8b6c8221a582c62797d0002f17eee1c8d34def67da5ac8c9fb33b7fd4", "height": 12, "msg_type": "PROPOSAL", "node": "3fde868ea6caf3041493f50fbcc45ebc3bad7edab4bad774a5dca2b91bec8af0", "ts": 1785720804.104858, "type": "deliver"}
{"from": "967fe6e8b6c8221a582c62797d0002f17eee1c8d34def67da5ac8c9fb33b7fd4", "height": 12, "msg_type": "PROPOSAL", "node": "4600e7073edcf35149235c417b55aed016ffc4133b445b7a44f86e142a6010ae", "ts": 1785720804.104867, "type": "deliver"}
{"from": "967fe6e8b6c8221a582c62797d0002f17eee1c8d34def67da5ac8c9fb33b7fd4", "height": 12, "msg_type": "PROPOSAL", "node": "c8568c45b20b7a1b9e0f4a5dadd1987eb3d6007e239fc9dd224eeb47b71799cf", "ts": 1785720804.104877, "type": "deliver"}
{"from": "967fe6e8b6c8221a582c62797d0002f17eee1c8d34def67da5ac8c9fb33b7fd4", "height": 12, "msg_type": "PROPOSAL", "node": "f08474af8ab0926587a2475f38484edb316eecc339239614a2d1eff9ccd01800", "ts": 1785720804.104886, "type": "deliver"}
{"from": "967fe6e8b6c8221a582c62797d0002f17eee1c8d34def67da5ac8c9fb33b7fd4", "height": 12, "msg_type": "PROPOSAL", "node": "f22393e0df7ce07fe1b9a4b8647ed82c1e636f80a5b858638dba3ccf3f416959", "ts": 1785720804.104897, "type": "deliver"}
{"from": "967fe6e8b6c8221a582c62797d0002f17eee1c8d34def67da5ac8c9fb33b7fd4", "height": 12, "msg_type": "PREVOTE", "node": "0772af86d70664e325e22546e3fe7a4c6b82feefae381b62cab85b230fb21719", "ts": 1785720804.104908, "type": "deliver"}
{"from": "967fe6e8b6c8221a582c62797d0002f17eee1c8d34def67da5ac8c9fb33b7fd4", "height": 12, "msg_type": "PREVOTE", "node": "13756c2a50bf937f4229883f98ab0b11b0562401f6976befce154a83a086793f", "ts": 1785720804.104915, "type": "deliver"}
{"from": "967fe6e8b6c8221a582c62797d0002f17eee1c8d34def67da5ac8c9fb33b7fd4", "height": 12, "msg_type": "PREVOTE", "node": "3fde868ea6caf3041493f50fbcc45ebc3bad7edab4bad774a5dca2b91bec8af0", "ts": 1785720804.104922, "type": "deliver"}
{"from": "967fe6e8b6c8221a582c62797d0002f17eee1c8d34def67da5ac8c9fb33b7fd4", "height": 12, "msg_type": "PREVOTE", "node": "4600e7073edcf35149235c417b55aed016ffc4133b445b7a44f86e142a6010ae", "ts": 1785720804.104931, "type": "deliver"}
{"from": "967fe6e8b6c8221a582c62797d0002f17eee1c8d34def67da5ac8c9fb33b7fd4", "height": 12, "msg_type": "PREVOTE", "node": "c8568c45b20b7a1b9e0f4a5dadd1987eb3d6007e239fc9dd224eeb47b71799cf", "ts": 1785720804.104946, "type": "deliver"}
{"from": "967fe6e8b6c8221a582c62797d0002f17eee1c8d34def67da5ac8c9fb33b7fd4", "height": 12, "msg_type": "PREVOTE", "node": "f08474af8ab0926587a2475f38484edb316eecc339239614a2d1eff9ccd01800", "ts": 1785720804.104975, "type": "deliver"}
{"from": "967fe6e8b6c8221a582c62797d0002f17eee1c8d34def67da5ac8c9fb33b7fd4", "height": 12, "msg_type": "PREVOTE", "node": "f22393e0df7ce07fe1b9a4b8647ed82c1e636f80a5b858638dba3ccf3f416959", "ts": 1785720804.106051, "type": "deliver"}
{"delay": 0.02, "height": 12, "msg_type": "PREVOTE", "node": "0772af86d70664e325e22546e3fe7a4c6b82feefae381b62cab85b230fb21719", "to": "13756c2a50bf937f4229883f98ab0b11b0562401f6976befce154a83a086793f", "ts": 1785720804.108796, "type": "send"}
{"delay": 0.02, "height": 12, "msg_type": "PREVOTE", "node": "0772af86d70664e325e22546e3fe7a4c6b82feefae381b62cab85b230fb21719", "to": "3fde868ea6caf3041493f50fbcc45ebc3bad7edab4bad774a5dca2b91bec8af0", "ts": 1785720804.10885, "type": "send"}
{"delay": 0.02, "height": 12, "msg_type": "PREVOTE", "node": "0772af86d70664e325e22546e3fe7a4c6b82feefae381b62cab85b230fb21719", "to": "4600e7073edcf35149235c417b55aed016ffc4133b445b7a44f86e142a6010ae", "ts": 1785720804.10887, "type": "send"}
{"delay": 0.02, "height": 12, "msg_type": "PREVOTE", "node": "0772af86d70664e325e22546e3fe7a4c6b82feefae381b62cab85b230fb21719", "to": "967fe6e8b6c8221a582c62797d0002f17eee1c8d34def67da5ac8c9fb33b7fd4", "ts": 1785720804.108888, "type": "send"}
{"delay": 0.02, "height": 12, "msg_type": "PREVOTE", "node": "0772af86d70664e325e22546e3fe7a4c6b82feefae381b62cab85b230fb21719", "to": "c8568c45b20b7a1b9e0f4a5dadd1987eb3d6007e239fc9dd224eeb47b71799cf", "ts": 1785720804.108906, "type": "send"}
{"delay": 0.02, "height": 12, "msg_type": "PREVOTE", "node": "0772af86d70664e325e22546e3fe7a4c6b82feefae381b62cab85b230fb21719", "to": "f08474af8ab0926587a2475f38484edb316eecc339239614a2d1eff9ccd01800", "ts": 1785720804.108922, "type": "send"}
{"delay": 0.02, "height": 12, "msg_type": "PREVOTE", "node": "0772af86d70664e325e22546e3fe7a4c6b82feefae381b62cab85b230fb21719", "to": "f22393e0df7ce07fe1b9a4b8647ed82c1e636f80a5b858638dba3ccf3f416959", "ts": 1785720804.108939, "type": "send"}
{"delay": 0.02, "height": 12, "msg_type": "PREVOTE", "node": "13756c2a50bf937f4229883f98ab0b11b0562401f6976befce154a83a086793f", "to": "0772af86d70664e325e22546e3fe7a4c6b82feefae381b62cab85b230fb21719", "ts": 1785720804.111224, "type": "send"}
{"delay": 0.02, "height": 12, "msg_type": "PREVOTE", "node": "13756c2a50bf937f4229883f98ab0b11b0562401f6976befce154a83a086793f", "to": "3fde868ea6caf3041493f50fbcc45ebc3bad7edab4bad774a5dca2b91bec8af0", "ts": 1785720804.111257, "type": "send"}
{"delay": 0.02, "height": 12, "msg_type": "PREVOTE", "node": "13756c2a50bf937f4229883f98ab0b11b0562401f6976befce154a83a086793f", "to": "4600e7073edcf35149235c417b55aed016ffc4133b445b7a44f86e142a6010ae", "ts": 1785720804.111276, "type": "send"}
{"delay": 0.02, "height": 12, "msg_type": "PREVOTE", "node": "13756c2a50bf937f4229883f98ab0b11b0562401f6976befce154a83a086793f", "to": "967fe6e8b6c8221a582c62797d0002f17eee1c8d34def67da5ac8c9fb33b7fd4", "ts": 1785720804.111294, "type": "send"}
{"delay": 0.02, "height": 12, "msg_type": "PREVOTE", "node": "13756c2a50bf937f4229883f98ab0b11b0562401f6976befce154a83a086793f", "to": "c8568c45b20b7a1b9e0f4a5dadd1987eb3d6007e239fc9dd224eeb47b71799cf", "ts": 1785720804.11137, "type": "send"}
{"delay": 0.02, "height": 12, "msg_type": "PREVOTE", "node": "13756c2a50bf937f4229883f98ab0b11b0562401f6976befce154a83a086793f", "to": "f08474af8ab0926587a2475f38484edb316eecc339239614a2d1eff9ccd01800", "ts": 1785720804.111436, "type": "send"}
{"delay": 0.02, "height": 12, "msg_type": "PREVOTE", "node": "13756c2a50bf937f4229883f98ab0b11b0562401f6976befce154a83a086793f", "to": "f22393e0df7ce07fe1b9a4b8647ed82c1e636f80a5b858638dba3ccf3f416959", "ts": 1785720804.111455, "type": "send"}
{"delay": 0.02, "height": 12, "msg_type": "PREVOTE", "node": "3fde868ea6caf3041493f50fbcc45ebc3bad7edab4bad774a5dca2b91bec8af0", "to": "0772af86d70664e325e22546e3fe7a4c6b82feefae381b62cab85b230fb21719", "ts": 1785720804.114491, "type": "send"}
{"delay": 0.02, "height": 12, "msg_type": "PREVOTE", "node": "3fde868ea6caf3041493f50fbcc45ebc3bad7edab4bad774a5dca2b91bec8af0", "to": "13756c2a50bf937f4229883f98ab0b11b0562401f6976befce154a83a086793f", "ts": 1785720804.114544, "type": "send"}
{"delay": 0.02, "height": 12, "msg_type": "PREVOTE", "node": "3fde868ea6caf3041493f50fbcc45ebc3bad7edab4bad774a5dca2b91bec8af0", "to": "4600e7073edcf35149235c417b55aed016ffc4133b445b7a44f86e142a6010ae", "ts": 1785720804.114557, "type": "send"}
{"delay": 0.02, "height": 12, "msg_type": "PREVOTE", "node": "3fde868ea6caf3041493f50fbcc45ebc3bad7edab4bad774a5dca2b91bec8af0", "to": "967fe6e8b6c8221a582c62797d0002f17eee1c8d34def67da5ac8c9fb33b7fd4", "ts": 1785720804.114578, "type": "send"}
{"delay": 0.02, "height": 12, "msg_type": "PREVOTE", "node": "3fde868ea6caf3041493f50fbcc45ebc3bad7edab4bad774a5dca2b91bec8af0", "to": "c8568c45b20b7a1b9e0f4a5dadd1987eb3d6007e239fc9dd224eeb47b71799cf", "ts": 1785720804.114619, "type": "send"}
{"delay": 0.02, "height": 12, "msg_type": "PREVOTE", "node": "3fde868ea6caf3041493f50fbcc45ebc3bad7edab4bad774a5dca2b91bec8af0", "to": "f08474af8ab0926587a2475f38484edb316eecc339239614a2d1eff9ccd01800", "ts": 1785720804.114927, "type": "send"}
{"delay": 0.02, "height": 12, "msg_type": "PREVOTE", "node": "3fde868ea6caf3041493f50fbcc45ebc3bad7edab4bad774a5dca2b91bec8af0", "to": "f22393e0df7ce07fe1b9a4b8647ed82c1e636f80a5b858638dba3ccf3f416959", "ts": 1785720804.114947, "type": "send"}
{"delay": 0.02, "height": 12, "msg_type": "PREVOTE", "node": "4600e7073edcf35149235c417b55aed016ffc4133b445b7a44f86e142a6010ae", "to": "0772af86d70664e325e22546e3fe7a4c6b82feefae381b62cab85b230fb21719", "ts": 1785720804.119022, "type": "send"}
{"delay": 0.02, "height": 12, "msg_type": "PREVOTE", "node": "4600e7073edcf35149235c417b55aed016ffc4133b445b7a44f86e142a6010ae", "to": "13756c2a50bf937f4229883f98ab0b11b0562401f6976befce154a83a086793f", "ts": 1785720804.119085, "type": "send"}
{"delay": 0.02, "height": 12, "msg_type": "PREVOTE", "node": "4600e7073edcf35149235c417b55aed016ffc4133b445b7a44f86e142a6010ae", "to": "3fde868ea6caf3041493f50fbcc45ebc3bad7edab4bad774a5dca2b91bec8af0", "ts": 1785720804.11939, "type": "send"}
{"delay": 0.02, "height": 12, "msg_type": "PREVOTE", "node": "4600e7073edcf35149235c417b55aed016ffc4133b445b7a44f86e142a6010ae", "to": "967fe6e8b6c8221a582c62797d0002f17eee1c8d34def67da5ac8c9fb33b7fd4", "ts": 1785720804.119413, "type": "send"}
{"delay": 0.02, "height": 12, "msg_type": "PREVOTE", "node": "4600e7073edcf35149235c417b55aed016ffc4133b445b7a44f86e142a6010ae", "to": "c8568c45b20b7a1b9e0f4a5dadd1987eb3d6007e239fc9dd224eeb47b71799cf", "ts": 1785720804.119434, "type": "send"}
{"delay": 0.02, "height": 12, "msg_type": "PREVOTE", "node": "4600e7073edcf35149235c417b55aed016ffc4133b445b7a44f86e142a6010ae", "to": "f08474af8ab0926587a2475f38484edb316eecc339239614a2d1eff9ccd01800", "ts": 1785720804.119446, "type": "send"}
{"delay": 0.02, "height": 12, "msg_type": "PREVOTE", "node": "4600e7073edcf35149235c417b55aed016ffc4133b445b7a44f86e142a6010ae", "to": "f22393e0df7ce07fe1b9a4b8647ed82c1e636f80a5b858638dba3ccf3f416959", "ts": 1785720804.119455, "type": "send"}
{"delay": 0.02, "height": 12, "msg_type": "PREVOTE", "node": "c8568c45b20b7a1b9e0f4a5dadd1987eb3d6007e239fc9dd224eeb47b71799cf", "to": "0772af86d70664e325e22546e3fe7a4c6b82feefae381b62cab85b230fb21719", "ts": 1785720804.119956, "type": "send"}
{"delay": 0.02, "height": 12, "msg_type": "PREVOTE", "node": "c8568c45b20b7a1b9e0f4a5dadd1987eb3d6007e239fc9dd224eeb47b71799cf", "to": "13756c2a50bf937f4229883f98ab0b11b0562401f6976befce154a83a086793f", "ts": 1785720804.119969, "type": "send"}
{"delay": 0.02, "height": 12, "msg_type": "PREVOTE", "node": "c8568c45b20b7a1b9e0f4a5dadd1987eb3d6007e239fc9dd224eeb47b71799cf", "to": "3fde868ea6caf3041493f50fbcc45ebc3bad7edab4bad774a5dca2b91bec8af0", "ts": 1785720804.119979, "type": "send"}
{"delay": 0.02, "height": 12, "msg_type": "PREVOTE", "node": "c8568c45b20b7a1b9e0f4a5dadd1987eb3d6007e239fc9dd224eeb47b71799cf", "to": "4600e7073edcf35149235c417b55aed016ffc4133b445b7a44f86e142a6010ae", "ts": 1785720804.119988, "type": "send"}
{"delay": 0.02, "height": 12, "msg_type": "PREVOTE", "node": "c8568c45b20b7a1b9e0f4a5dadd1987eb3d6007e239fc9dd224eeb47b71799cf", "to": "967fe6e8b6c8221a582c62797d0002f17eee1c8d34def67da5ac8c9fb33b7fd4", "ts": 1785720804.119998, "type": "send"}
{"delay": 0.02, "height": 12, "msg_type": "PREVOTE", "node": "c8568c45b20b7a1b9e0f4a5dadd1987eb3d6007e239fc9dd224eeb47b71799cf", "to": "f08474af8ab0926587a2475f38484edb316eecc339239614a2d1eff9ccd01800", "ts": 1785720804.120008, "type": "send"}
{"delay": 0.02, "height": 12, "msg_type": "PREVOTE", "node": "c8568c45b20b7a1b9e0f4a5dadd1987eb3d6007e239fc9dd224eeb47b71799cf", "to": "f22393e0df7ce07fe1b9a4b8647ed82c1e636f80a5b858638dba3ccf3f416959", "ts": 1785720804.120017, "type": "send"}
{"delay": 0.02, "height": 12, "msg_type": "PREVOTE", "node": "f08474af8ab0926587a2475f38484edb316eecc339239614a2d1eff9ccd01800", "to": "0772af86d70664e325e22546e3fe7a4c6b82feefae381b62cab85b230fb21719", "ts": 1785720804.12072, "type": "send"}
{"delay": 0.02, "height": 12, "msg_type": "PREVOTE", "node": "f08474af8ab0926587a2475f38484edb316eecc339239614a2d1eff9ccd01800", "to": "13756c2a50bf937f4229883f98ab0b11b0562401f6976befce154a83a086793f", "ts": 1785720804.120733, "type": "send"}
{"delay": 0.02, "height": 12, "msg_type": "PREVOTE", "node": "f08474af8ab0926587a2475f38484edb316eecc339239614a2d1eff9ccd01800", "to": "3fde868ea6caf3041493f50fbcc45ebc3bad7edab4bad774a5dca2b91bec8af0", "ts": 1785720804.120741, "type": "send"}
{"delay": 0.02, "height": 12, "msg_type": "PREVOTE", "node": "f08474af8ab0926587a2475f38484edb316eecc339239614a2d1eff9ccd01800", "to": "4600e7073edcf35149235c417b55aed016ffc4133b445b7a44f86e142a6010ae", "ts": 1785720804.120754, "type": "send"}
{"delay": 0.02, "height": 12, "msg_type": "PREVOTE", "node": "f08474af8ab0926587a2475f38484edb316eecc339239614a2d1eff9ccd01800", "to": "967fe6e8b6c8221a582c62797d0002f17eee1c8d34def67da5ac8c9fb33b7fd4", "ts": 1785720804.120784, "type": "send"}
{"delay": 0.02, "height": 12, "msg_type": "PREVOTE", "node": "f08474af8ab0926587a2475f38484edb316eecc339239614a2d1eff9ccd01800", "to": "c8568c45b20b7a1b9e0f4a5dadd1987eb3d6007e239fc9dd224eeb47b71799cf", "ts": 1785720804.120804, "type": "send"}
{"delay": 0.02, "height": 12, "msg_type": "PREVOTE", "node": "f08474af8ab0926587a2475f38484edb316eecc339239614a2d1eff9ccd01800", "to": "f22393e0df7ce07fe1b9a4b8647ed82c1e636f80a5b858638dba3ccf3f416959", "ts": 1785720804.120812, "type": "send"}
{"delay": 0.02, "height": 12, "msg_type": "PREVOTE", "node": "f22393e0df7ce07fe1b9a4b8647ed82c1e636f80a5b858638dba3ccf3f416959", "to": "0772af86d70664e325e22546e3fe7a4c6b82feefae381b62cab85b230fb21719", "ts": 1785720804.121258, "type": "send"}
{"delay": 0.02, "height": 12, "msg_type": "PREVOTE", "node": "f22393e0df7ce07fe1b9a4b8647ed82c1e636f80a5b858638dba3ccf3f416959", "to": "13756c2a50bf937f4229883f98ab0b11b0562401f6976befce154a83a086793f", "ts": 1785720804.121269, "type": "send"}
{"delay": 0.02, "height": 12, "msg_type": "PREVOTE", "node": "f22393e0df7ce07fe1b9a4b8647ed82c1e636f80a5b858638dba3ccf3f416959", "to": "3fde868ea6caf3041493f50fbcc45ebc3bad7edab4bad774a5dca2b91bec8af0", "ts": 1785720804.121282, "type": "send"}
{"delay": 0.02, "height": 12, "msg_type": "PREVOTE", "node": "f22393e0df7ce07fe1b9a4b8647ed82c1e636f80a5b858638dba3ccf3f416959", "to": "4600e7073edcf35149235c417b55aed016ffc4133b445b7a44f86e142a6010ae", "ts": 1785720804.121289, "type": "send"}
{"delay": 0.02, "height": 12, "msg_type": "PREVOTE", "node": "f22393e0df7ce07fe1b9a4b8647ed82c1e636f80a5b858638dba3ccf3f416959", "to": "967fe6e8b6c8221a582c62797d0002f17eee1c8d34def67da5ac8c9fb33b7fd4", "ts": 1785720804.121296, "type": "send"}
{"delay": 0.02, "height": 12, "msg_type": "PREVOTE", "node": "f22393e0df7ce07fe1b9a4b8647ed82c1e636f80a5b858638dba3ccf3f416959", "to": "c8568c45b20b7a1b9e0f4a5dadd1987eb3d6007e239fc9dd224eeb47b71799cf", "ts": 1785720804.121303, "type": "send"}
{"delay": 0.02, "height": 12, "msg_type": "PREVOTE", "node": "f22393e0df7ce07fe1b9a4b8647ed82c1e636f80a5b858638dba3ccf3f416959", "to": "f08474af8ab0926587a2475f38484edb316eecc339239614a2d1eff9ccd01800", "ts": 1785720804.12131, "type": "send"}
{"from": "0772af86d70664e325e22546e3fe7a4c6b82feefae381b62cab85b230fb21719", "height": 12, "msg_type": "PREVOTE", "node": "13756c2a50bf937f4229883f98ab0b11b0562401f6976befce154a83a086793f", "ts": 1785720804.153058, "type": "deliver"}
{"from": "0772af86d70664e325e22546e3fe7a4c6b82feefae381b62cab85b230fb21719", "height": 12, "msg_type": "PREVOTE", "node": "3fde868ea6caf3041493f50fbcc45ebc3bad7edab4bad774a5dca2b91bec8af0", "ts": 1785720804.153087, "type": "deliver"}
{"from": "0772af86d70664e325e22546e3fe7a4c6b82feefae381b62cab85b230fb21719", "height": 12, "msg_type": "PREVOTE", "node": "4600e7073edcf35149235c417b55aed016ffc4133b445b7a44f86e142a6010ae", "ts": 1785720804.1531, "type": "deliver"}
{"from": "0772af86d70664e325e22546e3fe7a4c6b82feefae381b62cab85b230fb21719", "height": 12, "msg_type": "PREVOTE", "node": "967fe6e8b6c8221a582c62797d0002f17eee1c8d34def67da5ac8c9fb33b7fd4", "ts": 1785720804.153111, "type": "deliver"}
{"from": "0772af86d70664e325e22546e3fe7a4c6b82feefae381b62cab85b230fb21719", "height": 12, "msg_type": "PREVOTE", "node": "c8568c45b20b7a1b9e0f4a5dadd1987eb3d6007e239fc9dd224eeb47b71799cf", "ts": 1785720804.153123, "type": "deliver"}
{"from": "0772af86d70664e325e22546e3fe7a4c6b82feefae381b62cab85b230fb21719", "height": 12, "msg_type": "PREVOTE", "node": "f08474af8ab0926587a2475f38484edb316eecc339239614a2d1eff9ccd01800", "ts": 1785720804.153133, "type": "deliver"}
{"from": "0772af86d70664e325e22546e3fe7a4c6b82feefae381b62cab85b230fb21719", "height": 12, "msg_type": "PREVOTE", "node": "f22393e0df7ce07fe1b9a4b8647ed82c1e636f80a5b858638dba3ccf3f416959", "ts": 1785720804.153143, "type": "deliver"}
{"from": "13756c2a50bf937f4229883f98ab0b11b0562401f6976befce154a83a086793f", "height": 12, "msg_type": "PREVOTE", "node": "0772af86d70664e325e22546e3fe7a4c6b82feefae381b62cab85b230fb21719", "ts": 1785720804.153152, "type": "deliver"}
{"from": "13756c2a50bf937f4229883f98ab0b11b0562401f6976befce154a83a086793f", "height": 12, "msg_type": "PREVOTE", "node": "3fde868ea6caf3041493f50fbcc45ebc3bad7edab4bad774a5dca2b91bec8af0", "ts": 1785720804.153161, "type": "deliver"}
{"from": "13756c2a50bf937f4229883f98ab0b11b0562401f6976befce154a83a086793f", "height": 12, "msg_type": "PREVOTE", "node": "4600e7073edcf35149235c417b55aed016ffc4133b445b7a44f86e142a6010ae", "ts": 1785720804.153169, "type": "deliver"}
{"from": "13756c2a50bf937f4229883f98ab0b11b0562401f6976befce154a83a086793f", "height": 12, "msg_type": "PREVOTE", "node": "967fe6e8b6c8221a582c62797d0002f17eee1c8d34def67da5ac8c9fb33b7fd4", "ts": 1785720804.153176, "type": "deliver"}
{"from": "13756c2a50bf937f4229883f98ab0b11b0562401f6976befce154a83a086793f", "height": 12, "msg_type": "PREVOTE", "node": "c8568c45b20b7a1b9e0f4a5dadd1987eb3d6007e239fc9dd224eeb47b71799cf", "ts": 1785720804.153183, "type": "deliver"}
{"from": "13756c2a50bf937f4229883f98ab0b11b0562401f6976befce154a83a086793f", "height": 12, "msg_type": "PREVOTE", "node": "f08474af8ab0926587a2475f38484edb316eecc339239614a2d1eff9ccd01800", "ts": 1785720804.15319, "type": "deliver"}
{"from": "13756c2a50bf937f4229883f98ab0b11b0562401f6976befce154a83a086793f", "height": 12, "msg_type": "PREVOTE", "node": "f22393e0df7ce07fe1b9a4b8647ed82c1e636f80a5b858638dba3ccf3f416959", "ts": 1785720804.153196, "type": "deliver"}
{"from": "3fde868ea6caf3041493f50fbcc45ebc3bad7edab4bad774a5dca2b91bec8af0", "height": 12, "msg_type": "PREVOTE", "node": "0772af86d70664e325e22546e3fe7a4c6b82feefae381b62cab85b230fb21719", "ts": 1785720804.153203, "type": "deliver"}
{"from": "3fde868ea6caf3041493f50fbcc45ebc3bad7edab4bad774a5dca2b91bec8af0", "height": 12, "msg_type": "PREVOTE", "node": "13756c2a50bf937f4229883f98ab0b11b0562401f6976befce154a83a086793f", "ts": 1785720804.15321, "type": "deliver"}
{"from": "3fde868ea6caf3041493f50fbcc45ebc3bad7edab4bad774a5dca2b91bec8af0", "height": 12, "msg_type": "PREVOTE", "node": "4600e7073edcf35149235c417b55aed016ffc4133b445b7a44f86e142a6010ae", "ts": 1785720804.153217, "type": "deliver"}
{"from": "3fde868ea6caf3041493f50fbcc45ebc3bad7edab4bad774a5dca2b91bec8af0", "height": 12, "msg_type": "PREVOTE", "node": "967fe6e8b6c8221a582c62797d0002f17eee1c8d34def67da5ac8c9fb33b7fd4", "ts": 1785720804.153223, "type": "deliver"}
{"from": "3fde868ea6caf3041493f50fbcc45ebc3bad7edab4bad774a5dca2b91bec8af0", "height": 12, "msg_type": "PREVOTE", "node": "c8568c45b20b7a1b9e0f4a5dadd1987eb3d6007e239fc9dd224eeb47b71799cf", "ts": 1785720804.153229, "type": "deliver"}
{"from": "3fde868ea6caf3041493f50fbcc45ebc3bad7edab4bad774a5dca2b91bec8af0", "height": 12, "msg_type": "PREVOTE", "node": "f08474af8ab0926587a2475f38484edb316eecc339239614a2d1eff9ccd01800", "ts": 1785720804.153236, "type": "deliver"}
{"from": "3fde868ea6caf3041493f50fbcc45ebc3bad7edab4bad774a5dca2b91bec8af0", "height": 12, "msg_type": "PREVOTE", "node": "f22393e0df7ce07fe1b9a4b8647ed82c1e636f80a5b858638dba3ccf3f416959", "ts": 1785720804.153242, "type": "deliver"}
{"from": "4600e7073edcf35149235c417b55aed016ffc4133b445b7a44f86e142a6010ae", "height": 12, "msg_type": "PREVOTE", "node": "0772af86d70664e325e22546e3fe7a4c6b82feefae381b62cab85b230fb21719", "ts": 1785720804.153249, "type": "deliver"}
{"from": "4600e7073edcf35149235c417b55aed016ffc4133b445b7a44f86e142a6010ae", "height": 12, "msg_type": "PREVOTE", "node": "13756c2a50bf937f4229883f98ab0b11b0562401f6976befce154a83a086793f", "ts": 1785720804.153256, "type": "deliver"}
{"from": "4600e7073edcf35149235c417b55aed016ffc4133b445b7a44f86e142a6010ae", "height": 12, "msg_type": "PREVOTE", "node": "3fde868ea6caf3041493f50fbcc45ebc3bad7edab4bad774a5dca2b91bec8af0", "ts": 1785720804.153263, "type": "deliver"}
{"from": "4600e7073edcf35149235c417b55aed016ffc4133b445b7a44f86e142a6010ae", "height": 12, "msg_type": "PREVOTE", "node": "967fe6e8b6c8221a582c62797d0002f17eee1c8d34def67da5ac8c9fb33b7fd4", "ts": 1785720804.153269, "type": "deliver"}
{"from": "4600e7073edcf35149235c417b55aed016ffc4133b445b7a44f86e142a6010ae", "height": 12, "msg_type": "PREVOTE", "node": "c8568c45b20b7a1b9e0f4a5dadd1987eb3d6007e239fc9dd224eeb47b71799cf", "ts": 1785720804.153275, "type": "deliver"}
{"from": "4600e7073edcf35149235c417b55aed016ffc4133b445b7a44f86e142a6010ae", "height": 12, "msg_type": "PREVOTE", "node": "f08474af8ab0926587a2475f38484edb316eecc339239614a2d1eff9ccd01800", "ts": 1785720804.153282, "type": "deliver"}
{"from": "4600e7073edcf35149235c417b55aed016ffc4133b445b7a44f86e142a6010ae", "height": 12, "msg_type": "PREVOTE", "node": "f22393e0df7ce07fe1b9a4b8647ed82c1e636f80a5b858638dba3ccf3f416959", "ts": 1785720804.153288, "type": "deliver"}
{"from": "c8568c45b20b7a1b9e0f4a5dadd1987eb3d6007e239fc9dd224eeb47b71799cf", "height": 12, "msg_type": "PREVOTE", "node": "0772af86d70664e325e22546e3fe7a4c6b82feefae381b62cab85b230fb21719", "ts": 1785720804.153295, "type": "deliver"}
{"from": "c8568c45b20b7a1b9e0f4a5dadd1987eb3d6007e239fc9dd224eeb47b71799cf", "height": 12, "msg_type": "PREVOTE", "node": "13756c2a50bf937f4229883f98ab0b11b0562401f6976befce154a83a086793f", "ts": 1785720804.153301, "type": "deliver"}
{"from": "c8568c45b20b7a1b9e0f4a5dadd1987eb3d6007e239fc9dd224eeb47b71799cf", "height": 12, "msg_type": "PREVOTE", "node": "3fde868ea6caf3041493f50fbcc45ebc3bad7edab4bad774a5dca2b91bec8af0", "ts": 1785720804.153308, "type": "deliver"}
{"from": "c8568c45b20b7a1b9e0f4a5dadd1987eb3d6007e239fc9dd224eeb47b71799cf", "height": 12, "msg_type": "PREVOTE", "node": "4600e7073edcf35149235c417b55aed016ffc4133b445b7a44f86e142a6010ae", "ts": 1785720804.153322, "type": "deliver"}
{"from": "c8568c45b20b7a1b9e0f4a5dadd1987eb3d6007e239fc9dd224eeb47b71799cf", "height": 12, "msg_type": "PREVOTE", "node": "967fe6e8b6c8221a582c62797d0002f17eee1c8d34def67da5ac8c9fb33b7fd4", "ts": 1785720804.153329, "type": "deliver"}
{"from": "c8568c45b20b7a1b9e0f4a5dadd1987eb3d6007e239fc9dd224eeb47b71799cf", "height": 12, "msg_type": "PREVOTE", "node": "f08474af8ab0926587a2475f38484edb316eecc339239614a2d1eff9ccd01800", "ts": 1785720804.153335, "type": "deliver"}
{"from": "c8568c45b20b7a1b9e0f4a5dadd1987eb3d6007e239fc9dd224eeb47b71799cf", "height": 12, "msg_type": "PREVOTE", "node": "f22393e0df7ce07fe1b9a4b8647ed82c1e636f80a5b858638dba3ccf3f416959", "ts": 1785720804.153342, "type": "deliver"}
{"from": "f08474af8ab0926587a2475f38484edb316eecc339239614a2d1eff9ccd01800", "height": 12, "msg_type": "PREVOTE", "node": "0772af86d70664e325e22546e3fe7a4c6b82feefae381b62cab85b230fb21719", "ts": 1785720804.153349, "type": "deliver"}
{"from": "f08474af8ab0926587a2475f38484edb316eecc339239614a2d1eff9ccd01800", "height": 12, "msg_type": "PREVOTE", "node": "13756c2a50bf937f4229883f98ab0b11b0562401f6976befce154a83a086793f", "ts": 1785720804.153355, "type": "deliver"}
{"from": "f08474af8ab0926587a2475f38484edb316eecc339239614a2d1eff9ccd01800", "height": 12, "msg_type": "PREVOTE", "node": "3fde868ea6caf3041493f50fbcc45ebc3bad7edab4bad774a5dca2b91bec8af0", "ts": 1785720804.153361, "type": "deliver"}
{"from": "f08474af8ab0926587a2475f38484edb316eecc339239614a2d1eff9ccd01800", "height": 12, "msg_type": "PREVOTE", "node": "4600e7073edcf35149235c417b55aed016ffc4133b445b7a44f86e142a6010ae", "ts": 1785720804.153368, "type": "deliver"}
{"from": "f08474af8ab0926587a2475f38484edb316eecc339239614a2d1eff9ccd01800", "height": 12, "msg_type": "PREVOTE", "node": "967fe6e8b6c8221a582c62797d0002f17eee1c8d34def67da5ac8c9fb33b7fd4", "ts": 1785720804.153374, "type": "deliver"}
{"from": "f08474af8ab0926587a2475f38484edb316eecc339239614a2d1eff9ccd01800", "height": 12, "msg_type": "PREVOTE", "node": "c8568c45b20b7a1b9e0f4a5dadd1987eb3d6007e239fc9dd224eeb47b71799cf", "ts": 1785720804.15338, "type": "deliver"}
{"from": "f08474af8ab0926587a2475f38484edb316eecc339239614a2d1eff9ccd01800", "height": 12, "msg_type": "PREVOTE", "node": "f22393e0df7ce07fe1b9a4b8647ed82c1e636f80a5b858638dba3ccf3f416959", "ts": 1785720804.153387, "type": "deliver"}
{"from": "f22393e0df7ce07fe1b9a4b8647ed82c1e636f80a5b858638dba3ccf3f416959", "height": 12, "msg_type": "PREVOTE", "node": "0772af86d70664e325e22546e3fe7a4c6b82feefae381b62cab85b230fb21719", "ts": 1785720804.153393, "type": "deliver"}
{"from": "f22393e0df7ce07fe1b9a4b8647ed82c1e636f80a5b858638dba3ccf3f416959", "height": 12, "msg_type": "PREVOTE", "node": "13756c2a50bf937f4229883f98ab0b11b0562401f6976befce154a83a086793f", "ts": 1785720804.153399, "type": "deliver"}
{"from": "f22393e0df7ce07fe1b9a4b8647ed82c1e636f80a5b858638dba3ccf3f416959", "height": 12, "msg_type": "PREVOTE", "node": "3fde868ea6caf3041493f50fbcc45ebc3bad7edab4bad774a5dca2b91bec8af0", "ts": 1785720804.153405, "type": "deliver"}
{"from": "f22393e0df7ce07fe1b9a4b8647ed82c1e636f80a5b858638dba3ccf3f416959", "height": 12, "msg_type": "PREVOTE", "node": "4600e7073edcf35149235c417b55aed016ffc4133b445b7a44f86e142a6010ae", "ts": 1785720804.153412, "type": "deliver"}
{"from": "f22393e0df7ce07fe1b9a4b8647ed82c1e636f80a5b858638dba3ccf3f416959", "height": 12, "msg_type": "PREVOTE", "node": "967fe6e8b6c8221a582c62797d0002f17eee1c8d34def67da5ac8c9fb33b7fd4", "ts": 1785720804.153419, "type": "deliver"}
{"from": "f22393e0df7ce07fe1b9a4b8647ed82c1e636f80a5b858638dba3ccf3f416959", "height": 12, "msg_type": "PREVOTE", "node": "c8568c45b20b7a1b9e0f4a5dadd1987eb3d6007e239fc9dd224eeb47b71799cf", "ts": 1785720804.153425, "type": "deliver"}
{"from": "f22393e0df7ce07fe1b9a4b8647ed82c1e636f80a5b858638dba3ccf3f416959", "height": 12, "msg_type": "PREVOTE", "node": "f08474af8ab0926587a2475f38484edb316eecc339239614a2d1eff9ccd01800", "ts": 1785720804.153432, "type": "deliver"}
{"delay": 0.02, "height": 12, "msg_type": "PRECOMMIT", "node": "13756c2a50bf937f4229883f98ab0b11b0562401f6976befce154a83a086793f", "to": "0772af86d70664e325e22546e3fe7a4c6b82feefae381b62cab85b230fb21719", "ts": 1785720804.154069, "type": "send"}
{"delay": 0.02, "height": 12, "msg_type": "PRECOMMIT", "node": "13756c2a50bf937f4229883f98ab0b11b0562401f6976befce154a83a086793f", "to": "3fde868ea6caf3041493f50fbcc45ebc3bad7edab4bad774a5dca2b91bec8af0", "ts": 1785720804.154085, "type": "send"}
{"delay": 0.02, "height": 12, "msg_type": "PRECOMMIT", "node": "13756c2a50bf937f4229883f98ab0b11b0562401f6976befce154a83a086793f", "to": "4600e7073edcf35149235c417b55aed016ffc4133b445b7a44f86e142a6010ae", "ts": 1785720804.154094, "type": "send"}
{"delay": 0.02, "height": 12, "msg_type": "PRECOMMIT", "node": "13756c2a50bf937f4229883f98ab0b11b0562401f6976befce154a83a086793f", "to": "967fe6e8b6c8221a582c62797d0002f17eee1c8d34def67da5ac8c9fb33b7fd4", "ts": 1785720804.154101, "type": "send"}
{"delay": 0.02, "height": 12, "msg_type": "PRECOMMIT", "node": "13756c2a50bf937f4229883f98ab0b11b0562401f6976befce154a83a086793f", "to": "c8568c45b20b7a1b9e0f4a5dadd1987eb3d6007e239fc9dd224eeb47b71799cf", "ts": 1785720804.154108, "type": "send"}
{"delay": 0.02, "height": 12, "msg_type": "PRECOMMIT", "node": "13756c2a50bf937f4229883f98ab0b11b0562401f6976befce154a83a086793f", "to": "f08474af8ab0926587a2475f38484edb316eecc339239614a2d1eff9ccd01800", "ts": 1785720804.154115, "type": "send"}
{"delay": 0.02, "height": 12, "msg_type": "PRECOMMIT", "node": "13756c2a50bf937f4229883f98ab0b11b0562401f6976befce154a83a086793f", "to": "f22393e0df7ce07fe1b9a4b8647ed82c1e636f80a5b858638dba3ccf3f416959", "ts": 1785720804.154121, "type": "send"}
{"delay": 0.02, "height": 12, "msg_type": "PRECOMMIT", "node": "3fde868ea6caf3041493f50fbcc45ebc3bad7edab4bad774a5dca2b91bec8af0", "to": "0772af86d70664e325e22546e3fe7a4c6b82feefae381b62cab85b230fb21719", "ts": 1785720804.15517, "type": "send"}
{"delay": 0.02, "height": 12, "msg_type": "PRECOMMIT", "node": "3fde868ea6caf3041493f50fbcc45ebc3bad7edab4bad774a5dca2b91bec8af0", "to": "13756c2a50bf937f4229883f98ab0b11b0562401f6976befce154a83a086793f", "ts": 1785720804.155181, "type": "send"}
{"delay": 0.02, "height": 12, "msg_type": "PRECOMMIT", "node": "3fde868ea6caf3041493f50fbcc45ebc3bad7edab4bad774a5dca2b91bec8af0", "to": "4600e7073edcf35149235c417b55aed016ffc4133b445b7a44f86e142a6010ae", "ts": 1785720804.15519, "type": "send"}
{"delay": 0.02, "height": 12, "msg_type": "PRECOMMIT", "node": "3fde868ea6caf3041493f50fbcc45ebc3bad7edab4bad774a5dca2b91bec8af0", "to": "967fe6e8b6c8221a582c62797d0002f17eee1c8d34def67da5ac8c9fb33b7fd4", "ts": 1785720804.155196, "type": "send"}
{"delay": 0.02, "height": 12, "msg_type": "PRECOMMIT", "node": "3fde868ea6caf3041493f50fbcc45ebc3bad7edab4bad774a5dca2b91bec8af0", "to": "c8568c45b20b7a1b9e0f4a5dadd1987eb3d6007e239fc9dd224eeb47b71799cf", "ts": 1785720804.155203, "type": "send"}
{"delay": 0.02, "height": 12, "msg_type": "PRECOMMIT", "node": "3fde868ea6caf3041493f50fbcc45ebc3bad7edab4bad774a5dca2b91bec8af0", "to": "f08474af8ab0926587a2475f38484edb316eecc339239614a2d1eff9ccd01800", "ts": 1785720804.15521, "type": "send"}
{"delay": 0.02, "height": 12, "msg_type": "PRECOMMIT", "node": "3fde868ea6caf3041493f50fbcc45ebc3bad7edab4bad774a5dca2b91bec8af0", "to": "f22393e0df7ce07fe1b9a4b8647ed82c1e636f80a5b858638dba3ccf3f416959", "ts": 1785720804.155216, "type": "send"}
{"delay": 0.02, "height": 12, "msg_type": "PRECOMMIT", "node": "4600e7073edcf35149235c417b55aed016ffc4133b445b7a44f86e142a6010ae", "to": "0772af86d70664e325e22546e3fe7a4c6b82feefae381b62cab85b230fb21719", "ts": 1785720804.156244, "type": "send"}
{"delay": 0.02, "height": 12, "msg_type": "PRECOMMIT", "node": "4600e7073edcf35149235c417b55aed016ffc4133b445b7a44f86e142a6010ae", "to": "13756c2a50bf937f4229883f98ab0b11b0562401f6976befce154a83a086793f", "ts": 1785720804.156255, "type": "send"}
{"delay": 0.02, "height": 12, "msg_type": "PRECOMMIT", "node": "4600e7073edcf35149235c417b55aed016ffc4133b445b7a44f86e142a6010ae", "to": "3fde868ea6caf3041493f50fbcc45ebc3bad7edab4bad774a5dca2b91bec8af0", "ts": 1785720804.156263, "type": "send"}
{"delay": 0.02, "height": 12, "msg_type": "PRECOMMIT", "node": "4600e7073edcf35149235c417b55aed016ffc4133b445b7a44f86e142a6010ae", "to": "967fe6e8b6c8221a582c62797d0002f17eee1c8d34def67da5ac8c9fb33b7fd4", "ts": 1785720804.15627, "type": "send"}
{"delay": 0.02, "height": 12, "msg_type": "PRECOMMIT", "node": "4600e7073edcf35149235c417b55aed016ffc4133b445b7a44f86e142a6010ae", "to": "c8568c45b20b7a1b9e0f4a5dadd1987eb3d6007e239fc9dd224eeb47b71799cf", "ts": 1785720804.156276, "type": "send"}
{"delay": 0.02, "height": 12, "msg_type": "PRECOMMIT", "node": "4600e7073edcf35149235c417b55aed016ffc4133b445b7a44f86e142a6010ae", "to": "f08474af8ab0926587a2475f38484edb316eecc339239614a2d1eff9ccd01800", "ts": 1785720804.156283, "type": "send"}
{"delay": 0.02, "height": 12, "msg_type": "PRECOMMIT", "node": "4600e7073edcf35149235c417b55aed016ffc4133b445b7a44f86e142a6010ae", "to": "f22393e0df7ce07fe1b9a4b8647ed82c1e636f80a5b858638dba3ccf3f416959", "ts": 1785720804.15629, "type": "send"}
{"delay": 0.02, "height": 12, "msg_type": "PRECOMMIT", "node": "967fe6e8b6c8221a582c62797d0002f17eee1c8d34def67da5ac8c9fb33b7fd4", "to": "0772af86d70664e325e22546e3fe7a4c6b82feefae381b62cab85b230fb21719", "ts": 1785720804.157459, "type": "send"}
{"delay": 0.02, "height": 12, "msg_type": "PRECOMMIT", "node": "967fe6e8b6c8221a582c62797d0002f17eee1c8d34def67da5ac8c9fb33b7fd4", "to": "13756c2a50bf937f4229883f98ab0b11b0562401f6976befce154a83a086793f", "ts": 1785720804.15747, "type": "send"}
{"delay": 0.02, "height": 12, "msg_type": "PRECOMMIT", "node": "967fe6e8b6c8221a582c62797d0002f17eee1c8d34def67da5ac8c9fb33b7fd4", "to": "3fde868ea6caf3041493f50fbcc45ebc3bad7edab4bad774a5dca2b91bec8af0", "ts": 1785720804.157478, "type": "send"}
{"delay": 0.02, "height": 12, "msg_type": "PRECOMMIT", "node": "967fe6e8b6c8221a582c62797d0002f17eee1c8d34def67da5ac8c9fb33b7fd4", "to": "4600e7073edcf35149235c417b55aed016ffc4133b445b7a44f86e142a6010ae", "ts": 1785720804.157485, "type": "send"}
{"delay": 0.02, "height": 12, "msg_type": "PRECOMMIT", "node": "967fe6e8b6c8221a582c62797d0002f17eee1c8d34def67da5ac8c9fb33b7fd4", "to": "c8568c45b20b7a1b9e0f4a5dadd1987eb3d6007e239fc9dd224eeb47b71799cf", "ts": 1785720804.157491, "type": "send"}
{"delay": 0.02, "height": 12, "msg_type": "PRECOMMIT", "node": "967fe6e8b6c8221a582c62797d0002f17eee1c8d34def67da5ac8c9fb33b7fd4", "to": "f08474af8ab0926587a2475f38484edb316eecc339239614a2d1eff9ccd01800", "ts": 1785720804.157498, "type": "send"}
{"delay": 0.02, "height": 12, "msg_type": "PRECOMMIT", "node": "967fe6e8b6c8221a582c62797d0002f17eee1c8d34def67da5ac8c9fb33b7fd4", "to": "f22393e0df7ce07fe1b9a4b8647ed82c1e636f80a5b858638dba3ccf3f416959", "ts": 1785720804.157505, "type": "send"}
{"delay": 0.02, "height": 12, "msg_type": "PRECOMMIT", "node": "c8568c45b20b7a1b9e0f4a5dadd1987eb3d6007e239fc9dd224eeb47b71799cf", "to": "0772af86d70664e325e22546e3fe7a4c6b82feefae381b62cab85b230fb21719", "ts": 1785720804.158529, "type": "send"}
{"delay": 0.02, "height": 12, "msg_type": "PRECOMMIT", "node": "c8568c45b20b7a1b9e0f4a5dadd1987eb3d6007e239fc9dd224eeb47b71799cf", "to": "13756c2a50bf937f4229883f98ab0b11b0562401f6976befce154a83a086793f", "ts": 1785720804.15854, "type": "send"}
{"delay": 0.02, "height": 12, "msg_type": "PRECOMMIT", "node": "c8568c45b20b7a1b9e0f4a5dadd1987eb3d6007e239fc9dd224eeb47b71799cf", "to": "3fde868ea6caf3041493f50fbcc45ebc3bad7edab4bad774a5dca2b91bec8af0", "ts": 1785720804.158548, "type": "send"}
{"delay": 0.02, "height": 12, "msg_type": "PRECOMMIT", "node": "c8568c45b20b7a1b9e0f4a5dadd1987eb3d6007e239fc9dd224eeb47b71799cf", "to": "4600e7073edcf35149235c417b55aed016ffc4133b445b7a44f86e142a6010ae", "ts": 1785720804.158555, "type": "send"}
{"delay": 0.02, "height": 12, "msg_type": "PRECOMMIT", "node": "c8568c45b20b7a1b9e0f4a5dadd1987eb3d6007e239fc9dd224eeb47b71799cf", "to": "967fe6e8b6c8221a582c62797d0002f17eee1c8d34def67da5ac8c9fb33b7fd4", "ts": 1785720804.158561, "type": "send"}
{"delay": 0.02, "height": 12, "msg_type": "PRECOMMIT", "node": "c8568c45b20b7a1b9e0f4a5dadd1987eb3d6007e239fc9dd224eeb47b71799cf", "to": "f08474af8ab0926587a2475f38484edb316eecc339239614a2d1eff9ccd01800", "ts": 1785720804.158568, "type": "send"}
{"delay": 0.02, "height": 12, "msg_type": "PRECOMMIT", "node": "c8568c45b20b7a1b9e0f4a5dadd1987eb3d6007e239fc9dd224eeb47b71799cf", "to": "f22393e0df7ce07fe1b9a4b8647ed82c1e636f80a5b858638dba3ccf3f416959", "ts": 1785720804.158574, "type": "send"}
{"delay": 0.02, "height": 12, "msg_type": "PRECOMMIT", "node": "f08474af8ab0926587a2475f38484edb316eecc339239614a2d1eff9ccd01800", "to": "0772af86d70664e325e22546e3fe7a4c6b82feefae381b62cab85b230fb21719", "ts": 1785720804.159601, "type": "send"}
{"delay": 0.02, "height": 12, "msg_type": "PRECOMMIT", "node": "f08474af8ab0926587a2475f38484edb316eecc339239614a2d1eff9ccd01800", "to": "13756c2a50bf937f4229883f98ab0b11b0562401f6976befce154a83a086793f", "ts": 1785720804.159612, "type": "send"}
{"delay": 0.02, "height": 12, "msg_type": "PRECOMMIT", "node": "f08474af8ab0926587a2475f38484edb316eecc339239614a2d1eff9ccd01800", "to": "3fde868ea6caf3041493f50fbcc45ebc3bad7edab4bad774a5dca2b91bec8af0", "ts": 1785720804.159619, "type": "send"}
{"delay": 0.02, "height": 12, "msg_type": "PRECOMMIT", "node": "f08474af8ab0926587a2475f38484edb316eecc339239614a2d1eff9ccd01800", "to": "4600e7073edcf35149235c417b55aed016ffc4133b445b7a44f86e142a6010ae", "ts": 1785720804.159626, "type": "send"}
{"delay": 0.02, "height": 12, "msg_type": "PRECOMMIT", "node": "f08474af8ab0926587a2475f38484edb316eecc339239614a2d1eff9ccd01800", "to": "967fe6e8b6c8221a582c62797d0002f17eee1c8d34def67da5ac8c9fb33b7fd4", "ts": 1785720804.159633, "type": "send"}
{"delay": 0.02, "height": 12, "msg_type": "PRECOMMIT", "node": "f08474af8ab0926587a2475f38484edb316eecc339239614a2d1eff9ccd01800", "to": "c8568c45b20b7a1b9e0f4a5dadd1987eb3d6007e239fc9dd224eeb47b71799cf", "ts": 1785720804.159642, "type": "send"}
{"delay": 0.02, "height": 12, "msg_type": "PRECOMMIT", "node": "f08474af8ab0926587a2475f38484edb316eecc339239614a2d1eff9ccd01800", "to": "f22393e0df7ce07fe1b9a4b8647ed82c1e636f80a5b858638dba3ccf3f416959", "ts": 1785720804.159649, "type": "send"}
{"delay": 0.02, "height": 12, "msg_type": "PRECOMMIT", "node": "f22393e0df7ce07fe1b9a4b8647ed82c1e636f80a5b858638dba3ccf3f416959", "to": "0772af86d70664e325e22546e3fe7a4c6b82feefae381b62cab85b230fb21719", "ts": 1785720804.160676, "type": "send"}
{"delay": 0.02, "height": 12, "msg_type": "PRECOMMIT", "node": "f22393e0df7ce07fe1b9a4b8647ed82c1e636f80a5b858638dba3ccf3f416959", "to": "13756c2a50bf937f4229883f98ab0b11b0562401f6976befce154a83a086793f", "ts": 1785720804.160686, "type": "send"}
{"delay": 0.02, "height": 12, "msg_type": "PRECOMMIT", "node": "f22393e0df7ce07fe1b9a4b8647ed82c1e636f80a5b858638dba3ccf3f416959", "to": "3fde868ea6caf3041493f50fbcc45ebc3bad7edab4bad774a5dca2b91bec8af0", "ts": 1785720804.160694, "type": "send"}
{"delay": 0.02, "height": 12, "msg_type": "PRECOMMIT", "node": "f22393e0df7ce07fe1b9a4b8647ed82c1e636f80a5b858638dba3ccf3f416959", "to": "4600e7073edcf35149235c417b55aed016ffc4133b445b7a44f86e142a6010ae", "ts": 1785720804.160701, "type": "send"}
{"delay": 0.02, "height": 12, "msg_type": "PRECOMMIT", "node": "f22393e0df7ce07fe1b9a4b8647ed82c1e636f80a5b858638dba3ccf3f416959", "to": "967fe6e8b6c8221a582c62797d0002f17eee1c8d34def67da5ac8c9fb33b7fd4", "ts": 1785720804.160707, "type": "send"}
{"delay": 0.02, "height": 12, "msg_type": "PRECOMMIT", "node": "f22393e0df7ce07fe1b9a4b8647ed82c1e636f80a5b858638dba3ccf3f416959", "to": "c8568c45b20b7a1b9e0f4a5dadd1987eb3d6007e239fc9dd224eeb47b71799cf", "ts": 1785720804.160714, "type": "send"}
{"delay": 0.02, "height": 12, "msg_type": "PRECOMMIT", "node": "f22393e0df7ce07fe1b9a4b8647ed82c1e636f80a5b858638dba3ccf3f416959", "to": "f08474af8ab0926587a2475f38484edb316eecc339239614a2d1eff9ccd01800", "ts": 1785720804.160721, "type": "send"}
{"delay": 0.02, "height": 12, "msg_type": "PRECOMMIT", "node": "0772af86d70664e325e22546e3fe7a4c6b82feefae381b62cab85b230fb21719", "to": "13756c2a50bf937f4229883f98ab0b11b0562401f6976befce154a83a086793f", "ts": 1785720804.161753, "type": "send"}
{"delay": 0.02, "height": 12, "msg_type": "PRECOMMIT", "node": "0772af86d70664e325e22546e3fe7a4c6b82feefae381b62cab85b230fb21719", "to": "3fde868ea6caf3041493f50fbcc45ebc3bad7edab4bad774a5dca2b91bec8af0", "ts": 1785720804.161764, "type": "send"}
{"delay": 0.02, "height": 12, "msg_type": "PRECOMMIT", "node": "0772af86d70664e325e22546e3fe7a4c6b82feefae381b62cab85b230fb21719", "to": "4600e7073edcf35149235c417b55aed016ffc4133b445b7a44f86e142a6010ae", "ts": 1785720804.161772, "type": "send"}
{"delay": 0.02, "height": 12, "msg_type": "PRECOMMIT", "node": "0772af86d70664e325e22546e3fe7a4c6b82feefae381b62cab85b230fb21719", "to": "967fe6e8b6c8221a582c62797d0002f17eee1c8d34def67da5ac8c9fb33b7fd4", "ts": 1785720804.161779, "type": "send"}
{"delay": 0.02, "height": 12, "msg_type": "PRECOMMIT", "node": "0772af86d70664e325e22546e3fe7a4c6b82feefae381b62cab85b230fb21719", "to": "c8568c45b20b7a1b9e0f4a5dadd1987eb3d6007e239fc9dd224eeb47b71799cf", "ts": 1785720804.161786, "type": "send"}
{"delay": 0.02, "height": 12, "msg_type": "PRECOMMIT", "node": "0772af86d70664e325e22546e3fe7a4c6b82feefae381b62cab85b230fb21719", "to": "f08474af8ab0926587a2475f38484edb316eecc339239614a2d1eff9ccd01800", "ts": 1785720804.161793, "type": "send"}
{"delay": 0.02, "height": 12, "msg_type": "PRECOMMIT", "node": "0772af86d70664e325e22546e3fe7a4c6b82feefae381b62cab85b230fb21719", "to": "f22393e0df7ce07fe1b9a4b8647ed82c1e636f80a5b858638dba3ccf3f416959", "ts": 1785720804.161799, "type": "send"}
{"from": "13756c2a50bf937f4229883f98ab0b11b0562401f6976befce154a83a086793f", "height": 12, "msg_type": "PRECOMMIT", "node": "0772af86d70664e325e22546e3fe7a4c6b82feefae381b62cab85b230fb21719", "ts": 1785720804.183597, "type": "deliver"}
{"from": "13756c2a50bf937f4229883f98ab0b11b0562401f6976befce154a83a086793f", "height": 12, "msg_type": "PRECOMMIT", "node": "3fde868ea6caf3041493f50fbcc45ebc3bad7edab4bad774a5dca2b91bec8af0", "ts": 1785720804.183625, "type": "deliver"}
{"from": "13756c2a50bf937f4229883f98ab0b11b0562401f6976befce154a83a086793f", "height": 12, "msg_type": "PRECOMMIT", "node": "4600e7073edcf35149235c417b55aed016ffc4133b445b7a44f86e142a6010ae", "ts": 1785720804.183637, "type": "deliver"}
{"from": "13756c2a50bf937f4229883f98ab0b11b0562401f6976befce154a83a086793f", "height": 12, "msg_type": "PRECOMMIT", "node": "967fe6e8b6c8221a582c62797d0002f17eee1c8d34def67da5ac8c9fb33b7fd4", "ts": 1785720804.183646, "type": "deliver"}
{"from": "13756c2a50bf937f4229883f98ab0b11b0562401f6976befce154a83a086793f", "height": 12, "msg_type": "PRECOMMIT", "node": "c8568c45b20b7a1b9e0f4a5dadd1987eb3d6007e239fc9dd224eeb47b71799cf", "ts": 1785720804.183656, "type": "deliver"}
{"from": "13756c2a50bf937f4229883f98ab0b11b0562401f6976befce154a83a086793f", "height": 12, "msg_type": "PRECOMMIT", "node": "f08474af8ab0926587a2475f38484edb316eecc339239614a2d1eff9ccd01800", "ts": 1785720804.183665, "type": "deliver"}
{"from": "13756c2a50bf937f4229883f98ab0b11b0562401f6976befce154a83a086793f", "height": 12, "msg_type": "PRECOMMIT", "node": "f22393e0df7ce07fe1b9a4b8647ed82c1e636f80a5b858638dba3ccf3f416959", "ts": 1785720804.183674, "type": "deliver"}
{"from": "3fde868ea6caf3041493f50fbcc45ebc3bad7edab4bad774a5dca2b91bec8af0", "height": 12, "msg_type": "PRECOMMIT", "node": "0772af86d70664e325e22546e3fe7a4c6b82feefae381b62cab85b230fb21719", "ts": 1785720804.183682, "type": "deliver"}
{"from": "3fde868ea6caf3041493f50fbcc45ebc3bad7edab4bad774a5dca2b91bec8af0", "height": 12, "msg_type": "PRECOMMIT", "node": "13756c2a50bf937f4229883f98ab0b11b0562401f6976befce154a83a086793f", "ts": 1785720804.18369, "type": "deliver"}
{"from": "3fde868ea6caf3041493f50fbcc45ebc3bad7edab4bad774a5dca2b91bec8af0", "height": 12, "msg_type": "PRECOMMIT", "node": "4600e7073edcf35149235c417b55aed016ffc4133b445b7a44f86e142a6010ae", "ts": 1785720804.183698, "type": "deliver"}
{"from": "3fde868ea6caf3041493f50fbcc45ebc3bad7edab4bad774a5dca2b91bec8af0", "height": 12, "msg_type": "PRECOMMIT", "node": "967fe6e8b6c8221a582c62797d0002f17eee1c8d34def67da5ac8c9fb33b7fd4", "ts": 1785720804.183705, "type": "deliver"}
{"from": "3fde868ea6caf3041493f50fbcc45ebc3bad7edab4bad774a5dca2b91bec8af0", "height": 12, "msg_type": "PRECOMMIT", "node": "c8568c45b20b7a1b9e0f4a5dadd1987eb3d6007e239fc9dd224eeb47b71799cf", "ts": 1785720804.183712, "type": "deliver"}
{"from": "3fde868ea6caf3041493f50fbcc45ebc3bad7edab4bad774a5dca2b91bec8af0", "height": 12, "msg_type": "PRECOMMIT", "node": "f08474af8ab0926587a2475f38484edb316eecc339239614a2d1eff9ccd01800", "ts": 1785720804.183718, "type": "deliver"}
{"from": "3fde868ea6caf3041493f50fbcc45ebc3bad7edab4bad774a5dca2b91bec8af0", "height": 12, "msg_type": "PRECOMMIT", "node": "f22393e0df7ce07fe1b9a4b8647ed82c1e636f80a5b858638dba3ccf3f416959", "ts": 1785720804.183725, "type": "deliver"}
{"from": "4600e7073edcf35149235c417b55aed016ffc4133b445b7a44f86e142a6010ae", "height": 12, "msg_type": "PRECOMMIT", "node": "0772af86d70664e325e22546e3fe7a4c6b82feefae381b62cab85b230fb21719", "ts": 1785720804.18374, "type": "deliver"}
{"from": "4600e7073edcf35149235c417b55aed016ffc4133b445b7a44f86e142a6010ae", "height": 12, "msg_type": "PRECOMMIT", "node": "13756c2a50bf937f4229883f98ab0b11b0562401f6976befce154a83a086793f", "ts": 1785720804.183748, "type": "deliver"}
{"from": "4600e7073edcf35149235c417b55aed016ffc4133b445b7a44f86e142a6010ae", "height": 12, "msg_type": "PRECOMMIT", "node": "3fde868ea6caf3041493f50fbcc45ebc3bad7edab4bad774a5dca2b91bec8af0", "ts": 1785720804.183756, "type": "deliver"}
{"from": "4600e7073edcf35149235c417b55aed016ffc4133b445b7a44f86e142a6010ae", "height": 12, "msg_type": "PRECOMMIT", "node": "967fe6e8b6c8221a582c62797d0002f17eee1c8d34def67da5ac8c9fb33b7fd4", "ts": 1785720804.183762, "type": "deliver"}
{"from": "4600e7073edcf35149235c417b55aed016ffc4133b445b7a44f86e142a6010ae", "height": 12, "msg_type": "PRECOMMIT", "node": "c8568c45b20b7a1b9e0f4a5dadd1987eb3d6007e239fc9dd224eeb47b71799cf", "ts": 1785720804.183769, "type": "deliver"}
{"from": "4600e7073edcf35149235c417b55aed016ffc4133b445b7a44f86e142a6010ae", "height": 12, "msg_type": "PRECOMMIT", "node": "f08474af8ab0926587a2475f38484edb316eecc339239614a2d1eff9ccd01800", "ts": 1785720804.183775, "type": "deliver"}
{"from": "4600e7073edcf35149235c417b55aed016ffc4133b445b7a44f86e142a6010ae", "height": 12, "msg_type": "PRECOMMIT", "node": "f22393e0df7ce07fe1b9a4b8647ed82c1e636f80a5b858638dba3ccf3f416959", "ts": 1785720804.183782, "type": "deliver"}
{"from": "967fe6e8b6c8221a582c62797d0002f17eee1c8d34def67da5ac8c9fb33b7fd4", "height": 12, "msg_type": "PRECOMMIT", "node": "0772af86d70664e325e22546e3fe7a4c6b82feefae381b62cab85b230fb21719", "ts": 1785720804.183788, "type": "deliver"}
{"from": "967fe6e8b6c8221a582c62797d0002f17eee1c8d34def67da5ac8c9fb33b7fd4", "height": 12, "msg_type": "PRECOMMIT", "node": "13756c2a50bf937f4229883f98ab0b11b0562401f6976befce154a83a086793f", "ts": 1785720804.183795, "type": "deliver"}
{"from": "967fe6e8b6c8221a582c62797d0002f17eee1c8d34def67da5ac8c9fb33b7fd4", "height": 12, "msg_type": "PRECOMMIT", "node": "3fde868ea6caf3041493f50fbcc45ebc3bad7edab4bad774a5dca2b91bec8af0", "ts": 1785720804.183801, "type": "deliver"}
{"from": "967fe6e8b6c8221a582c62797d0002f17eee1c8d34def67da5ac8c9fb33b7fd4", "height": 12, "msg_type": "PRECOMMIT", "node": "4600e7073edcf35149235c417b55aed016ffc4133b445b7a44f86e142a6010ae", "ts": 1785720804.183808, "type": "deliver"}
{"from": "967fe6e8b6c8221a582c62797d0002f17eee1c8d34def67da5ac8c9fb33b7fd4", "height": 12, "msg_type": "PRECOMMIT", "node": "c8568c45b20b7a1b9e0f4a5dadd1987eb3d6007e239fc9dd224eeb47b71799cf", "ts": 1785720804.183814, "type": "deliver"}
{"from": "967fe6e8b6c8221a582c62797d0002f17eee1c8d34def67da5ac8c9fb33b7fd4", "height": 12, "msg_type": "PRECOMMIT", "node": "f08474af8ab0926587a2475f38484edb316eecc339239614a2d1eff9ccd01800", "ts": 1785720804.183821, "type": "deliver"}
{"from": "967fe6e8b6c8221a582c62797d0002f17eee1c8d34def67da5ac8c9fb33b7fd4", "height": 12, "msg_type": "PRECOMMIT", "node": "f22393e0df7ce07fe1b9a4b8647ed82c1e636f80a5b858638dba3ccf3f416959", "ts": 1785720804.183827, "type": "deliver"}
{"from": "c8568c45b20b7a1b9e0f4a5dadd1987eb3d6007e239fc9dd224eeb47b71799cf", "height": 12, "msg_type": "PRECOMMIT", "node": "0772af86d70664e325e22546e3fe7a4c6b82feefae381b62cab85b230fb21719", "ts": 1785720804.183834, "type": "deliver"}
{"from": "c8568c45b20b7a1b9e0f4a5dadd1987eb3d6007e239fc9dd224eeb47b71799cf", "height": 12, "msg_type": "PRECOMMIT", "node": "13756c2a50bf937f4229883f98ab0b11b0562401f6976befce154a83a086793f", "ts": 1785720804.18384, "type": "deliver"}
{"from": "c8568c45b20b7a1b9e0f4a5dadd1987eb3d6007e239fc9dd224eeb47b71799cf", "height": 12, "msg_type": "PRECOMMIT", "node": "3fde868ea6caf3041493f50fbcc45ebc3bad7edab4bad774a5dca2b91bec8af0", "ts": 1785720804.183846, "type": "deliver"}
{"from": "c8568c45b20b7a1b9e0f4a5dadd1987eb3d6007e239fc9dd224eeb47b71799cf", "height": 12, "msg_type": "PRECOMMIT", "node": "4600e7073edcf35149235c417b55aed016ffc4133b445b7a44f86e142a6010ae", "ts": 1785720804.183852, "type": "deliver"}
{"from": "c8568c45b20b7a1b9e0f4a5dadd1987eb3d6007e239fc9dd224eeb47b71799cf", "height": 12, "msg_type": "PRECOMMIT", "node": "967fe6e8b6c8221a582c62797d0002f17eee1c8d34def67da5ac8c9fb33b7fd4", "ts": 1785720804.183859, "type": "deliver"}
{"from": "c8568c45b20b7a1b9e0f4a5dadd1987eb3d6007e239fc9dd224eeb47b71799cf", "height": 12, "msg_type": "PRECOMMIT", "node": "f08474af8ab0926587a2475f38484edb316eecc339239614a2d1eff9ccd01800", "ts": 1785720804.183865, "type": "deliver"}
{"from": "c8568c45b20b7a1b9e0f4a5dadd1987eb3d6007e239fc9dd224eeb47b71799cf", "height": 12, "msg_type": "PRECOMMIT", "node": "f22393e0df7ce07fe1b9a4b8647ed82c1e636f80a5b858638dba3ccf3f416959", "ts": 1785720804.183875, "type": "deliver"}
{"from": "f08474af8ab0926587a2475f38484edb316eecc339239614a2d1eff9ccd01800", "height": 12, "msg_type": "PRECOMMIT", "node": "0772af86d70664e325e22546e3fe7a4c6b82feefae381b62cab85b230fb21719", "ts": 1785720804.183881, "type": "deliver"}
{"from": "f08474af8ab0926587a2475f38484edb316eecc339239614a2d1eff9ccd01800", "height": 12, "msg_type": "PRECOMMIT", "node": "13756c2a50bf937f4229883f98ab0b11b0562401f6976befce154a83a086793f", "ts": 1785720804.183887, "type": "deliver"}
{"from": "f08474af8ab0926587a2475f38484edb316eecc339239614a2d1eff9ccd01800", "height": 12, "msg_type": "PRECOMMIT", "node": "3fde868ea6caf3041493f50fbcc45ebc3bad7edab4bad774a5dca2b91bec8af0", "ts": 1785720804.183893, "type": "deliver"}
{"from": "f08474af8ab0926587a2475f38484edb316eecc339239614a2d1eff9ccd01800", "height": 12, "msg_type": "PRECOMMIT", "node": "4600e7073edcf35149235c417b55aed016ffc4133b445b7a44f86e142a6010ae", "ts": 1785720804.1839, "type": "deliver"}
{"from": "f08474af8ab0926587a2475f38484edb316eecc339239614a2d1eff9ccd01800", "height": 12, "msg_type": "PRECOMMIT", "node": "967fe6e8b6c8221a582c62797d0002f17eee1c8d34def67da5ac8c9fb33b7fd4", "ts": 1785720804.183906, "type": "deliver"}
{"from": "f08474af8ab0926587a2475f38484edb316eecc339239614a2d1eff9ccd01800", "height": 12, "msg_type": "PRECOMMIT", "node": "c8568c45b20b7a1b9e0f4a5dadd1987eb3d6007e239fc9dd224eeb47b71799cf", "ts": 1785720804.183913, "type": "deliver"}
{"from": "f08474af8ab0926587a2475f38484edb316eecc339239614a2d1eff9ccd01800", "height": 12, "msg_type": "PRECOMMIT", "node": "f22393e0df7ce07fe1b9a4b8647ed82c1e636f80a5b858638dba3ccf3f416959", "ts": 1785720804.183919, "type": "deliver"}
{"from": "f22393e0df7ce07fe1b9a4b8647ed82c1e636f80a5b858638dba3ccf3f416959", "height": 12, "msg_type": "PRECOMMIT", "node": "0772af86d70664e325e22546e3fe7a4c6b82feefae381b62cab85b230fb21719", "ts": 1785720804.183925, "type": "deliver"}
{"from": "f22393e0df7ce07fe1b9a4b8647ed82c1e636f80a5b858638dba3ccf3f416959", "height": 12, "msg_type": "PRECOMMIT", "node": "13756c2a50bf937f4229883f98ab0b11b0562401f6976befce154a83a086793f", "ts": 1785720804.183932, "type": "deliver"}
{"from": "f22393e0df7ce07fe1b9a4b8647ed82c1e636f80a5b858638dba3ccf3f416959", "height": 12, "msg_type": "PRECOMMIT", "node": "3fde868ea6caf3041493f50fbcc45ebc3bad7edab4bad774a5dca2b91bec8af0", "ts": 1785720804.183938, "type": "deliver"}
{"from": "f22393e0df7ce07fe1b9a4b8647ed82c1e636f80a5b858638dba3ccf3f416959", "height": 12, "msg_type": "PRECOMMIT", "node": "4600e7073edcf35149235c417b55aed016ffc4133b445b7a44f86e142a6010ae", "ts": 1785720804.183944, "type": "deliver"}
{"from": "f22393e0df7ce07fe1b9a4b8647ed82c1e636f80a5b858638dba3ccf3f416959", "height": 12, "msg_type": "PRECOMMIT", "node": "967fe6e8b6c8221a582c62797d0002f17eee1c8d34def67da5ac8c9fb33b7fd4", "ts": 1785720804.183951, "type": "deliver"}
{"from": "f22393e0df7ce07fe1b9a4b8647ed82c1e636f80a5b858638dba3ccf3f416959", "height": 12, "msg_type": "PRECOMMIT", "node": "c8568c45b20b7a1b9e0f4a5dadd1987eb3d6007e239fc9dd224eeb47b71799cf", "ts": 1785720804.183957, "type": "deliver"}
{"from": "f22393e0df7ce07fe1b9a4b8647ed82c1e636f80a5b858638dba3ccf3f416959", "height": 12, "msg_type": "PRECOMMIT", "node": "f08474af8ab0926587a2475f38484edb316eecc339239614a2d1eff9ccd01800", "ts": 1785720804.183963, "type": "deliver"}
{"from": "0772af86d70664e325e22546e3fe7a4c6b82feefae381b62cab85b230fb21719", "height": 12, "msg_type": "PRECOMMIT", "node": "13756c2a50bf937f4229883f98ab0b11b0562401f6976befce154a83a086793f", "ts": 1785720804.18397, "type": "deliver"}
{"from": "0772af86d70664e325e22546e3fe7a4c6b82feefae381b62cab85b230fb21719", "height": 12, "msg_type": "PRECOMMIT", "node": "3fde868ea6caf3041493f50fbcc45ebc3bad7edab4bad774a5dca2b91bec8af0", "ts": 1785720804.183976, "type": "deliver"}
{"from": "0772af86d70664e325e22546e3fe7a4c6b82feefae381b62cab85b230fb21719", "height": 12, "msg_type": "PRECOMMIT", "node": "4600e7073edcf35149235c417b55aed016ffc4133b445b7a44f86e142a6010ae", "ts": 1785720804.183983, "type": "deliver"}
{"from": "0772af86d70664e325e22546e3fe7a4c6b82feefae381b62cab85b230fb21719", "height": 12, "msg_type": "PRECOMMIT", "node": "967fe6e8b6c8221a582c62797d0002f17eee1c8d34def67da5ac8c9fb33b7fd4", "ts": 1785720804.18399, "type": "deliver"}
{"from": "0772af86d70664e325e22546e3fe7a4c6b82feefae381b62cab85b230fb21719", "height": 12, "msg_type": "PRECOMMIT", "node": "c8568c45b20b7a1b9e0f4a5dadd1987eb3d6007e239fc9dd224eeb47b71799cf", "ts": 1785720804.183999, "type": "deliver"}
{"from": "0772af86d70664e325e22546e3fe7a4c6b82feefae381b62cab85b230fb21719", "height": 12, "msg_type": "PRECOMMIT", "node": "f08474af8ab0926587a2475f38484edb316eecc339239614a2d1eff9ccd01800", "ts": 1785720804.184005, "type": "deliver"}
{"from": "0772af86d70664e325e22546e3fe7a4c6b82feefae381b62cab85b230fb21719", "height": 12, "msg_type": "PRECOMMIT", "node": "f22393e0df7ce07fe1b9a4b8647ed82c1e636f80a5b858638dba3ccf3f416959", "ts": 1785720804.184011, "type": "deliver"}
{"delay": 0.02, "height": 13, "msg_type": "PROPOSAL", "node": "c8568c45b20b7a1b9e0f4a5dadd1987eb3d6007e239fc9dd224eeb47b71799cf", "to": "0772af86d70664e325e22546e3fe7a4c6b82feefae381b62cab85b230fb21719", "ts": 1785720804.187336, "type": "send"}
{"delay": 0.02, "height": 13, "msg_type": "PROPOSAL", "node": "c8568c45b20b7a1b9e0f4a5dadd1987eb3d6007e239fc9dd224eeb47b71799cf", "to": "13756c2a50bf937f4229883f98ab0b11b0562401f6976befce154a83a086793f", "ts": 1785720804.187348, "type": "send"}
{"delay": 0.02, "height": 13, "msg_type": "PROPOSAL", "node": "c8568c45b20b7a1b9e0f4a5dadd1987eb3d6007e239fc9dd224eeb47b71799cf", "to": "3fde868ea6caf3041493f50fbcc45ebc3bad7edab4bad774a5dca2b91bec8af0", "ts": 1785720804.187356, "type": "send"}
{"delay": 0.02, "height": 13, "msg_type": "PROPOSAL", "node": "c8568c45b20b7a1b9e0f4a5dadd1987eb3d6007e239fc9dd224eeb47b71799cf", "to": "4600e7073edcf35149235c417b55aed016ffc4133b445b7a44f86e142a6010ae", "ts": 1785720804.187363, "type": "send"}
{"delay": 0.02, "height": 13, "msg_type": "PROPOSAL", "node": "c8568c45b20b7a1b9e0f4a5dadd1987eb3d6007e239fc9dd224eeb47b71799cf", "to": "967fe6e8b6c8221a582c62797d0002f17eee1c8d34def67da5ac8c9fb33b7fd4", "ts": 1785720804.18737, "type": "send"}
{"delay": 0.02, "height": 13, "msg_type": "PROPOSAL", "node": "c8568c45b20b7a1b9e0f4a5dadd1987eb3d6007e239fc9dd224eeb47b71799cf", "to": "f08474af8ab0926587a2475f38484edb316eecc339239614a2d1eff9ccd01800", "ts": 1785720804.187376, "type": "send"}
{"delay": 0.02, "height": 13, "msg_type": "PROPOSAL", "node": "c8568c45b20b7a1b9e0f4a5dadd1987eb3d6007e239fc9dd224eeb47b71799cf", "to": "f22393e0df7ce07fe1b9a4b8647ed82c1e636f80a5b858638dba3ccf3f416959", "ts": 1785720804.187383, "type": "send"}
{"delay": 0.02, "height": 13, "msg_type": "PREVOTE", "node": "c8568c45b20b7a1b9e0f4a5dadd1987eb3d6007e239fc9dd224eeb47b71799cf", "to": "0772af86d70664e325e22546e3fe7a4c6b82feefae381b62cab85b230fb21719", "ts": 1785720804.187656, "type": "send"}
{"delay": 0.02, "height": 13, "msg_type": "PREVOTE", "node": "c8568c45b20b7a1b9e0f4a5dadd1987eb3d6007e239fc9dd224eeb47b71799cf", "to": "13756c2a50bf937f4229883f98ab0b11b0562401f6976befce154a83a086793f", "ts": 1785720804.187667, "type": "send"}
{"delay": 0.02, "height": 13, "msg_type": "PREVOTE", "node": "c8568c45b20b7a1b9e0f4a5dadd1987eb3d6007e239fc9dd224eeb47b71799cf", "to": "3fde868ea6caf3041493f50fbcc45ebc3bad7edab4bad774a5dca2b91bec8af0", "ts": 1785720804.187674, "type": "send"}
{"delay": 0.02, "height": 13, "msg_type": "PREVOTE", "node": "c8568c45b20b7a1b9e0f4a5dadd1987eb3d6007e239fc9dd224eeb47b71799cf", "to": "4600e7073edcf35149235c417b55aed016ffc4133b445b7a44f86e142a6010ae", "ts": 1785720804.187681, "type": "send"}
{"delay": 0.02, "height": 13, "msg_type": "PREVOTE", "node": "c8568c45b20b7a1b9e0f4a5dadd1987eb3d6007e239fc9dd224eeb47b71799cf", "to": "967fe6e8b6c8221a582c62797d0002f17eee1c8d34def67da5ac8c9fb33b7fd4", "ts": 1785720804.187687, "type": "send"}
{"delay": 0.02, "height": 13, "msg_type": "PREVOTE", "node": "c8568c45b20b7a1b9e0f4a5dadd1987eb3d6007e239fc9dd224eeb47b71799cf", "to": "f08474af8ab0926587a2475f38484edb316eecc339239614a2d1eff9ccd01800", "ts": 1785720804.187694, "type": "send"}
{"delay": 0.02, "height": 13, "msg_type": "PREVOTE", "node": "c8568c45b20b7a1b9e0f4a5dadd1987eb3d6007e239fc9dd224eeb47b71799cf", "to": "f22393e0df7ce07fe1b9a4b8647ed82c1e636f80a5b858638dba3ccf3f416959", "ts": 1785720804.187701, "type": "send"}
{"from": "c8568c45b20b7a1b9e0f4a5dadd1987eb3d6007e239fc9dd224eeb47b71799cf", "height": 13, "msg_type": "PROPOSAL", "node": "0772af86d70664e325e22546e3fe7a4c6b82feefae381b62cab85b230fb21719", "ts": 1785720804.215525, "type": "deliver"}
{"from": "c8568c45b20b7a1b9e0f4a5dadd1987eb3d6007e239fc9dd224eeb47b71799cf", "height": 13, "msg_type": "PROPOSAL", "node": "13756c2a50bf937f4229883f98ab0b11b0562401f6976befce154a83a086793f", "ts": 1785720804.215596, "type": "deliver"}
{"from": "c8568c45b20b7a1b9e0f4a5dadd1987eb3d6007e239fc9dd224eeb47b71799cf", "height": 13, "msg_type": "PROPOSAL", "node": "3fde868ea6caf3041493f50fbcc45ebc3bad7edab4bad774a5dca2b91bec8af0", "ts": 1785720804.215636, "type": "deliver"}
{"from": "c8568c45b20b7a1b9e0f4a5dadd1987eb3d6007e239fc9dd224eeb47b71799cf", "height": 13, "msg_type": "PROPOSAL", "node": "4600e7073edcf35149235c417b55aed016ffc4133b445b7a44f86e142a6010ae", "ts": 1785720804.215652, "type": "deliver"}
{"from": "c8568c45b20b7a1b9e0f4a5dadd1987eb3d6007e239fc9dd224eeb47b71799cf", "height": 13, "msg_type": "PROPOSAL", "node": "967fe6e8b6c8221a582c62797d0002f17eee1c8d34def67da5ac8c9fb33b7fd4", "ts": 1785720804.215664, "type": "deliver"}
{"from": "c8568c45b20b7a1b9e0f4a5dadd1987eb3d6007e239fc9dd224eeb47b71799cf", "height": 13, "msg_type": "PROPOSAL", "node": "f08474af8ab0926587a2475f38484edb316eecc339239614a2d1eff9ccd01800", "ts": 1785720804.215675, "type": "deliver"}
{"from": "c8568c45b20b7a1b9e0f4a5dadd1987eb3d6007e239fc9dd224eeb47b71799cf", "height": 13, "msg_type": "PROPOSAL", "node": "f22393e0df7ce07fe1b9a4b8647ed82c1e636f80a5b858638dba3ccf3f416959", "ts": 1785720804.215711, "type": "deliver"}
{"from": "c8568c45b20b7a1b9e0f4a5dadd1987eb3d6007e239fc9dd224eeb47b71799cf", "height": 13, "msg_type": "PREVOTE", "node": "0772af86d70664e325e22546e3fe7a4c6b82feefae381b62cab85b230fb21719", "ts": 1785720804.215729, "type": "deliver"}
{"from": "c8568c45b20b7a1b9e0f4a5dadd1987eb3d6007e239fc9dd224eeb47b71799cf", "height": 13, "msg_type": "PREVOTE", "node": "13756c2a50bf937f4229883f98ab0b11b0562401f6976befce154a83a086793f", "ts": 1785720804.21574, "type": "deliver"}
{"from": "c8568c45b20b7a1b9e0f4a5dadd1987eb3d6007e239fc9dd224eeb47b71799cf", "height": 13, "msg_type": "PREVOTE", "node": "3fde868ea6caf3041493f50fbcc45ebc3bad7edab4bad774a5dca2b91bec8af0", "ts": 1785720804.215751, "type": "deliver"}
{"from": "c8568c45b20b7a1b9e0f4a5dadd1987eb3d6007e239fc9dd224eeb47b71799cf", "height": 13, "msg_type": "PREVOTE", "node": "4600e7073edcf35149235c417b55aed016ffc4133b445b7a44f86e142a6010ae", "ts": 1785720804.215761, "type": "deliver"}
{"from": "c8568c45b20b7a1b9e0f4a5dadd1987eb3d6007e239fc9dd224eeb47b71799cf", "height": 13, "msg_type": "PREVOTE", "node": "967fe6e8b6c8221a582c62797d0002f17eee1c8d34def67da5ac8c9fb33b7fd4", "ts": 1785720804.215772, "type": "deliver"}
{"from": "c8568c45b20b7a1b9e0f4a5dadd1987eb3d6007e239fc9dd224eeb47b71799cf", "height": 13, "msg_type": "PREVOTE", "node": "f08474af8ab0926587a2475f38484edb316eecc339239614a2d1eff9ccd01800", "ts": 1785720804.215782, "type": "deliver"}
{"from": "c8568c45b20b7a1b9e0f4a5dadd1987eb3d6007e239fc9dd224eeb47b71799cf", "height": 13, "msg_type": "PREVOTE", "node": "f22393e0df7ce07fe1b9a4b8647ed82c1e636f80a5b858638dba3ccf3f416959", "ts": 1785720804.215792, "type": "deliver"}
{"delay": 0.02, "height": 13, "msg_type": "PREVOTE", "node": "0772af86d70664e325e22546e3fe7a4c6b82feefae381b62cab85b230fb21719", "to": "13756c2a50bf937f4229883f98ab0b11b0562401f6976befce154a83a086793f", "ts": 1785720804.216228, "type": "send"}
{"delay": 0.02, "height": 13, "msg_type": "PREVOTE", "node": "0772af86d70664e325e22546e3fe7a4c6b82feefae381b62cab85b230fb21719", "to": "3fde868ea6caf3041493f50fbcc45ebc3bad7edab4bad774a5dca2b91bec8af0", "ts": 1785720804.216246, "type": "send"}
{"delay": 0.02, "height": 13, "msg_type": "PREVOTE", "node": "0772af86d70664e325e22546e3fe7a4c6b82feefae381b62cab85b230fb21719", "to": "4600e7073edcf35149235c417b55aed016ffc4133b445b7a44f86e142a6010ae", "ts": 1785720804.216255, "type": "send"}
{"delay": 0.02, "height": 13, "msg_type": "PREVOTE", "node": "0772af86d70664e325e22546e3fe7a4c6b82feefae381b62cab85b230fb21719", "to": "967fe6e8b6c8221a582c62797d0002f17eee1c8d34def67da5ac8c9fb33b7fd4", "ts": 1785720804.216263, "type": "send"}
{"delay": 0.02, "height": 13, "msg_type": "PREVOTE", "node": "0772af86d70664e325e22546e3fe7a4c6b82feefae381b62cab85b230fb21719", "to": "c8568c45b20b7a1b9e0f4a5dadd1987eb3d6007e239fc9dd224eeb47b71799cf", "ts": 1785720804.216271, "type": "send"}
{"delay": 0.02, "height": 13, "msg_type": "PREVOTE", "node": "0772af86d70664e325e22546e3fe7a4c6b82feefae381b62cab85b230fb21719", "to": "f08474af8ab0926587a2475f38484edb316eecc339239614a2d1eff9ccd01800", "ts": 1785720804.216278, "type": "send"}
{"delay": 0.02, "height": 13, "msg_type": "PREVOTE", "node": "0772af86d70664e325e22546e3fe7a4c6b82feefae381b62cab85b230fb21719", "to": "f22393e0df7ce07fe1b9a4b8647ed82c1e636f80a5b858638dba3ccf3f416959", "ts": 1785720804.216285, "type": "send"}
{"delay": 0.02, "height": 13, "msg_type": "PREVOTE", "node": "13756c2a50bf937f4229883f98ab0b11b0562401f6976befce154a83a086793f", "to": "0772af86d70664e325e22546e3fe7a4c6b82feefae381b62cab85b230fb21719", "ts": 1785720804.216787, "type": "send"}
{"delay": 0.02, "height": 13, "msg_type": "PREVOTE", "node": "13756c2a50bf937f4229883f98ab0b11b0562401f6976befce154a83a086793f", "to": "3fde868ea6caf3041493f50fbcc45ebc3bad7edab4bad774a5dca2b91bec8af0", "ts": 1785720804.2168, "type": "send"}
{"delay": 0.02, "height": 13, "msg_type": "PREVOTE", "node": "13756c2a50bf937f4229883f98ab0b11b0562401f6976befce154a83a086793f", "to": "4600e7073edcf35149235c417b55aed016ffc4133b445b7a44f86e142a6010ae", "ts": 1785720804.216809, "type": "send"}
{"delay": 0.02, "height": 13, "msg_type": "PREVOTE", "node": "13756c2a50bf937f4229883f98ab0b11b0562401f6976befce154a83a086793f", "to": "967fe6e8b6c8221a582c62797d0002f17eee1c8d34def67da5ac8c9fb33b7fd4", "ts": 1785720804.216816, "type": "send"}
{"delay": 0.02, "height": 13, "msg_type": "PREVOTE", "node": "13756c2a50bf937f4229883f98ab0b11b0562401f6976befce154a83a086793f", "to": "c8568c45b20b7a1b9e0f4a5dadd1987eb3d6007e239fc9dd224eeb47b71799cf", "ts": 1785720804.216824, "type": "send"}
{"delay": 0.02, "height": 13, "msg_type": "PREVOTE", "node": "13756c2a50bf937f4229883f98ab0b11b0562401f6976befce154a83a086793f", "to": "f08474af8ab0926587a2475f38484edb316eecc339239614a2d1eff9ccd01800", "ts": 1785720804.216831, "type": "send"}
{"delay": 0.02, "height": 13, "msg_type": "PREVOTE", "node": "13756c2a50bf937f4229883f98ab0b11b0562401f6976befce154a83a086793f", "to": "f22393e0df7ce07fe1b9a4b8647ed82c1e636f80a5b858638dba3ccf3f416959", "ts": 1785720804.216838, "type": "send"}
{"delay": 0.02, "height": 13, "msg_type": "PREVOTE", "node": "3fde868ea6caf3041493f50fbcc45ebc3bad7edab4bad774a5dca2b91bec8af0", "to": "0772af86d70664e325e22546e3fe7a4c6b82feefae381b62cab85b230fb21719", "ts": 1785720804.217312, "type": "send"}
{"delay": 0.02, "height": 13, "msg_type": "PREVOTE", "node": "3fde868ea6caf3041493f50fbcc45ebc3bad7edab4bad774a5dca2b91bec8af0", "to": "13756c2a50bf937f4229883f98ab0b11b0562401f6976befce154a83a086793f", "ts": 1785720804.217324, "type": "send"}
{"delay": 0.02, "height": 13, "msg_type": "PREVOTE", "node": "3fde868ea6caf3041493f50fbcc45ebc3bad7edab4bad774a5dca2b91bec8af0", "to": "4600e7073edcf35149235c417b55aed016ffc4133b445b7a44f86e142a6010ae", "ts": 1785720804.217332, "type": "send"}
{"delay": 0.02, "height": 13, "msg_type": "PREVOTE", "node": "3fde868ea6caf3041493f50fbcc45ebc3bad7edab4bad774a5dca2b91bec8af0", "to": "967fe6e8b6c8221a582c62797d0002f17eee1c8d34def67da5ac8c9fb33b7fd4", "ts": 1785720804.217339, "type": "send"}
{"delay": 0.02, "height": 13, "msg_type": "PREVOTE", "node": "3fde868ea6caf3041493f50fbcc45ebc3bad7edab4bad774a5dca2b91bec8af0", "to": "c8568c45b20b7a1b9e0f4a5dadd1987eb3d6007e239fc9dd224eeb47b71799cf", "ts": 1785720804.217347, "type": "send"}
{"delay": 0.02, "height": 13, "msg_type": "PREVOTE", "node": "3fde868ea6caf3041493f50fbcc45ebc3bad7edab4bad774a5dca2b91bec8af0", "to": "f08474af8ab0926587a2475f38484edb316eecc339239614a2d1eff9ccd01800", "ts": 1785720804.217354, "type": "send"}
{"delay": 0.02, "height": 13, "msg_type": "PREVOTE", "node": "3fde868ea6caf3041493f50fbcc45ebc3bad7edab4bad774a5dca2b91bec8af0", "to": "f22393e0df7ce07fe1b9a4b8647ed82c1e636f80a5b858638dba3ccf3f416959", "ts": 1785720804.217368, "type": "send"}
{"delay": 0.02, "height": 13, "msg_type": "PREVOTE", "node": "4600e7073edcf35149235c417b55aed016ffc4133b445b7a44f86e142a6010ae", "to": "0772af86d70664e325e22546e3fe7a4c6b82feefae381b62cab85b230fb21719", "ts": 1785720804.217852, "type": "send"}
{"delay": 0.02, "height": 13, "msg_type": "PREVOTE", "node": "4600e7073edcf35149235c417b55aed016ffc4133b445b7a44f86e142a6010ae", "to": "13756c2a50bf937f4229883f98ab0b11b0562401f6976befce154a83a086793f", "ts": 1785720804.217864, "type": "send"}
{"delay": 0.02, "height": 13, "msg_type": "PREVOTE", "node": "4600e7073edcf35149235c417b55aed016ffc4133b445b7a44f86e142a6010ae", "to": "3fde868ea6caf3041493f50fbcc45ebc3bad7edab4bad774a5dca2b91bec8af0", "ts": 1785720804.217872, "type": "send"}
{"delay": 0.02, "height": 13, "msg_type": "PREVOTE", "node": "4600e7073edcf35149235c417b55aed016ffc4133b445b7a44f86e142a6010ae", "to": "967fe6e8b6c8221a582c62797d0002f17eee1c8d34def67da5ac8c9fb33b7fd4", "ts": 1785720804.21788, "type": "send"}
{"delay": 0.02, "height": 13, "msg_type": "PREVOTE", "node": "4600e7073edcf35149235c417b55aed016ffc4133b445b7a44f86e142a6010ae", "to": "c8568c45b20b7a1b9e0f4a5dadd1987eb3d6007e239fc9dd224eeb47b71799cf", "ts": 1785720804.217887, "type": "send"}
{"delay": 0.02, "height": 13, "msg_type": "PREVOTE", "node": "4600e7073edcf35149235c417b55aed016ffc4133b445b7a44f86e142a6010ae", "to": "f08474af8ab0926587a2475f38484edb316eecc339239614a2d1eff9ccd01800", "ts": 1785720804.217895, "type": "send"}
{"delay": 0.02, "height": 13, "msg_type": "PREVOTE", "node": "4600e7073edcf35149235c417b55aed016ffc4133b445b7a44f86e142a6010ae", "to": "f22393e0df7ce07fe1b9a4b8647ed82c1e636f80a5b858638dba3ccf3f416959", "ts": 1785720804.217902, "type": "send"}
{"delay": 0.02, "height": 13, "msg_type": "PREVOTE", "node": "967fe6e8b6c8221a582c62797d0002f17eee1c8d34def67da5ac8c9fb33b7fd4", "to": "0772af86d70664e325e22546e3fe7a4c6b82feefae381b62cab85b230fb21719", "ts": 1785720804.218369, "type": "send"}
{"delay": 0.02, "height": 13, "msg_type": "PREVOTE", "node": "967fe6e8b6c8221a582c62797d0002f17eee1c8d34def67da5ac8c9fb33b7fd4", "to": "13756c2a50bf937f4229883f98ab0b11b0562401f6976befce154a83a086793f", "ts": 1785720804.218381, "type": "send"}
{"delay": 0.02, "height": 13, "msg_type": "PREVOTE", "node": "967fe6e8b6c8221a582c62797d0002f17eee1c8d34def67da5ac8c9fb33b7fd4", "to": "3fde868ea6caf3041493f50fbcc45ebc3bad7edab4bad774a5dca2b91bec8af0", "ts": 1785720804.218389, "type": "send"}
{"delay": 0.02, "height": 13, "msg_type": "PREVOTE", "node": "967fe6e8b6c8221a582c62797d0002f17eee1c8d34def67da5ac8c9fb33b7fd4", "to": "4600e7073edcf35149235c417b55aed016ffc4133b445b7a44f86e142a6010ae", "ts": 1785720804.218396, "type": "send"}
{"delay": 0.02, "height": 13, "msg_type": "PREVOTE", "node": "967fe6e8b6c8221a582c62797d0002f17eee1c8d34def67da5ac8c9fb33b7fd4", "to": "c8568c45b20b7a1b9e0f4a5dadd1987eb3d6007e239fc9dd224eeb47b71799cf", "ts": 1785720804.218404, "type": "send"}
{"delay": 0.02, "height": 13, "msg_type": "PREVOTE", "node": "967fe6e8b6c8221a582c62797d0002f17eee1c8d34def67da5ac8c9fb33b7fd4", "to": "f08474af8ab0926587a2475f38484edb316eecc339239614a2d1eff9ccd01800", "ts": 1785720804.218411, "type": "send"}
{"delay": 0.02, "height": 13, "msg_type": "PREVOTE", "node": "967fe6e8b6c8221a582c62797d0002f17eee1c8d34def67da5ac8c9fb33b7fd4", "to": "f22393e0df7ce07fe1b9a4b8647ed82c1e636f80a5b858638dba3ccf3f416959", "ts": 1785720804.218418, "type": "send"}
{"delay": 0.02, "height": 13, "msg_type": "PREVOTE", "node": "f08474af8ab0926587a2475f38484edb316eecc339239614a2d1eff9ccd01800", "to": "0772af86d70664e325e22546e3fe7a4c6b82feefae381b62cab85b230fb21719", "ts": 1785720804.218896, "type": "send"}
{"delay": 0.02, "height": 13, "msg_type": "PREVOTE", "node": "f08474af8ab0926587a2475f38484edb316eecc339239614a2d1eff9ccd01800", "to": "13756c2a50bf937f4229883f98ab0b11b0562401f6976befce154a83a086793f", "ts": 1785720804.218908, "type": "send"}
{"delay": 0.02, "height": 13, "msg_type": "PREVOTE", "node": "f08474af8ab0926587a2475f38484edb316eecc339239614a2d1eff9ccd01800", "to": "3fde868ea6caf3041493f50fbcc45ebc3bad7edab4bad774a5dca2b91bec8af0", "ts": 1785720804.218917, "type": "send"}
{"delay": 0.02, "height": 13, "msg_type": "PREVOTE", "node": "f08474af8ab0926587a2475f38484edb316eecc339239614a2d1eff9ccd01800", "to": "4600e7073edcf35149235c417b55aed016ffc4133b445b7a44f86e142a6010ae", "ts": 1785720804.218924, "type": "send"}
{"delay": 0.02, "height": 13, "msg_type": "PREVOTE", "node": "f08474af8ab0926587a2475f38484edb316eecc339239614a2d1eff9ccd01800", "to": "967fe6e8b6c8221a582c62797d0002f17eee1c8d34def67da5ac8c9fb33b7fd4", "ts": 1785720804.218932, "type": "send"}
{"delay": 0.02, "height": 13, "msg_type": "PREVOTE", "node": "f08474af8ab0926587a2475f38484edb316eecc339239614a2d1eff9ccd01800", "to": "c8568c45b20b7a1b9e0f4a5dadd1987eb3d6007e239fc9dd224eeb47b71799cf", "ts": 1785720804.218939, "type": "send"}
{"delay": 0.02, "height": 13, "msg_type": "PREVOTE", "node": "f08474af8ab0926587a2475f38484edb316eecc339239614a2d1eff9ccd01800", "to": "f22393e0df7ce07fe1b9a4b8647ed82c1e636f80a5b858638dba3ccf3f416959", "ts": 1785720804.218946, "type": "send"}
{"delay": 0.02, "height": 13, "msg_type": "PREVOTE", "node": "f22393e0df7ce07fe1b9a4b8647ed82c1e636f80a5b858638dba3ccf3f416959", "to": "0772af86d70664e325e22546e3fe7a4c6b82feefae381b62cab85b230fb21719", "ts": 1785720804.21942, "type": "send"}
{"delay": 0.02, "height": 13, "msg_type": "PREVOTE", "node": "f22393e0df7ce07fe1b9a4b8647ed82c1e636f80a5b858638dba3ccf3f416959", "to": "13756c2a50bf937f4229883f98ab0b11b0562401f6976befce154a83a086793f", "ts": 1785720804.21943, "type": "send"}
{"delay": 0.02, "height": 13, "msg_type": "PREVOTE", "node": "f22393e0df7ce07fe1b9a4b8647ed82c1e636f80a5b858638dba3ccf3f416959", "to": "3fde868ea6caf3041493f50fbcc45ebc3bad7edab4bad774a5dca2b91bec8af0", "ts": 1785720804.219439, "type": "send"}
{"delay": 0.02, "height": 13, "msg_type": "PREVOTE", "node": "f22393e0df7ce07fe1b9a4b8647ed82c1e636f80a5b858638dba3ccf3f416959", "to": "4600e7073edcf35149235c417b55aed016ffc4133b445b7a44f86e142a6010ae", "ts": 1785720804.219446, "type": "send"}
{"delay": 0.02, "height": 13, "msg_type": "PREVOTE", "node": "f22393e0df7ce07fe1b9a4b8647ed82c1e636f80a5b858638dba3ccf3f416959", "to": "967fe6e8b6c8221a582c62797d0002f17eee1c8d34def67da5ac8c9fb33b7fd4", "ts": 1785720804.219454, "type": "send"}
{"delay": 0.02, "height": 13, "msg_type": "PREVOTE", "node": "f22393e0df7ce07fe1b9a4b8647ed82c1e636f80a5b858638dba3ccf3f416959", "to": "c8568c45b20b7a1b9e0f4a5dadd1987eb3d6007e239fc9dd224eeb47b71799cf", "ts": 1785720804.219461, "type": "send"}
{"delay": 0.02, "height": 13, "msg_type": "PREVOTE", "node": "f22393e0df7ce07fe1b9a4b8647ed82c1e636f80a5b858638dba3ccf3f416959", "to": "f08474af8ab0926587a2475f38484edb316eecc339239614a2d1eff9ccd01800", "ts": 1785720804.219469, "type": "send"}
{"from": "0772af86d70664e325e22546e3fe7a4c6b82feefae381b62cab85b230fb21719", "height": 13, "msg_type": "PREVOTE", "node": "13756c2a50bf937f4229883f98ab0b11b0562401f6976befce154a83a086793f", "ts": 1785720804.24754, "type": "deliver"}
{"from": "0772af86d70664e325e22546e3fe7a4c6b82feefae381b62cab85b230fb21719", "height": 13, "msg_type": "PREVOTE", "node": "3fde868ea6caf3041493f50fbcc45ebc3bad7edab4bad774a5dca2b91bec8af0", "ts": 1785720804.24758, "type": "deliver"}
{"from": "0772af86d70664e325e22546e3fe7a4c6b82feefae381b62cab85b230fb21719", "height": 13, "msg_type": "PREVOTE", "node": "4600e7073edcf35149235c417b55aed016ffc4133b445b7a44f86e142a6010ae", "ts": 1785720804.2476, "type": "deliver"}
{"from": "0772af86d70664e325e22546e3fe7a4c6b82feefae381b62cab85b230fb21719", "height": 13, "msg_type": "PREVOTE", "node": "967fe6e8b6c8221a582c62797d0002f17eee1c8d34def67da5ac8c9fb33b7fd4", "ts": 1785720804.247617, "type": "deliver"}
{"from": "0772af86d70664e325e22546e3fe7a4c6b82feefae381b62cab85b230fb21719", "height": 13, "msg_type": "PREVOTE", "node": "c8568c45b20b7a1b9e0f4a5dadd1987eb3d6007e239fc9dd224eeb47b71799cf", "ts": 1785720804.247636, "type": "deliver"}
{"from": "0772af86d70664e325e22546e3fe7a4c6b82feefae381b62cab85b230fb21719", "height": 13, "msg_type": "PREVOTE", "node": "f08474af8ab0926587a2475f38484edb316eecc339239614a2d1eff9ccd01800", "ts": 1785720804.247652, "type": "deliver"}
{"from": "0772af86d70664e325e22546e3fe7a4c6b82feefae381b62cab85b230fb21719", "height": 13, "msg_type": "PREVOTE", "node": "f22393e0df7ce07fe1b9a4b8647ed82c1e636f80a5b858638dba3ccf3f416959", "ts": 1785720804.247668, "type": "deliver"}
{"from": "13756c2a50bf937f4229883f98ab0b11b0562401f6976befce154a83a086793f", "height": 13, "msg_type": "PREVOTE", "node": "0772af86d70664e325e22546e3fe7a4c6b82feefae381b62cab85b230fb21719", "ts": 1785720804.247695, "type": "deliver"}
{"from": "13756c2a50bf937f4229883f98ab0b11b0562401f6976befce154a83a086793f", "height": 13, "msg_type": "PREVOTE", "node": "3fde868ea6caf3041493f50fbcc45ebc3bad7edab4bad774a5dca2b91bec8af0", "ts": 1785720804.247711, "type": "deliver"}
{"from": "13756c2a50bf937f4229883f98ab0b11b0562401f6976befce154a83a086793f", "height": 13, "msg_type": "PREVOTE", "node": "4600e7073edcf35149235c417b55aed016ffc4133b445b7a44f86e142a6010ae", "ts": 1785720804.247724, "type": "deliver"}
{"from": "13756c2a50bf937f4229883f98ab0b11b0562401f6976befce154a83a086793f", "height": 13, "msg_type": "PREVOTE", "node": "967fe6e8b6c8221a582c62797d0002f17eee1c8d34def67da5ac8c9fb33b7fd4", "ts": 1785720804.247736, "type": "deliver"}
{"from": "13756c2a50bf937f4229883f98ab0b11b0562401f6976befce154a83a086793f", "height": 13, "msg_type": "PREVOTE", "node": "c8568c45b20b7a1b9e0f4a5dadd1987eb3d6007e239fc9dd224eeb47b71799cf", "ts": 1785720804.247747, "type": "deliver"}
{"from": "13756c2a50bf937f4229883f98ab0b11b0562401f6976befce154a83a086793f", "height": 13, "msg_type": "PREVOTE", "node": "f08474af8ab0926587a2475f38484edb316eecc339239614a2d1eff9ccd01800", "ts": 1785720804.247759, "type": "deliver"}
{"from": "13756c2a50bf937f4229883f98ab0b11b0562401f6976befce154a83a086793f", "height": 13, "msg_type": "PREVOTE", "node": "f22393e0df7ce07fe1b9a4b8647ed82c1e636f80a5b858638dba3ccf3f416959", "ts": 1785720804.247771, "type": "deliver"}
{"from": "3fde868ea6caf3041493f50fbcc45ebc3bad7edab4bad774a5dca2b91bec8af0", "height": 13, "msg_type": "PREVOTE", "node": "0772af86d70664e325e22546e3fe7a4c6b82feefae381b62cab85b230fb21719", "ts": 1785720804.247782, "type": "deliver"}
{"from": "3fde868ea6caf3041493f50fbcc45ebc3bad7edab4bad774a5dca2b91bec8af0", "height": 13, "msg_type": "PREVOTE", "node": "13756c2a50bf937f4229883f98ab0b11b0562401f6976befce154a83a086793f", "ts": 1785720804.247794, "type": "deliver"}
{"from": "3fde868ea6caf3041493f50fbcc45ebc3bad7edab4bad774a5dca2b91bec8af0", "height": 13, "msg_type": "PREVOTE", "node": "4600e7073edcf35149235c417b55aed016ffc4133b445b7a44f86e142a6010ae", "ts": 1785720804.247806, "type": "deliver"}
{"from": "3fde868ea6caf3041493f50fbcc45ebc3bad7edab4bad774a5dca2b91bec8af0", "height": 13, "msg_type": "PREVOTE", "node": "967fe6e8b6c8221a582c62797d0002f17eee1c8d34def67da5ac8c9fb33b7fd4", "ts": 1785720804.247817, "type": "deliver"}
{"from": "3fde868ea6caf3041493f50fbcc45ebc3bad7edab4bad774a5dca2b91bec8af0", "height": 13, "msg_type": "PREVOTE", "node": "c8568c45b20b7a1b9e0f4a5dadd1987eb3d6007e239fc9dd224eeb47b71799cf", "ts": 1785720804.247828, "type": "deliver"}
{"from": "3fde868ea6caf3041493f50fbcc45ebc3bad7edab4bad774a5dca2b91bec8af0", "height": 13, "msg_type": "PREVOTE", "node": "f08474af8ab0926587a2475f38484edb316eecc339239614a2d1eff9ccd01800", "ts": 1785720804.24784, "type": "deliver"}
{"from": "3fde868ea6caf3041493f50fbcc45ebc3bad7edab4bad774a5dca2b91bec8af0", "height": 13, "msg_type": "PREVOTE", "node": "f22393e0df7ce07fe1b9a4b8647ed82c1e636f80a5b858638dba3ccf3f416959", "ts": 1785720804.247851, "type": "deliver"}
{"from": "4600e7073edcf35149235c417b55aed016ffc4133b445b7a44f86e142a6010ae", "height": 13, "msg_type": "PREVOTE", "node": "0772af86d70664e325e22546e3fe7a4c6b82feefae381b62cab85b230fb21719", "ts": 1785720804.247863, "type": "deliver"}
{"from": "4600e7073edcf35149235c417b55aed016ffc4133b445b7a44f86e142a6010ae", "height": 13, "msg_type": "PREVOTE", "node": "13756c2a50bf937f4229883f98ab0b11b0562401f6976befce154a83a086793f", "ts": 1785720804.247874, "type": "deliver"}
{"from": "4600e7073edcf35149235c417b55aed016ffc4133b445b7a44f86e142a6010ae", "height": 13, "msg_type": "PREVOTE", "node": "3fde868ea6caf3041493f50fbcc45ebc3bad7edab4bad774a5dca2b91bec8af0", "ts": 1785720804.247886, "type": "deliver"}
{"from": "4600e7073edcf35149235c417b55aed016ffc4133b445b7a44f86e142a6010ae", "height": 13, "msg_type": "PREVOTE", "node": "967fe6e8b6c8221a582c62797d0002f17eee1c8d34def67da5ac8c9fb33b7fd4", "ts": 1785720804.247898, "type": "deliver"}
{"from": "4600e7073edcf35149235c417b55aed016ffc4133b445b7a44f86e142a6010ae", "height": 13, "msg_type": "PREVOTE", "node": "c8568c45b20b7a1b9e0f4a5dadd1987eb3d6007e239fc9dd224eeb47b71799cf", "ts": 1785720804.247909, "type": "deliver"}
{"from": "4600e7073edcf35149235c417b55aed016ffc4133b445b7a44f86e142a6010ae", "height": 13, "msg_type": "PREVOTE", "node": "f08474af8ab0926587a2475f38484edb316eecc339239614a2d1eff9ccd01800", "ts": 1785720804.247921, "type": "deliver"}
{"from": "4600e7073edcf35149235c417b55aed016ffc4133b445b7a44f86e142a6010ae", "height": 13, "msg_type": "PREVOTE", "node": "f22393e0df7ce07fe1b9a4b8647ed82c1e636f80a5b858638dba3ccf3f416959", "ts": 1785720804.247937, "type": "deliver"}
{"from": "967fe6e8b6c8221a582c62797d0002f17eee1c8d34def67da5ac8c9fb33b7fd4", "height": 13, "msg_type": "PREVOTE", "node": "0772af86d70664e325e22546e3fe7a4c6b82feefae381b62cab85b230fb21719", "ts": 1785720804.247949, "type": "deliver"}
{"from": "967fe6e8b6c8221a582c62797d0002f17eee1c8d34def67da5ac8c9fb33b7fd4", "height": 13, "msg_type": "PREVOTE", "node": "13756c2a50bf937f4229883f98ab0b11b0562401f6976befce154a83a086793f", "ts": 1785720804.247961, "type": "deliver"}
{"from": "967fe6e8b6c8221a582c62797d0002f17eee1c8d34def67da5ac8c9fb33b7fd4", "height": 13, "msg_type": "PREVOTE", "node": "3fde868ea6caf3041493f50fbcc45ebc3bad7edab4bad774a5dca2b91bec8af0", "ts": 1785720804.247972, "type": "deliver"}
{"from": "967fe6e8b6c8221a582c62797d0002f17eee1c8d34def67da5ac8c9fb33b7fd4", "height": 13, "msg_type": "PREVOTE", "node": "4600e7073edcf35149235c417b55aed016ffc4133b445b7a44f86e142a6010ae", "ts": 1785720804.247984, "type": "deliver"}
{"from": "967fe6e8b6c8221a582c62797d0002f17eee1c8d34def67da5ac8c9fb33b7fd4", "height": 13, "msg_type": "PREVOTE", "node": "c8568c45b20b7a1b9e0f4a5dadd1987eb3d6007e239fc9dd224eeb47b71799cf", "ts": 1785720804.247996, "type": "deliver"}
{"from": "967fe6e8b6c8221a582c62797d0002f17eee1c8d34def67da5ac8c9fb33b7fd4", "height": 13, "msg_type": "PREVOTE", "node": "f08474af8ab0926587a2475f38484edb316eecc339239614a2d1eff9ccd01800", "ts": 1785720804.248007, "type": "deliver"}
{"from": "967fe6e8b6c8221a582c62797d0002f17eee1c8d34def67da5ac8c9fb33b7fd4", "height": 13, "msg_type": "PREVOTE", "node": "f22393e0df7ce07fe1b9a4b8647ed82c1e636f80a5b858638dba3ccf3f416959", "ts": 1785720804.248019, "type": "deliver"}
{"from": "f08474af8ab0926587a2475f38484edb316eecc339239614a2d1eff9ccd01800", "height": 13, "msg_type": "PREVOTE", "node": "0772af86d70664e325e22546e3fe7a4c6b82feefae381b62cab85b230fb21719", "ts": 1785720804.24803, "type": "deliver"}
{"from": "f08474af8ab0926587a2475f38484edb316eecc339239614a2d1eff9ccd01800", "height": 13, "msg_type": "PREVOTE", "node": "13756c2a50bf937f4229883f98ab0b11b0562401f6976befce154a83a086793f", "ts": 1785720804.248041, "type": "deliver"}
{"from": "f08474af8ab0926587a2475f38484edb316eecc339239614a2d1eff9ccd01800", "height": 13, "msg_type": "PREVOTE", "node": "3fde868ea6caf3041493f50fbcc45ebc3bad7edab4bad774a5dca2b91bec8af0", "ts": 1785720804.248053, "type": "deliver"}
{"from": "f08474af8ab0926587a2475f38484edb316eecc339239614a2d1eff9ccd01800", "height": 13, "msg_type": "PREVOTE", "node": "4600e7073edcf35149235c417b55aed016ffc4133b445b7a44f86e142a6010ae", "ts": 1785720804.248064, "type": "deliver"}
{"from": "f08474af8ab0926587a2475f38484edb316eecc339239614a2d1eff9ccd01800", "height": 13, "msg_type": "PREVOTE", "node": "967fe6e8b6c8221a582c62797d0002f17eee1c8d34def67da5ac8c9fb33b7fd4", "ts": 1785720804.248076, "type": "deliver"}
{"from": "f08474af8ab0926587a2475f38484edb316eecc339239614a2d1eff9ccd01800", "height": 13, "msg_type": "PREVOTE", "node": "c8568c45b20b7a1b9e0f4a5dadd1987eb3d6007e239fc9dd224eeb47b71799cf", "ts": 1785720804.248087, "type": "deliver"}
{"from": "f08474af8ab0926587a2475f38484edb316eecc339239614a2d1eff9ccd01800", "height": 13, "msg_type": "PREVOTE", "node": "f22393e0df7ce07fe1b9a4b8647ed82c1e636f80a5b858638dba3ccf3f416959", "ts": 1785720804.248099, "type": "deliver"}
{"from": "f22393e0df7ce07fe1b9a4b8647ed82c1e636f80a5b858638dba3ccf3f416959", "height": 13, "msg_type": "PREVOTE", "node": "0772af86d70664e325e22546e3fe7a4c6b82feefae381b62cab85b230fb21719", "ts": 1785720804.24811, "type": "deliver"}
{"from": "f22393e0df7ce07fe1b9a4b8647ed82c1e636f80a5b858638dba3ccf3f416959", "height": 13, "msg_type": "PREVOTE", "node": "13756c2a50bf937f4229883f98ab0b11b0562401f6976befce154a83a086793f", "ts": 1785720804.248121, "type": "deliver"}
{"from": "f22393e0df7ce07fe1b9a4b8647ed82c1e636f80a5b858638dba3ccf3f416959", "height": 13, "msg_type": "PREVOTE", "node": "3fde868ea6caf3041493f50fbcc45ebc3bad7edab4bad774a5dca2b91bec8af0", "ts": 1785720804.248133, "type": "deliver"}
{"from": "f22393e0df7ce07fe1b9a4b8647ed82c1e636f80a5b858638dba3ccf3f416959", "height": 13, "msg_type": "PREVOTE", "node": "4600e7073edcf35149235c417b55aed016ffc4133b445b7a44f86e142a6010ae", "ts": 1785720804.248144, "type": "deliver"}
{"from": "f22393e0df7ce07fe1b9a4b8647ed82c1e636f80a5b858638dba3ccf3f416959", "height": 13, "msg_type": "PREVOTE", "node": "967fe6e8b6c8221a582c62797d0002f17eee1c8d34def67da5ac8c9fb33b7fd4", "ts": 1785720804.248168, "type": "deliver"}
{"from": "f22393e0df7ce07fe1b9a4b8647ed82c1e636f80a5b858638dba3ccf3f416959", "height": 13, "msg_type": "PREVOTE", "node": "c8568c45b20b7a1b9e0f4a5dadd1987eb3d6007e239fc9dd224eeb47b71799cf", "ts": 1785720804.24818, "type": "deliver"}
{"from": "f22393e0df7ce07fe1b9a4b8647ed82c1e636f80a5b858638dba3ccf3f416959", "height": 13, "msg_type": "PREVOTE", "node": "f08474af8ab0926587a2475f38484edb316eecc339239614a2d1eff9ccd01800", "ts": 1785720804.248192, "type": "deliver"}
{"delay": 0.02, "height": 13, "msg_type": "PRECOMMIT", "node": "13756c2a50bf937f4229883f98ab0b11b0562401f6976befce154a83a086793f", "to": "0772af86d70664e325e22546e3fe7a4c6b82feefae381b62cab85b230fb21719", "ts": 1785720804.249327, "type": "send"}
{"delay": 0.02, "height": 13, "msg_type": "PRECOMMIT", "node": "13756c2a50bf937f4229883f98ab0b11b0562401f6976befce154a83a086793f", "to": "3fde868ea6caf3041493f50fbcc45ebc3bad7edab4bad774a5dca2b91bec8af0", "ts": 1785720804.249373, "type": "send"}
{"delay": 0.02, "height": 13, "msg_type": "PRECOMMIT", "node": "13756c2a50bf937f4229883f98ab0b11b0562401f6976befce154a83a086793f", "to": "4600e7073edcf35149235c417b55aed016ffc4133b445b7a44f86e142a6010ae", "ts": 1785720804.24939, "type": "send"}
{"delay": 0.02, "height": 13, "msg_type": "PRECOMMIT", "node": "13756c2a50bf937f4229883f98ab0b11b0562401f6976befce154a83a086793f", "to": "967fe6e8b6c8221a582c62797d0002f17eee1c8d34def67da5ac8c9fb33b7fd4", "ts": 1785720804.249403, "type": "send"}
{"delay": 0.02, "height": 13, "msg_type": "PRECOMMIT", "node": "13756c2a50bf937f4229883f98ab0b11b0562401f6976befce154a83a086793f", "to": "c8568c45b20b7a1b9e0f4a5dadd1987eb3d6007e239fc9dd224eeb47b71799cf", "ts": 1785720804.249416, "type": "send"}
{"delay": 0.02, "height": 13, "msg_type": "PRECOMMIT", "node": "13756c2a50bf937f4229883f98ab0b11b0562401f6976befce154a83a086793f", "to": "f08474af8ab0926587a2475f38484edb316eecc339239614a2d1eff9ccd01800", "ts": 1785720804.249428, "type": "send"}
{"delay": 0.02, "height": 13, "msg_type": "PRECOMMIT", "node": "13756c2a50bf937f4229883f98ab0b11b0562401f6976befce154a83a086793f", "to": "f22393e0df7ce07fe1b9a4b8647ed82c1e636f80a5b858638dba3ccf3f416959", "ts": 1785720804.249439, "type": "send"}
{"delay": 0.02, "height": 13, "msg_type": "PRECOMMIT", "node": "3fde868ea6caf3041493f50fbcc45ebc3bad7edab4bad774a5dca2b91bec8af0", "to": "0772af86d70664e325e22546e3fe7a4c6b82feefae381b62cab85b230fb21719", "ts": 1785720804.251389, "type": "send"}
{"delay": 0.02, "height": 13, "msg_type": "PRECOMMIT", "node": "3fde868ea6caf3041493f50fbcc45ebc3bad7edab4bad774a5dca2b91bec8af0", "to": "13756c2a50bf937f4229883f98ab0b11b0562401f6976befce154a83a086793f", "ts": 1785720804.25141, "type": "send"}
{"delay": 0.02, "height": 13, "msg_type": "PRECOMMIT", "node": "3fde868ea6caf3041493f50fbcc45ebc3bad7edab4bad774a5dca2b91bec8af0", "to": "4600e7073edcf35149235c417b55aed016ffc4133b445b7a44f86e142a6010ae", "ts": 1785720804.251424, "type": "send"}
{"delay": 0.02, "height": 13, "msg_type": "PRECOMMIT", "node": "3fde868ea6caf3041493f50fbcc45ebc3bad7edab4bad774a5dca2b91bec8af0", "to": "967fe6e8b6c8221a582c62797d0002f17eee1c8d34def67da5ac8c9fb33b7fd4", "ts": 1785720804.251436, "type": "send"}
{"delay": 0.02, "height": 13, "msg_type": "PRECOMMIT", "node": "3fde868ea6caf3041493f50fbcc45ebc3bad7edab4bad774a5dca2b91bec8af0", "to": "c8568c45b20b7a1b9e0f4a5dadd1987eb3d6007e239fc9dd224eeb47b71799cf", "ts": 1785720804.251449, "type": "send"}
{"delay": 0.02, "height": 13, "msg_type": "PRECOMMIT", "node": "3fde868ea6caf3041493f50fbcc45ebc3bad7edab4bad774a5dca2b91bec8af0", "to": "f08474af8ab0926587a2475f38484edb316eecc339239614a2d1eff9ccd01800", "ts": 1785720804.251461, "type": "send"}
{"delay": 0.02, "height": 13, "msg_type": "PRECOMMIT", "node": "3fde868ea6caf3041493f50fbcc45ebc3bad7edab4bad774a5dca2b91bec8af0", "to": "f22393e0df7ce07fe1b9a4b8647ed82c1e636f80a5b858638dba3ccf3f416959", "ts": 1785720804.251472, "type": "send"}
{"delay": 0.02, "height": 13, "msg_type": "PRECOMMIT", "node": "4600e7073edcf35149235c417b55aed016ffc4133b445b7a44f86e142a6010ae", "to": "0772af86d70664e325e22546e3fe7a4c6b82feefae381b62cab85b230fb21719", "ts": 1785720804.253747, "type": "send"}
{"delay": 0.02, "height": 13, "msg_type": "PRECOMMIT", "node": "4600e7073edcf35149235c417b55aed016ffc4133b445b7a44f86e142a6010ae", "to": "13756c2a50bf937f4229883f98ab0b11b0562401f6976befce154a83a086793f", "ts": 1785720804.253776, "type": "send"}
{"delay": 0.02, "height": 13, "msg_type": "PRECOMMIT", "node": "4600e7073edcf35149235c417b55aed016ffc4133b445b7a44f86e142a6010ae", "to": "3fde868ea6caf3041493f50fbcc45ebc3bad7edab4bad774a5dca2b91bec8af0", "ts": 1785720804.253793, "type": "send"}
{"delay": 0.02, "height": 13, "msg_type": "PRECOMMIT", "node": "4600e7073edcf35149235c417b55aed016ffc4133b445b7a44f86e142a6010ae", "to": "967fe6e8b6c8221a582c62797d0002f17eee1c8d34def67da5ac8c9fb33b7fd4", "ts": 1785720804.253806, "type": "send"}
{"delay": 0.02, "height": 13, "msg_type": "PRECOMMIT", "node": "4600e7073edcf35149235c417b55aed016ffc4133b445b7a44f86e142a6010ae", "to": "c8568c45b20b7a1b9e0f4a5dadd1987eb3d6007e239fc9dd224eeb47b71799cf", "ts": 1785720804.253819, "type": "send"}
{"delay": 0.02, "height": 13, "msg_type": "PRECOMMIT", "node": "4600e7073edcf35149235c417b55aed016ffc4133b445b7a44f86e142a6010ae", "to": "f08474af8ab0926587a2475f38484edb316eecc339239614a2d1eff9ccd01800", "ts": 1785720804.253832, "type": "send"}
{"delay": 0.02, "height": 13, "msg_type": "PRECOMMIT", "node": "4600e7073edcf35149235c417b55aed016ffc4133b445b7a44f86e142a6010ae", "to": "f22393e0df7ce07fe1b9a4b8647ed82c1e636f80a5b858638dba3ccf3f416959", "ts": 1785720804.253845, "type": "send"}
{"delay": 0.02, "height": 13, "msg_type": "PRECOMMIT", "node": "967fe6e8b6c8221a582c62797d0002f17eee1c8d34def67da5ac8c9fb33b7fd4", "to": "0772af86d70664e325e22546e3fe7a4c6b82feefae381b62cab85b230fb21719", "ts": 1785720804.255761, "type": "send"}
{"delay": 0.02, "height": 13, "msg_type": "PRECOMMIT", "node": "967fe6e8b6c8221a582c62797d0002f17eee1c8d34def67da5ac8c9fb33b7fd4", "to": "13756c2a50bf937f4229883f98ab0b11b0562401f6976befce154a83a086793f", "ts": 1785720804.255783, "type": "send"}
{"delay": 0.02, "height": 13, "msg_type": "PRECOMMIT", "node": "967fe6e8b6c8221a582c62797d0002f17eee1c8d34def67da5ac8c9fb33b7fd4", "to": "3fde868ea6caf3041493f50fbcc45ebc3bad7edab4bad774a5dca2b91bec8af0", "ts": 1785720804.255798, "type": "send"}
{"delay": 0.02, "height": 13, "msg_type": "PRECOMMIT", "node": "967fe6e8b6c8221a582c62797d0002f17eee1c8d34def67da5ac8c9fb33b7fd4", "to": "4600e7073edcf35149235c417b55aed016ffc4133b445b7a44f86e142a6010ae", "ts": 1785720804.255811, "type": "send"}
{"delay": 0.02, "height": 13, "msg_type": "PRECOMMIT", "node": "967fe6e8b6c8221a582c62797d0002f17eee1c8d34def67da5ac8c9fb33b7fd4", "to": "c8568c45b20b7a1b9e0f4a5dadd1987eb3d6007e239fc9dd224eeb47b71799cf", "ts": 1785720804.255823, "type": "send"}
{"delay": 0.02, "height": 13, "msg_type": "PRECOMMIT", "node": "967fe6e8b6c8221a582c62797d0002f17eee1c8d34def67da5ac8c9fb33b7fd4", "to": "f08474af8ab0926587a2475f38484edb316eecc339239614a2d1eff9ccd01800", "ts": 1785720804.255836, "type": "send"}
{"delay": 0.02, "height": 13, "msg_type": "PRECOMMIT", "node": "967fe6e8b6c8221a582c62797d0002f17eee1c8d34def67da5ac8c9fb33b7fd4", "to": "f22393e0df7ce07fe1b9a4b8647ed82c1e636f80a5b858638dba3ccf3f416959", "ts": 1785720804.255847, "type": "send"}
{"delay": 0.02, "height": 13, "msg_type": "PRECOMMIT", "node": "c8568c45b20b7a1b9e0f4a5dadd1987eb3d6007e239fc9dd224eeb47b71799cf", "to": "0772af86d70664e325e22546e3fe7a4c6b82feefae381b62cab85b230fb21719", "ts": 1785720804.258046, "type": "send"}
{"delay": 0.02, "height": 13, "msg_type": "PRECOMMIT", "node": "c8568c45b20b7a1b9e0f4a5dadd1987eb3d6007e239fc9dd224eeb47b71799cf", "to": "13756c2a50bf937f4229883f98ab0b11b0562401f6976befce154a83a086793f", "ts": 1785720804.258071, "type": "send"}
{"delay": 0.02, "height": 13, "msg_type": "PRECOMMIT", "node": "c8568c45b20b7a1b9e0f4a5dadd1987eb3d6007e239fc9dd224eeb47b71799cf", "to": "3fde868ea6caf3041493f50fbcc45ebc3bad7edab4bad774a5dca2b91bec8af0", "ts": 1785720804.258086, "type": "send"}
{"delay": 0.02, "height": 13, "msg_type": "PRECOMMIT", "node": "c8568c45b20b7a1b9e0f4a5dadd1987eb3d6007e239fc9dd224eeb47b71799cf", "to": "4600e7073edcf35149235c417b55aed016ffc4133b445b7a44f86e142a6010ae", "ts": 1785720804.258098, "type": "send"}
{"delay": 0.02, "height": 13, "msg_type": "PRECOMMIT", "node": "c8568c45b20b7a1b9e0f4a5dadd1987eb3d6007e239fc9dd224eeb47b71799cf", "to": "967fe6e8b6c8221a582c62797d0002f17eee1c8d34def67da5ac8c9fb33b7fd4", "ts": 1785720804.258111, "type": "send"}
{"delay": 0.02, "height": 13, "msg_type": "PRECOMMIT", "node": "c8568c45b20b7a1b9e0f4a5dadd1987eb3d6007e239fc9dd224eeb47b71799cf", "to": "f08474af8ab0926587a2475f38484edb316eecc339239614a2d1eff9ccd01800", "ts": 1785720804.258123, "type": "send"}
{"delay": 0.02, "height": 13, "msg_type": "PRECOMMIT", "node": "c8568c45b20b7a1b9e0f4a5dadd1987eb3d6007e239fc9dd224eeb47b71799cf", "to": "f22393e0df7ce07fe1b9a4b8647ed82c1e636f80a5b858638dba3ccf3f416959", "ts": 1785720804.258135, "type": "send"}
{"delay": 0.02, "height": 13, "msg_type": "PRECOMMIT", "node": "f08474af8ab0926587a2475f38484edb316eecc339239614a2d1eff9ccd01800", "to": "0772af86d70664e325e22546e3fe7a4c6b82feefae381b62cab85b230fb21719", "ts": 1785720804.260034, "type": "send"}
{"delay": 0.02, "height": 13, "msg_type": "PRECOMMIT", "node": "f08474af8ab0926587a2475f38484edb316eecc339239614a2d1eff9ccd01800", "to": "13756c2a50bf937f4229883f98ab0b11b0562401f6976befce154a83a086793f", "ts": 1785720804.260054, "type": "send"}
{"delay": 0.02, "height": 13, "msg_type": "PRECOMMIT", "node": "f08474af8ab0926587a2475f38484edb316eecc339239614a2d1eff9ccd01800", "to": "3fde868ea6caf3041493f50fbcc45ebc3bad7edab4bad774a5dca2b91bec8af0", "ts": 1785720804.260068, "type": "send"}
{"delay": 0.02, "height": 13, "msg_type": "PRECOMMIT", "node": "f08474af8ab0926587a2475f38484edb316eecc339239614a2d1eff9ccd01800", "to": "4600e7073edcf35149235c417b55aed016ffc4133b445b7a44f86e142a6010ae", "ts": 1785720804.260081, "type": "send"}
{"delay": 0.02, "height": 13, "msg_type": "PRECOMMIT", "node": "f08474af8ab0926587a2475f38484edb316eecc339239614a2d1eff9ccd01800", "to": "967fe6e8b6c8221a582c62797d0002f17eee1c8d34def67da5ac8c9fb33b7fd4", "ts": 1785720804.260094, "type": "send"}
{"delay": 0.02, "height": 13, "msg_type": "PRECOMMIT", "node": "f08474af8ab0926587a2475f38484edb316eecc339239614a2d1eff9ccd01800", "to": "c8568c45b20b7a1b9e0f4a5dadd1987eb3d6007e239fc9dd224eeb47b71799cf", "ts": 1785720804.260106, "type": "send"}
{"delay": 0.02, "height": 13, "msg_type": "PRECOMMIT", "node": "f08474af8ab0926587a2475f38484edb316eecc339239614a2d1eff9ccd01800", "to": "f22393e0df7ce07fe1b9a4b8647ed82c1e636f80a5b858638dba3ccf3f416959", "ts": 1785720804.260118, "type": "send"}
{"delay": 0.02, "height": 13, "msg_type": "PRECOMMIT", "node": "f22393e0df7ce07fe1b9a4b8647ed82c1e636f80a5b858638dba3ccf3f416959", "to": "0772af86d70664e325e22546e3fe7a4c6b82feefae381b62cab85b230fb21719", "ts": 1785720804.262022, "type": "send"}
{"delay": 0.02, "height": 13, "msg_type": "PRECOMMIT", "node": "f22393e0df7ce07fe1b9a4b8647ed82c1e636f80a5b858638dba3ccf3f416959", "to": "13756c2a50bf937f4229883f98ab0b11b0562401f6976befce154a83a086793f", "ts": 1785720804.262042, "type": "send"}
{"delay": 0.02, "height": 13, "msg_type": "PRECOMMIT", "node": "f22393e0df7ce07fe1b9a4b8647ed82c1e636f80a5b858638dba3ccf3f416959", "to": "3fde868ea6caf3041493f50fbcc45ebc3bad7edab4bad774a5dca2b91bec8af0", "ts": 1785720804.262057, "type": "send"}
{"delay": 0.02, "height": 13, "msg_type": "PRECOMMIT", "node": "f22393e0df7ce07fe1b9a4b8647ed82c1e636f80a5b858638dba3ccf3f416959", "to": "4600e7073edcf35149235c417b55aed016ffc4133b445b7a44f86e142a6010ae", "ts": 1785720804.262079, "type": "send"}
{"delay": 0.02, "height": 13, "msg_type": "PRECOMMIT", "node": "f22393e0df7ce07fe1b9a4b8647ed82c1e636f80a5b858638dba3ccf3f416959", "to": "967fe6e8b6c8221a582c62797d0002f17eee1c8d34def67da5ac8c9fb33b7fd4", "ts": 1785720804.262091, "type": "send"}
{"delay": 0.02, "height": 13, "msg_type": "PRECOMMIT", "node": "f22393e0df7ce07fe1b9a4b8647ed82c1e636f80a5b858638dba3ccf3f416959", "to": "c8568c45b20b7a1b9e0f4a5dadd1987eb3d6007e239fc9dd224eeb47b71799cf", "ts": 1785720804.262103, "type": "send"}
{"delay": 0.02, "height": 13, "msg_type": "PRECOMMIT", "node": "f22393e0df7ce07fe1b9a4b8647ed82c1e636f80a5b858638dba3ccf3f416959", "to": "f08474af8ab0926587a2475f38484edb316eecc339239614a2d1eff9ccd01800", "ts": 1785720804.26212, "type": "send"}
{"delay": 0.02, "height": 13, "msg_type": "PRECOMMIT", "node": "0772af86d70664e325e22546e3fe7a4c6b82feefae381b62cab85b230fb21719", "to": "13756c2a50bf937f4229883f98ab0b11b0562401f6976befce154a83a086793f", "ts": 1785720804.264714, "type": "send"}
{"delay": 0.02, "height": 13, "msg_type": "PRECOMMIT", "node": "0772af86d70664e325e22546e3fe7a4c6b82feefae381b62cab85b230fb21719", "to": "3fde868ea6caf3041493f50fbcc45ebc3bad7edab4bad774a5dca2b91bec8af0", "ts": 1785720804.264741, "type": "send"}
{"delay": 0.02, "height": 13, "msg_type": "PRECOMMIT", "node": "0772af86d70664e325e22546e3fe7a4c6b82feefae381b62cab85b230fb21719", "to": "4600e7073edcf35149235c417b55aed016ffc4133b445b7a44f86e142a6010ae", "ts": 1785720804.264756, "type": "send"}
{"delay": 0.02, "height": 13, "msg_type": "PRECOMMIT", "node": "0772af86d70664e325e22546e3fe7a4c6b82feefae381b62cab85b230fb21719", "to": "967fe6e8b6c8221a582c62797d0002f17eee1c8d34def67da5ac8c9fb33b7fd4", "ts": 1785720804.26477, "type": "send"}
{"delay": 0.02, "height": 13, "msg_type": "PRECOMMIT", "node": "0772af86d70664e325e22546e3fe7a4c6b82feefae381b62cab85b230fb21719", "to": "c8568c45b20b7a1b9e0f4a5dadd1987eb3d6007e239fc9dd224eeb47b71799cf", "ts": 1785720804.264783, "type": "send"}
{"delay": 0.02, "height": 13, "msg_type": "PRECOMMIT", "node": "0772af86d70664e325e22546e3fe7a4c6b82feefae381b62cab85b230fb21719", "to": "f08474af8ab0926587a2475f38484edb316eecc339239614a2d1eff9ccd01800", "ts": 1785720804.264796, "type": "send"}
{"delay": 0.02, "height": 13, "msg_type": "PRECOMMIT", "node": "0772af86d70664e325e22546e3fe7a4c6b82feefae381b62cab85b230fb21719", "to": "f22393e0df7ce07fe1b9a4b8647ed82c1e636f80a5b858638dba3ccf3f416959", "ts": 1785720804.264808, "type": "send"}
{"from": "13756c2a50bf937f4229883f98ab0b11b0562401f6976befce154a83a086793f", "height": 13, "msg_type": "PRECOMMIT", "node": "0772af86d70664e325e22546e3fe7a4c6b82feefae381b62cab85b230fb21719", "ts": 1785720804.294794, "type": "deliver"}
{"from": "13756c2a50bf937f4229883f98ab0b11b0562401f6976befce154a83a086793f", "height": 13, "msg_type": "PRECOMMIT", "node": "3fde868ea6caf3041493f50fbcc45ebc3bad7edab4bad774a5dca2b91bec8af0", "ts": 1785720804.294827, "type": "deliver"}
{"from": "13756c2a50bf937f4229883f98ab0b11b0562401f6976befce154a83a086793f", "height": 13, "msg_type": "PRECOMMIT", "node": "4600e7073edcf35149235c417b55aed016ffc4133b445b7a44f86e142a6010ae", "ts": 1785720804.294843, "type": "deliver"}
{"from": "13756c2a50bf937f4229883f98ab0b11b0562401f6976befce154a83a086793f", "height": 13, "msg_type": "PRECOMMIT", "node": "967fe6e8b6c8221a582c62797d0002f17eee1c8d34def67da5ac8c9fb33b7fd4", "ts": 1785720804.294857, "type": "deliver"}
{"from": "13756c2a50bf937f4229883f98ab0b11b0562401f6976befce154a83a086793f", "height": 13, "msg_type": "PRECOMMIT", "node": "c8568c45b20b7a1b9e0f4a5dadd1987eb3d6007e239fc9dd224eeb47b71799cf", "ts": 1785720804.29487, "type": "deliver"}
{"from": "13756c2a50bf937f4229883f98ab0b11b0562401f6976befce154a83a086793f", "height": 13, "msg_type": "PRECOMMIT", "node": "f08474af8ab0926587a2475f38484edb316eecc339239614a2d1eff9ccd01800", "ts": 1785720804.294883, "type": "deliver"}
{"from": "13756c2a50bf937f4229883f98ab0b11b0562401f6976befce154a83a086793f", "height": 13, "msg_type": "PRECOMMIT", "node": "f22393e0df7ce07fe1b9a4b8647ed82c1e636f80a5b858638dba3ccf3f416959", "ts": 1785720804.294896, "type": "deliver"}
{"from": "3fde868ea6caf3041493f50fbcc45ebc3bad7edab4bad774a5dca2b91bec8af0", "height": 13, "msg_type": "PRECOMMIT", "node": "0772af86d70664e325e22546e3fe7a4c6b82feefae381b62cab85b230fb21719", "ts": 1785720804.294909, "type": "deliver"}
{"from": "3fde868ea6caf3041493f50fbcc45ebc3bad7edab4bad774a5dca2b91bec8af0", "height": 13, "msg_type": "PRECOMMIT", "node": "13756c2a50bf937f4229883f98ab0b11b0562401f6976befce154a83a086793f", "ts": 1785720804.294919, "type": "deliver"}
{"from": "3fde868ea6caf3041493f50fbcc45ebc3bad7edab4bad774a5dca2b91bec8af0", "height": 13, "msg_type": "PRECOMMIT", "node": "4600e7073edcf35149235c417b55aed016ffc4133b445b7a44f86e142a6010ae", "ts": 1785720804.294931, "type": "deliver"}
{"from": "3fde868ea6caf3041493f50fbcc45ebc3bad7edab4bad774a5dca2b91bec8af0", "height": 13, "msg_type": "PRECOMMIT", "node": "967fe6e8b6c8221a582c62797d0002f17eee1c8d34def67da5ac8c9fb33b7fd4", "ts": 1785720804.29495, "type": "deliver"}
{"from": "3fde868ea6caf3041493f50fbcc45ebc3bad7edab4bad774a5dca2b91bec8af0", "height": 13, "msg_type": "PRECOMMIT", "node": "c8568c45b20b7a1b9e0f4a5dadd1987eb3d6007e239fc9dd224eeb47b71799cf", "ts": 1785720804.29496, "type": "deliver"}
{"from": "3fde868ea6caf3041493f50fbcc45ebc3bad7edab4bad774a5dca2b91bec8af0", "height": 13, "msg_type": "PRECOMMIT", "node": "f08474af8ab0926587a2475f38484edb316eecc339239614a2d1eff9ccd01800", "ts": 1785720804.294969, "type": "deliver"}
{"from": "3fde868ea6caf3041493f50fbcc45ebc3bad7edab4bad774a5dca2b91bec8af0", "height": 13, "msg_type": "PRECOMMIT", "node": "f22393e0df7ce07fe1b9a4b8647ed82c1e636f80a5b858638dba3ccf3f416959", "ts": 1785720804.294979, "type": "deliver"}
{"from": "4600e7073edcf35149235c417b55aed016ffc4133b445b7a44f86e142a6010ae", "height": 13, "msg_type": "PRECOMMIT", "node": "0772af86d70664e325e22546e3fe7a4c6b82feefae381b62cab85b230fb21719", "ts": 1785720804.294989, "type": "deliver"}
{"from": "4600e7073edcf35149235c417b55aed016ffc4133b445b7a44f86e142a6010ae", "height": 13, "msg_type": "PRECOMMIT", "node": "13756c2a50bf937f4229883f98ab0b11b0562401f6976befce154a83a086793f", "ts": 1785720804.294999, "type": "deliver"}
{"from": "4600e7073edcf35149235c417b55aed016ffc4133b445b7a44f86e142a6010ae", "height": 13, "msg_type": "PRECOMMIT", "node": "3fde868ea6caf3041493f50fbcc45ebc3bad7edab4bad774a5dca2b91bec8af0", "ts": 1785720804.295008, "type": "deliver"}
{"from": "4600e7073edcf35149235c417b55aed016ffc4133b445b7a44f86e142a6010ae", "height": 13, "msg_type": "PRECOMMIT", "node": "967fe6e8b6c8221a582c62797d0002f17eee1c8d34def67da5ac8c9fb33b7fd4", "ts": 1785720804.295018, "type": "deliver"}
{"from": "4600e7073edcf35149235c417b55aed016ffc4133b445b7a44f86e142a6010ae", "height": 13, "msg_type": "PRECOMMIT", "node": "c8568c45b20b7a1b9e0f4a5dadd1987eb3d6007e239fc9dd224eeb47b71799cf", "ts": 1785720804.295028, "type": "deliver"}
{"from": "4600e7073edcf35149235c417b55aed016ffc4133b445b7a44f86e142a6010ae", "height": 13, "msg_type": "PRECOMMIT", "node": "f08474af8ab0926587a2475f38484edb316eecc339239614a2d1eff9ccd01800", "ts": 1785720804.295037, "type": "deliver"}
{"from": "4600e7073edcf35149235c417b55aed016ffc4133b445b7a44f86e142a6010ae", "height": 13, "msg_type": "PRECOMMIT", "node": "f22393e0df7ce07fe1b9a4b8647ed82c1e636f80a5b858638dba3ccf3f416959", "ts": 1785720804.295047, "type": "deliver"}
{"from": "967fe6e8b6c8221a582c62797d0002f17eee1c8d34def67da5ac8c9fb33b7fd4", "height": 13, "msg_type": "PRECOMMIT", "node": "0772af86d70664e325e22546e3fe7a4c6b82feefae381b62cab85b230fb21719", "ts": 1785720804.295057, "type": "deliver"}
{"from": "967fe6e8b6c8221a582c62797d0002f17eee1c8d34def67da5ac8c9fb33b7fd4", "height": 13, "msg_type": "PRECOMMIT", "node": "13756c2a50bf937f4229883f98ab0b11b0562401f6976befce154a83a086793f", "ts": 1785720804.295067, "type": "deliver"}
{"from": "967fe6e8b6c8221a582c62797d0002f17eee1c8d34def67da5ac8c9fb33b7fd4", "height": 13, "msg_type": "PRECOMMIT", "node": "3fde868ea6caf3041493f50fbcc45ebc3bad7edab4bad774a5dca2b91bec8af0", "ts": 1785720804.295076, "type": "deliver"}
{"from": "967fe6e8b6c8221a582c62797d0002f17eee1c8d34def67da5ac8c9fb33b7fd4", "height": 13, "msg_type": "PRECOMMIT", "node": "4600e7073edcf35149235c417b55aed016ffc4133b445b7a44f86e142a6010ae", "ts": 1785720804.295086, "type": "deliver"}
{"from": "967fe6e8b6c8221a582c62797d0002f17eee1c8d34def67da5ac8c9fb33b7fd4", "height": 13, "msg_type": "PRECOMMIT", "node": "c8568c45b20b7a1b9e0f4a5dadd1987eb3d6007e239fc9dd224eeb47b71799cf", "ts": 1785720804.295095, "type": "deliver"}
{"from": "967fe6e8b6c8221a582c62797d0002f17eee1c8d34def67da5ac8c9fb33b7fd4", "height": 13, "msg_type": "PRECOMMIT", "node": "f08474af8ab0926587a2475f38484edb316eecc339239614a2d1eff9ccd01800", "ts": 1785720804.295106, "type": "deliver"}
{"from": "967fe6e8b6c8221a582c62797d0002f17eee1c8d34def67da5ac8c9fb33b7fd4", "height": 13, "msg_type": "PRECOMMIT", "node": "f22393e0df7ce07fe1b9a4b8647ed82c1e636f80a5b858638dba3ccf3f416959", "ts": 1785720804.295115, "type": "deliver"}
{"from": "c8568c45b20b7a1b9e0f4a5dadd1987eb3d6007e239fc9dd224eeb47b71799cf", "height": 13, "msg_type": "PRECOMMIT", "node": "0772af86d70664e325e22546e3fe7a4c6b82feefae381b62cab85b230fb21719", "ts": 1785720804.295125, "type": "deliver"}
{"from": "c8568c45b20b7a1b9e0f4a5dadd1987eb3d6007e239fc9dd224eeb47b71799cf", "height": 13, "msg_type": "PRECOMMIT", "node": "13756c2a50bf937f4229883f98ab0b11b0562401f6976befce154a83a086793f", "ts": 1785720804.295135, "type": "deliver"}
{"from": "c8568c45b20b7a1b9e0f4a5dadd1987eb3d6007e239fc9dd224eeb47b71799cf", "height": 13, "msg_type": "PRECOMMIT", "node": "3fde868ea6caf3041493f50fbcc45ebc3bad7edab4bad774a5dca2b91bec8af0", "ts": 1785720804.295149, "type": "deliver"}
{"from": "c8568c45b20b7a1b9e0f4a5dadd1987eb3d6007e239fc9dd224eeb47b71799cf", "height": 13, "msg_type": "PRECOMMIT", "node": "4600e7073edcf35149235c417b55aed016ffc4133b445b7a44f86e142a6010ae", "ts": 1785720804.295159, "type": "deliver"}
{"from": "c8568c45b20b7a1b9e0f4a5dadd1987eb3d6007e239fc9dd224eeb47b71799cf", "height": 13, "msg_type": "PRECOMMIT", "node": "967fe6e8b6c8221a582c62797d0002f17eee1c8d34def67da5ac8c9fb33b7fd4", "ts": 1785720804.295169, "type": "deliver"}
{"from": "c8568c45b20b7a1b9e0f4a5dadd1987eb3d6007e239fc9dd224eeb47b71799cf", "height": 13, "msg_type": "PRECOMMIT", "node": "f08474af8ab0926587a2475f38484edb316eecc339239614a2d1eff9ccd01800", "ts": 1785720804.295179, "type": "deliver"}
{"from": "c8568c45b20b7a1b9e0f4a5dadd1987eb3d6007e239fc9dd224eeb47b71799cf", "height": 13, "msg_type": "PRECOMMIT", "node": "f22393e0df7ce07fe1b9a4b8647ed82c1e636f80a5b858638dba3ccf3f416959", "ts": 1785720804.295188, "type": "deliver"}
{"from": "f08474af8ab0926587a2475f38484edb316eecc339239614a2d1eff9ccd01800", "height": 13, "msg_type": "PRECOMMIT", "node": "0772af86d70664e325e22546e3fe7a4c6b82feefae381b62cab85b230fb21719", "ts": 1785720804.295198, "type": "deliver"}
{"from": "f08474af8ab0926587a2475f38484edb316eecc339239614a2d1eff9ccd01800", "height": 13, "msg_type": "PRECOMMIT", "node": "13756c2a50bf937f4229883f98ab0b11b0562401f6976befce154a83a086793f", "ts": 1785720804.295208, "type": "deliver"}
{"from": "f08474af8ab0926587a2475f38484edb316eecc339239614a2d1eff9ccd01800", "height": 13, "msg_type": "PRECOMMIT", "node": "3fde868ea6caf3041493f50fbcc45ebc3bad7edab4bad774a5dca2b91bec8af0", "ts": 1785720804.295217, "type": "deliver"}
{"from": "f08474af8ab0926587a2475f38484edb316eecc339239614a2d1eff9ccd01800", "height": 13, "msg_type": "PRECOMMIT", "node": "4600e7073edcf35149235c417b55aed016ffc4133b445b7a44f86e142a6010ae", "ts": 1785720804.295226, "type": "deliver"}
{"from": "f08474af8ab0926587a2475f38484edb316eecc339239614a2d1eff9ccd01800", "height": 13, "msg_type": "PRECOMMIT", "node": "967fe6e8b6c8221a582c62797d0002f17eee1c8d34def67da5ac8c9fb33b7fd4", "ts": 1785720804.295236, "type": "deliver"}
{"from": "f08474af8ab0926587a2475f38484edb316eecc339239614a2d1eff9ccd01800", "height": 13, "msg_type": "PRECOMMIT", "node": "c8568c45b20b7a1b9e0f4a5dadd1987eb3d6007e239fc9dd224eeb47b71799cf", "ts": 1785720804.295245, "type": "deliver"}
{"from": "f08474af8ab0926587a2475f38484edb316eecc339239614a2d1eff9ccd01800", "height": 13, "msg_type": "PRECOMMIT", "node": "f22393e0df7ce07fe1b9a4b8647ed82c1e636f80a5b858638dba3ccf3f416959", "ts": 1785720804.295254, "type": "deliver"}
{"from": "f22393e0df7ce07fe1b9a4b8647ed82c1e636f80a5b858638dba3ccf3f416959", "height": 13, "msg_type": "PRECOMMIT", "node": "0772af86d70664e325e22546e3fe7a4c6b82feefae381b62cab85b230fb21719", "ts": 1785720804.295264, "type": "deliver"}
{"from": "f22393e0df7ce07fe1b9a4b8647ed82c1e636f80a5b858638dba3ccf3f416959", "height": 13, "msg_type": "PRECOMMIT", "node": "13756c2a50bf937f4229883f98ab0b11b0562401f6976befce154a83a086793f", "ts": 1785720804.295274, "type": "deliver"}
{"from": "f22393e0df7ce07fe1b9a4b8647ed82c1e636f80a5b858638dba3ccf3f416959", "height": 13, "msg_type": "PRECOMMIT", "node": "3fde868ea6caf3041493f50fbcc45ebc3bad7edab4bad774a5dca2b91bec8af0", "ts": 1785720804.295283, "type": "deliver"}
{"from": "f22393e0df7ce07fe1b9a4b8647ed82c1e636f80a5b858638dba3ccf3f416959", "height": 13, "msg_type": "PRECOMMIT", "node": "4600e7073edcf35149235c417b55aed016ffc4133b445b7a44f86e142a6010ae", "ts": 1785720804.295292, "type": "deliver"}
{"from": "f22393e0df7ce07fe1b9a4b8647ed82c1e636f80a5b858638dba3ccf3f416959", "height": 13, "msg_type": "PRECOMMIT", "node": "967fe6e8b6c8221a582c62797d0002f17eee1c8d34def67da5ac8c9fb33b7fd4", "ts": 1785720804.295302, "type": "deliver"}
{"from": "f22393e0df7ce07fe1b9a4b8647ed82c1e636f80a5b858638dba3ccf3f416959", "height": 13, "msg_type": "PRECOMMIT", "node": "c8568c45b20b7a1b9e0f4a5dadd1987eb3d6007e239fc9dd224eeb47b71799cf", "ts": 1785720804.295311, "type": "deliver"}
{"from": "f22393e0df7ce07fe1b9a4b8647ed82c1e636f80a5b858638dba3ccf3f416959", "height": 13, "msg_type": "PRECOMMIT", "node": "f08474af8ab0926587a2475f38484edb316eecc339239614a2d1eff9ccd01800", "ts": 1785720804.295321, "type": "deliver"}
{"from": "0772af86d70664e325e22546e3fe7a4c6b82feefae381b62cab85b230fb21719", "height": 13, "msg_type": "PRECOMMIT", "node": "13756c2a50bf937f4229883f98ab0b11b0562401f6976befce154a83a086793f", "ts": 1785720804.295333, "type": "deliver"}
{"from": "0772af86d70664e325e22546e3fe7a4c6b82feefae381b62cab85b230fb21719", "height": 13, "msg_type": "PRECOMMIT", "node": "3fde868ea6caf3041493f50fbcc45ebc3bad7edab4bad774a5dca2b91bec8af0", "ts": 1785720804.295343, "type": "deliver"}
{"from": "0772af86d70664e325e22546e3fe7a4c6b82feefae381b62cab85b230fb21719", "height": 13, "msg_type": "PRECOMMIT", "node": "4600e7073edcf35149235c417b55aed016ffc4133b445b7a44f86e142a6010ae", "ts": 1785720804.295352, "type": "deliver"}
{"from": "0772af86d70664e325e22546e3fe7a4c6b82feefae381b62cab85b230fb21719", "height": 13, "msg_type": "PRECOMMIT", "node": "967fe6e8b6c8221a582c62797d0002f17eee1c8d34def67da5ac8c9fb33b7fd4", "ts": 1785720804.295363, "type": "deliver"}
{"from": "0772af86d70664e325e22546e3fe7a4c6b82feefae381b62cab85b230fb21719", "height": 13, "msg_type": "PRECOMMIT", "node": "c8568c45b20b7a1b9e0f4a5dadd1987eb3d6007e239fc9dd224eeb47b71799cf", "ts": 1785720804.295372, "type": "deliver"}
{"from": "0772af86d70664e325e22546e3fe7a4c6b82feefae381b62cab85b230fb21719", "height": 13, "msg_type": "PRECOMMIT", "node": "f08474af8ab0926587a2475f38484edb316eecc339239614a2d1eff9ccd01800", "ts": 1785720804.295381, "type": "deliver"}
{"from": "0772af86d70664e325e22546e3fe7a4c6b82feefae381b62cab85b230fb21719", "height": 13, "msg_type": "PRECOMMIT", "node": "f22393e0df7ce07fe1b9a4b8647ed82c1e636f80a5b858638dba3ccf3f416959", "ts": 1785720804.295391, "type": "deliver"}
{"delay": 0.02, "height": 14, "msg_type": "PROPOSAL", "node": "f08474af8ab0926587a2475f38484edb316eecc339239614a2d1eff9ccd01800", "to": "0772af86d70664e325e22546e3fe7a4c6b82feefae381b62cab85b230fb21719", "ts": 1785720804.301288, "type": "send"}
{"delay": 0.02, "height": 14, "msg_type": "PROPOSAL", "node": "f08474af8ab0926587a2475f38484edb316eecc339239614a2d1eff9ccd01800", "to": "13756c2a50bf937f4229883f98ab0b11b0562401f6976befce154a83a086793f", "ts": 1785720804.301306, "type": "send"}
{"delay": 0.02, "height": 14, "msg_type": "PROPOSAL", "node": "f08474af8ab0926587a2475f38484edb316eecc339239614a2d1eff9ccd01800", "to": "3fde868ea6caf3041493f50fbcc45ebc3bad7edab4bad774a5dca2b91bec8af0", "ts": 1785720804.301318, "type": "send"}
{"delay": 0.02, "height": 14, "msg_type": "PROPOSAL", "node": "f08474af8ab0926587a2475f38484edb316eecc339239614a2d1eff9ccd01800", "to": "4600e7073edcf35149235c417b55aed016ffc4133b445b7a44f86e142a6010ae", "ts": 1785720804.301329, "type": "send"}
{"delay": 0.02, "height": 14, "msg_type": "PROPOSAL", "node": "f08474af8ab0926587a2475f38484edb316eecc339239614a2d1eff9ccd01800", "to": "967fe6e8b6c8221a582c62797d0002f17eee1c8d34def67da5ac8c9fb33b7fd4", "ts": 1785720804.301339, "type": "send"}
{"delay": 0.02, "height": 14, "msg_type": "PROPOSAL", "node": "f08474af8ab0926587a2475f38484edb316eecc339239614a2d1eff9ccd01800", "to": "c8568c45b20b7a1b9e0f4a5dadd1987eb3d6007e239fc9dd224eeb47b71799cf", "ts": 1785720804.301349, "type": "send"}
{"delay": 0.02, "height": 14, "msg_type": "PROPOSAL", "node": "f08474af8ab0926587a2475f38484edb316eecc339239614a2d1eff9ccd01800", "to": "f22393e0df7ce07fe1b9a4b8647ed82c1e636f80a5b858638dba3ccf3f416959", "ts": 1785720804.301359, "type": "send"}
{"delay": 0.02, "height": 14, "msg_type": "PREVOTE", "node": "f08474af8ab0926587a2475f38484edb316eecc339239614a2d1eff9ccd01800", "to": "0772af86d70664e325e22546e3fe7a4c6b82feefae381b62cab85b230fb21719", "ts": 1785720804.301773, "type": "send"}
{"delay": 0.02, "height": 14, "msg_type": "PREVOTE", "node": "f08474af8ab0926587a2475f38484edb316eecc339239614a2d1eff9ccd01800", "to": "13756c2a50bf937f4229883f98ab0b11b0562401f6976befce154a83a086793f", "ts": 1785720804.301788, "type": "send"}
{"delay": 0.02, "height": 14, "msg_type": "PREVOTE", "node": "f08474af8ab0926587a2475f38484edb316eecc339239614a2d1eff9ccd01800", "to": "3fde868ea6caf3041493f50fbcc45ebc3bad7edab4bad774a5dca2b91bec8af0", "ts": 1785720804.301799, "type": "send"}
{"delay": 0.02, "height": 14, "msg_type": "PREVOTE", "node": "f08474af8ab0926587a2475f38484edb316eecc339239614a2d1eff9ccd01800", "to": "4600e7073edcf35149235c417b55aed016ffc4133b445b7a44f86e142a6010ae", "ts": 1785720804.301814, "type": "send"}
{"delay": 0.02, "height": 14, "msg_type": "PREVOTE", "node": "f08474af8ab0926587a2475f38484edb316eecc339239614a2d1eff9ccd01800", "to": "967fe6e8b6c8221a582c62797d0002f17eee1c8d34def67da5ac8c9fb33b7fd4", "ts": 1785720804.301824, "type": "send"}
{"delay": 0.02, "height": 14, "msg_type": "PREVOTE", "node": "f08474af8ab0926587a2475f38484edb316eecc339239614a2d1eff9ccd01800", "to": "c8568c45b20b7a1b9e0f4a5dadd1987eb3d6007e239fc9dd224eeb47b71799cf", "ts": 1785720804.301834, "type": "send"}
{"delay": 0.02, "height": 14, "msg_type": "PREVOTE", "node": "f08474af8ab0926587a2475f38484edb316eecc339239614a2d1eff9ccd01800", "to": "f22393e0df7ce07fe1b9a4b8647ed82c1e636f80a5b858638dba3ccf3f416959", "ts": 1785720804.301844, "type": "send"}
{"from": "f08474af8ab0926587a2475f38484edb316eecc339239614a2d1eff9ccd01800", "height": 14, "msg_type": "PROPOSAL", "node": "0772af86d70664e325e22546e3fe7a4c6b82feefae381b62cab85b230fb21719", "ts": 1785720804.326175, "type": "deliver"}
{"from": "f08474af8ab0926587a2475f38484edb316eecc339239614a2d1eff9ccd01800", "height": 14, "msg_type": "PROPOSAL", "node": "13756c2a50bf937f4229883f98ab0b11b0562401f6976befce154a83a086793f", "ts": 1785720804.326249, "type": "deliver"}
{"from": "f08474af8ab0926587a2475f38484edb316eecc339239614a2d1eff9ccd01800", "height": 14, "msg_type": "PROPOSAL", "node": "3fde868ea6caf3041493f50fbcc45ebc3bad7edab4bad774a5dca2b91bec8af0", "ts": 1785720804.326303, "type": "deliver"}
{"from": "f08474af8ab0926587a2475f38484edb316eecc339239614a2d1eff9ccd01800", "height": 14, "msg_type": "PROPOSAL", "node": "4600e7073edcf35149235c417b55aed016ffc4133b445b7a44f86e142a6010ae", "ts": 1785720804.326363, "type": "deliver"}
{"from": "f08474af8ab0926587a2475f38484edb316eecc339239614a2d1eff9ccd01800", "height": 14, "msg_type": "PROPOSAL", "node": "967fe6e8b6c8221a582c62797d0002f17eee1c8d34def67da5ac8c9fb33b7fd4", "ts": 1785720804.326408, "type": "deliver"}
{"from": "f08474af8ab0926587a2475f38484edb316eecc339239614a2d1eff9ccd01800", "height": 14, "msg_type": "PROPOSAL", "node": "c8568c45b20b7a1b9e0f4a5dadd1987eb3d6007e239fc9dd224eeb47b71799cf", "ts": 1785720804.326443, "type": "deliver"}
{"from": "f08474af8ab0926587a2475f38484edb316eecc339239614a2d1eff9ccd01800", "height": 14, "msg_type": "PROPOSAL", "node": "f22393e0df7ce07fe1b9a4b8647ed82c1e636f80a5b858638dba3ccf3f416959", "ts": 1785720804.326476, "type": "deliver"}
{"from": "f08474af8ab0926587a2475f38484edb316eecc339239614a2d1eff9ccd01800", "height": 14, "msg_type": "PREVOTE", "node": "0772af86d70664e325e22546e3fe7a4c6b82feefae381b62cab85b230fb21719", "ts": 1785720804.326517, "type": "deliver"}
{"from": "f08474af8ab0926587a2475f38484edb316eecc339239614a2d1eff9ccd01800", "height": 14, "msg_type": "PREVOTE", "node": "13756c2a50bf937f4229883f98ab0b11b0562401f6976befce154a83a086793f", "ts": 1785720804.326545, "type": "deliver"}
{"from": "f08474af8ab0926587a2475f38484edb316eecc339239614a2d1eff9ccd01800", "height": 14, "msg_type": "PREVOTE", "node": "3fde868ea6caf3041493f50fbcc45ebc3bad7edab4bad774a5dca2b91bec8af0", "ts": 1785720804.326566, "type": "deliver"}
{"from": "f08474af8ab0926587a2475f38484edb316eecc339239614a2d1eff9ccd01800", "height": 14, "msg_type": "PREVOTE", "node": "4600e7073edcf35149235c417b55aed016ffc4133b445b7a44f86e142a6010ae", "ts": 1785720804.326597, "type": "deliver"}
{"from": "f08474af8ab0926587a2475f38484edb316eecc339239614a2d1eff9ccd01800", "height": 14, "msg_type": "PREVOTE", "node": "967fe6e8b6c8221a582c62797d0002f17eee1c8d34def67da5ac8c9fb33b7fd4", "ts": 1785720804.326623, "type": "deliver"}
{"from": "f08474af8ab0926587a2475f38484edb316eecc339239614a2d1eff9ccd01800", "height": 14, "msg_type": "PREVOTE", "node": "c8568c45b20b7a1b9e0f4a5dadd1987eb3d6007e239fc9dd224eeb47b71799cf", "ts": 1785720804.326638, "type": "deliver"}
{"from": "f08474af8ab0926587a2475f38484edb316eecc339239614a2d1eff9ccd01800", "height": 14, "msg_type": "PREVOTE", "node": "f22393e0df7ce07fe1b9a4b8647ed82c1e636f80a5b858638dba3ccf3f416959", "ts": 1785720804.326653, "type": "deliver"}
{"delay": 0.02, "height": 14, "msg_type": "PREVOTE", "node": "0772af86d70664e325e22546e3fe7a4c6b82feefae381b62cab85b230fb21719", "to": "13756c2a50bf937f4229883f98ab0b11b0562401f6976befce154a83a086793f", "ts": 1785720804.327234, "type": "send"}
{"delay": 0.02, "height": 14, "msg_type": "PREVOTE", "node": "0772af86d70664e325e22546e3fe7a4c6b82feefae381b62cab85b230fb21719", "to": "3fde868ea6caf3041493f50fbcc45ebc3bad7edab4bad774a5dca2b91bec8af0", "ts": 1785720804.327269, "type": "send"}
{"delay": 0.02, "height": 14, "msg_type": "PREVOTE", "node": "0772af86d70664e325e22546e3fe7a4c6b82feefae381b62cab85b230fb21719", "to": "4600e7073edcf35149235c417b55aed016ffc4133b445b7a44f86e142a6010ae", "ts": 1785720804.327293, "type": "send"}
{"delay": 0.02, "height": 14, "msg_type": "PREVOTE", "node": "0772af86d70664e325e22546e3fe7a4c6b82feefae381b62cab85b230fb21719", "to": "967fe6e8b6c8221a582c62797d0002f17eee1c8d34def67da5ac8c9fb33b7fd4", "ts": 1785720804.327533, "type": "send"}
{"delay": 0.02, "height": 14, "msg_type": "PREVOTE", "node": "0772af86d70664e325e22546e3fe7a4c6b82feefae381b62cab85b230fb21719", "to": "c8568c45b20b7a1b9e0f4a5dadd1987eb3d6007e239fc9dd224eeb47b71799cf", "ts": 1785720804.327552, "type": "send"}
{"delay": 0.02, "height": 14, "msg_type": "PREVOTE", "node": "0772af86d70664e325e22546e3fe7a4c6b82feefae381b62cab85b230fb21719", "to": "f08474af8ab0926587a2475f38484edb316eecc339239614a2d1eff9ccd01800", "ts": 1785720804.327569, "type": "send"}
{"delay": 0.02, "height": 14, "msg_type": "PREVOTE", "node": "0772af86d70664e325e22546e3fe7a4c6b82feefae381b62cab85b230fb21719", "to": "f22393e0df7ce07fe1b9a4b8647ed82c1e636f80a5b858638dba3ccf3f416959", "ts": 1785720804.327588, "type": "send"}
{"delay": 0.02, "height": 14, "msg_type": "PREVOTE", "node": "13756c2a50bf937f4229883f98ab0b11b0562401f6976befce154a83a086793f", "to": "0772af86d70664e325e22546e3fe7a4c6b82feefae381b62cab85b230fb21719", "ts": 1785720804.328303, "type": "send"}
{"delay": 0.02, "height": 14, "msg_type": "PREVOTE", "node": "13756c2a50bf937f4229883f98ab0b11b0562401f6976befce154a83a086793f", "to": "3fde868ea6caf3041493f50fbcc45ebc3bad7edab4bad774a5dca2b91bec8af0", "ts": 1785720804.32832, "type": "send"}
{"delay": 0.02, "height": 14, "msg_type": "PREVOTE", "node": "13756c2a50bf937f4229883f98ab0b11b0562401f6976befce154a83a086793f", "to": "4600e7073edcf35149235c417b55aed016ffc4133b445b7a44f86e142a6010ae", "ts": 1785720804.328331, "type": "send"}
{"delay": 0.02, "height": 14, "msg_type": "PREVOTE", "node": "13756c2a50bf937f4229883f98ab0b11b0562401f6976befce154a83a086793f", "to": "967fe6e8b6c8221a582c62797d0002f17eee1c8d34def67da5ac8c9fb33b7fd4", "ts": 1785720804.328342, "type": "send"}
{"delay": 0.02, "height": 14, "msg_type": "PREVOTE", "node": "13756c2a50bf937f4229883f98ab0b11b0562401f6976befce154a83a086793f", "to": "c8568c45b20b7a1b9e0f4a5dadd1987eb3d6007e239fc9dd224eeb47b71799cf", "ts": 1785720804.328352, "type": "send"}
{"delay": 0.02, "height": 14, "msg_type": "PREVOTE", "node": "13756c2a50bf937f4229883f98ab0b11b0562401f6976befce154a83a086793f", "to": "f08474af8ab0926587a2475f38484edb316eecc339239614a2d1eff9ccd01800", "ts": 1785720804.328362, "type": "send"}
{"delay": 0.02, "height": 14, "msg_type": "PREVOTE", "node": "13756c2a50bf937f4229883f98ab0b11b0562401f6976befce154a83a086793f", "to": "f22393e0df7ce07fe1b9a4b8647ed82c1e636f80a5b858638dba3ccf3f416959", "ts": 1785720804.328372, "type": "send"}
{"delay": 0.02, "height": 14, "msg_type": "PREVOTE", "node": "3fde868ea6caf3041493f50fbcc45ebc3bad7edab4bad774a5dca2b91bec8af0", "to": "0772af86d70664e325e22546e3fe7a4c6b82feefae381b62cab85b230fb21719", "ts": 1785720804.329024, "type": "send"}
{"delay": 0.02, "height": 14, "msg_type": "PREVOTE", "node": "3fde868ea6caf3041493f50fbcc45ebc3bad7edab4bad774a5dca2b91bec8af0", "to": "13756c2a50bf937f4229883f98ab0b11b0562401f6976befce154a83a086793f", "ts": 1785720804.32904, "type": "send"}
{"delay": 0.02, "height": 14, "msg_type": "PREVOTE", "node": "3fde868ea6caf3041493f50fbcc45ebc3bad7edab4bad774a5dca2b91bec8af0", "to": "4600e7073edcf35149235c417b55aed016ffc4133b445b7a44f86e142a6010ae", "ts": 1785720804.329057, "type": "send"}
{"delay": 0.02, "height": 14, "msg_type": "PREVOTE", "node": "3fde868ea6caf3041493f50fbcc45ebc3bad7edab4bad774a5dca2b91bec8af0", "to": "967fe6e8b6c8221a582c62797d0002f17eee1c8d34def67da5ac8c9fb33b7fd4", "ts": 1785720804.329073, "type": "send"}
{"delay": 0.02, "height": 14, "msg_type": "PREVOTE", "node": "3fde868ea6caf3041493f50fbcc45ebc3bad7edab4bad774a5dca2b91bec8af0", "to": "c8568c45b20b7a1b9e0f4a5dadd1987eb3d6007e239fc9dd224eeb47b71799cf", "ts": 1785720804.329083, "type": "send"}
{"delay": 0.02, "height": 14, "msg_type": "PREVOTE", "node": "3fde868ea6caf3041493f50fbcc45ebc3bad7edab4bad774a5dca2b91bec8af0", "to": "f08474af8ab0926587a2475f38484edb316eecc339239614a2d1eff9ccd01800", "ts": 1785720804.329093, "type": "send"}
{"delay": 0.02, "height": 14, "msg_type": "PREVOTE", "node": "3fde868ea6caf3041493f50fbcc45ebc3bad7edab4bad774a5dca2b91bec8af0", "to": "f22393e0df7ce07fe1b9a4b8647ed82c1e636f80a5b858638dba3ccf3f416959", "ts": 1785720804.329103, "type": "send"}
{"delay": 0.02, "height": 14, "msg_type": "PREVOTE", "node": "4600e7073edcf35149235c417b55aed016ffc4133b445b7a44f86e142a6010ae", "to": "0772af86d70664e325e22546e3fe7a4c6b82feefae381b62cab85b230fb21719", "ts": 1785720804.329751, "type": "send"}
{"delay": 0.02, "height": 14, "msg_type": "PREVOTE", "node": "4600e7073edcf35149235c417b55aed016ffc4133b445b7a44f86e142a6010ae", "to": "13756c2a50bf937f4229883f98ab0b11b0562401f6976befce154a83a086793f", "ts": 1785720804.329767, "type": "send"}
{"delay": 0.02, "height": 14, "msg_type": "PREVOTE", "node": "4600e7073edcf35149235c417b55aed016ffc4133b445b7a44f86e142a6010ae", "to": "3fde868ea6caf3041493f50fbcc45ebc3bad7edab4bad774a5dca2b91bec8af0", "ts": 1785720804.329778, "type": "send"}
{"delay": 0.02, "height": 14, "msg_type": "PREVOTE", "node": "4600e7073edcf35149235c417b55aed016ffc4133b445b7a44f86e142a6010ae", "to": "967fe6e8b6c8221a582c62797d0002f17eee1c8d34def67da5ac8c9fb33b7fd4", "ts": 1785720804.329789, "type": "send"}
{"delay": 0.02, "height": 14, "msg_type": "PREVOTE", "node": "4600e7073edcf35149235c417b55aed016ffc4133b445b7a44f86e142a6010ae", "to": "c8568c45b20b7a1b9e0f4a5dadd1987eb3d6007e239fc9dd224eeb47b71799cf", "ts": 1785720804.329799, "type": "send"}
{"delay": 0.02, "height": 14, "msg_type": "PREVOTE", "node": "4600e7073edcf35149235c417b55aed016ffc4133b445b7a44f86e142a6010ae", "to": "f08474af8ab0926587a2475f38484edb316eecc339239614a2d1eff9ccd01800", "ts": 1785720804.329809, "type": "send"}
{"delay": 0.02, "height": 14, "msg_type": "PREVOTE", "node": "4600e7073edcf35149235c417b55aed016ffc4133b445b7a44f86e142a6010ae", "to": "f22393e0df7ce07fe1b9a4b8647ed82c1e636f80a5b858638dba3ccf3f416959", "ts": 1785720804.329819, "type": "send"}
{"delay": 0.02, "height": 14, "msg_type": "PREVOTE", "node": "967fe6e8b6c8221a582c62797d0002f17eee1c8d34def67da5ac8c9fb33b7fd4", "to": "0772af86d70664e325e22546e3fe7a4c6b82feefae381b62cab85b230fb21719", "ts": 1785720804.330472, "type": "send"}
{"delay": 0.02, "height": 14, "msg_type": "PREVOTE", "node": "967fe6e8b6c8221a582c62797d0002f17eee1c8d34def67da5ac8c9fb33b7fd4", "to": "13756c2a50bf937f4229883f98ab0b11b0562401f6976befce154a83a086793f", "ts": 1785720804.330488, "type": "send"}
{"delay": 0.02, "height": 14, "msg_type": "PREVOTE", "node": "967fe6e8b6c8221a582c62797d0002f17eee1c8d34def67da5ac8c9fb33b7fd4", "to": "3fde868ea6caf3041493f50fbcc45ebc3bad7edab4bad774a5dca2b91bec8af0", "ts": 1785720804.330499, "type": "send"}
{"delay": 0.02, "height": 14, "msg_type": "PREVOTE", "node": "967fe6e8b6c8221a582c62797d0002f17eee1c8d34def67da5ac8c9fb33b7fd4", "to": "4600e7073edcf35149235c417b55aed016ffc4133b445b7a44f86e142a6010ae", "ts": 1785720804.330509, "type": "send"}
{"delay": 0.02, "height": 14, "msg_type": "PREVOTE", "node": "967fe6e8b6c8221a582c62797d0002f17eee1c8d34def67da5ac8c9fb33b7fd4", "to": "c8568c45b20b7a1b9e0f4a5dadd1987eb3d6007e239fc9dd224eeb47b71799cf", "ts": 1785720804.330519, "type": "send"}
{"delay": 0.02, "height": 14, "msg_type": "PREVOTE", "node": "967fe6e8b6c8221a582c62797d0002f17eee1c8d34def67da5ac8c9fb33b7fd4", "to": "f08474af8ab0926587a2475f38484edb316eecc339239614a2d1eff9ccd01800", "ts": 1785720804.330529, "type": "send"}
{"delay": 0.02, "height": 14, "msg_type": "PREVOTE", "node": "967fe6e8b6c8221a582c62797d0002f17eee1c8d34def67da5ac8c9fb33b7fd4", "to": "f22393e0df7ce07fe1b9a4b8647ed82c1e636f80a5b858638dba3ccf3f416959", "ts": 1785720804.330539, "type": "send"}
{"delay": 0.02, "height": 14, "msg_type": "PREVOTE", "node": "c8568c45b20b7a1b9e0f4a5dadd1987eb3d6007e239fc9dd224eeb47b71799cf", "to": "0772af86d70664e325e22546e3fe7a4c6b82feefae381b62cab85b230fb21719", "ts": 1785720804.331185, "type": "send"}
{"delay": 0.02, "height": 14, "msg_type": "PREVOTE", "node": "c8568c45b20b7a1b9e0f4a5dadd1987eb3d6007e239fc9dd224eeb47b71799cf", "to": "13756c2a50bf937f4229883f98ab0b11b0562401f6976befce154a83a086793f", "ts": 1785720804.331202, "type": "send"}
{"delay": 0.02, "height": 14, "msg_type": "PREVOTE", "node": "c8568c45b20b7a1b9e0f4a5dadd1987eb3d6007e239fc9dd224eeb47b71799cf", "to": "3fde868ea6caf3041493f50fbcc45ebc3bad7edab4bad774a5dca2b91bec8af0", "ts": 1785720804.331213, "type": "send"}
{"delay": 0.02, "height": 14, "msg_type": "PREVOTE", "node": "c8568c45b20b7a1b9e0f4a5dadd1987eb3d6007e239fc9dd224eeb47b71799cf", "to": "4600e7073edcf35149235c417b55aed016ffc4133b445b7a44f86e142a6010ae", "ts": 1785720804.331223, "type": "send"}
{"delay": 0.02, "height": 14, "msg_type": "PREVOTE", "node": "c8568c45b20b7a1b9e0f4a5dadd1987eb3d6007e239fc9dd224eeb47b71799cf", "to": "967fe6e8b6c8221a582c62797d0002f17eee1c8d34def67da5ac8c9fb33b7fd4", "ts": 1785720804.331232, "type": "send"}
{"delay": 0.02, "height": 14, "msg_type": "PREVOTE", "node": "c8568c45b20b7a1b9e0f4a5dadd1987eb3d6007e239fc9dd224eeb47b71799cf", "to": "f08474af8ab0926587a2475f38484edb316eecc339239614a2d1eff9ccd01800", "ts": 1785720804.331242, "type": "send"}
{"delay": 0.02, "height": 14, "msg_type": "PREVOTE", "node": "c8568c45b20b7a1b9e0f4a5dadd1987eb3d6007e239fc9dd224eeb47b71799cf", "to": "f22393e0df7ce07fe1b9a4b8647ed82c1e636f80a5b858638dba3ccf3f416959", "ts": 1785720804.331252, "type": "send"}
{"delay": 0.02, "height": 14, "msg_type": "PREVOTE", "node": "f22393e0df7ce07fe1b9a4b8647ed82c1e636f80a5b858638dba3ccf3f416959", "to": "0772af86d70664e325e22546e3fe7a4c6b82feefae381b62cab85b230fb21719", "ts": 1785720804.331894, "type": "send"}
{"delay": 0.02, "height": 14, "msg_type": "PREVOTE", "node": "f22393e0df7ce07fe1b9a4b8647ed82c1e636f80a5b858638dba3ccf3f416959", "to": "13756c2a50bf937f4229883f98ab0b11b0562401f6976befce154a83a086793f", "ts": 1785720804.33191, "type": "send"}
{"delay": 0.02, "height": 14, "msg_type": "PREVOTE", "node": "f22393e0df7ce07fe1b9a4b8647ed82c1e636f80a5b858638dba3ccf3f416959", "to": "3fde868ea6caf3041493f50fbcc45ebc3bad7edab4bad774a5dca2b91bec8af0", "ts": 1785720804.331921, "type": "send"}
{"delay": 0.02, "height": 14, "msg_type": "PREVOTE", "node": "f22393e0df7ce07fe1b9a4b8647ed82c1e636f80a5b858638dba3ccf3f416959", "to": "4600e7073edcf35149235c417b55aed016ffc4133b445b7a44f86e142a6010ae", "ts": 1785720804.331931, "type": "send"}
{"delay": 0.02, "height": 14, "msg_type": "PREVOTE", "node": "f22393e0df7ce07fe1b9a4b8647ed82c1e636f80a5b858638dba3ccf3f416959", "to": "967fe6e8b6c8221a582c62797d0002f17eee1c8d34def67da5ac8c9fb33b7fd4", "ts": 1785720804.331941, "type": "send"}
{"delay": 0.02, "height": 14, "msg_type": "PREVOTE", "node": "f22393e0df7ce07fe1b9a4b8647ed82c1e636f80a5b858638dba3ccf3f416959", "to": "c8568c45b20b7a1b9e0f4a5dadd1987eb3d6007e239fc9dd224eeb47b71799cf", "ts": 1785720804.331951, "type": "send"}
{"delay": 0.02, "height": 14, "msg_type": "PREVOTE", "node": "f22393e0df7ce07fe1b9a4b8647ed82c1e636f80a5b858638dba3ccf3f416959", "to": "f08474af8ab0926587a2475f38484edb316eecc339239614a2d1eff9ccd01800", "ts": 1785720804.33196, "type": "send"}
{"from": "0772af86d70664e325e22546e3fe7a4c6b82feefae381b62cab85b230fb21719", "height": 14, "msg_type": "PREVOTE", "node": "13756c2a50bf937f4229883f98ab0b11b0562401f6976befce154a83a086793f", "ts": 1785720804.361706, "type": "deliver"}
{"from": "0772af86d70664e325e22546e3fe7a4c6b82feefae381b62cab85b230fb21719", "height": 14, "msg_type": "PREVOTE", "node": "3fde868ea6caf3041493f50fbcc45ebc3bad7edab4bad774a5dca2b91bec8af0", "ts": 1785720804.361742, "type": "deliver"}
{"from": "0772af86d70664e325e22546e3fe7a4c6b82feefae381b62cab85b230fb21719", "height": 14, "msg_type": "PREVOTE", "node": "4600e7073edcf35149235c417b55aed016ffc4133b445b7a44f86e142a6010ae", "ts": 1785720804.361764, "type": "deliver"}
{"from": "0772af86d70664e325e22546e3fe7a4c6b82feefae381b62cab85b230fb21719", "height": 14, "msg_type": "PREVOTE", "node": "967fe6e8b6c8221a582c62797d0002f17eee1c8d34def67da5ac8c9fb33b7fd4", "ts": 1785720804.361787, "type": "deliver"}
{"from": "0772af86d70664e325e22546e3fe7a4c6b82feefae381b62cab85b230fb21719", "height": 14, "msg_type": "PREVOTE", "node": "c8568c45b20b7a1b9e0f4a5dadd1987eb3d6007e239fc9dd224eeb47b71799cf", "ts": 1785720804.361807, "type": "deliver"}
{"from": "0772af86d70664e325e22546e3fe7a4c6b82feefae381b62cab85b230fb21719", "height": 14, "msg_type": "PREVOTE", "node": "f08474af8ab0926587a2475f38484edb316eecc339239614a2d1eff9ccd01800", "ts": 1785720804.361825, "type": "deliver"}
{"from": "0772af86d70664e325e22546e3fe7a4c6b82feefae381b62cab85b230fb21719", "height": 14, "msg_type": "PREVOTE", "node": "f22393e0df7ce07fe1b9a4b8647ed82c1e636f80a5b858638dba3ccf3f416959", "ts": 1785720804.361842, "type": "deliver"}
{"from": "13756c2a50bf937f4229883f98ab0b11b0562401f6976befce154a83a086793f", "height": 14, "msg_type": "PREVOTE", "node": "0772af86d70664e325e22546e3fe7a4c6b82feefae381b62cab85b230fb21719", "ts": 1785720804.36186, "type": "deliver"}
{"from": "13756c2a50bf937f4229883f98ab0b11b0562401f6976befce154a83a086793f", "height": 14, "msg_type": "PREVOTE", "node": "3fde868ea6caf3041493f50fbcc45ebc3bad7edab4bad774a5dca2b91bec8af0", "ts": 1785720804.361878, "type": "deliver"}
{"from": "13756c2a50bf937f4229883f98ab0b11b0562401f6976befce154a83a086793f", "height": 14, "msg_type": "PREVOTE", "node": "4600e7073edcf35149235c417b55aed016ffc4133b445b7a44f86e142a6010ae", "ts": 1785720804.361892, "type": "deliver"}
{"from": "13756c2a50bf937f4229883f98ab0b11b0562401f6976befce154a83a086793f", "height": 14, "msg_type": "PREVOTE", "node": "967fe6e8b6c8221a582c62797d0002f17eee1c8d34def67da5ac8c9fb33b7fd4", "ts": 1785720804.361905, "type": "deliver"}
{"from": "13756c2a50bf937f4229883f98ab0b11b0562401f6976befce154a83a086793f", "height": 14, "msg_type": "PREVOTE", "node": "c8568c45b20b7a1b9e0f4a5dadd1987eb3d6007e239fc9dd224eeb47b71799cf", "ts": 1785720804.361923, "type": "deliver"}
{"from": "13756c2a50bf937f4229883f98ab0b11b0562401f6976befce154a83a086793f", "height": 14, "msg_type": "PREVOTE", "node": "f08474af8ab0926587a2475f38484edb316eecc339239614a2d1eff9ccd01800", "ts": 1785720804.361934, "type": "deliver"}
{"from": "13756c2a50bf937f4229883f98ab0b11b0562401f6976befce154a83a086793f", "height": 14, "msg_type": "PREVOTE", "node": "f22393e0df7ce07fe1b9a4b8647ed82c1e636f80a5b858638dba3ccf3f416959", "ts": 1785720804.361943, "type": "deliver"}
{"from": "3fde868ea6caf3041493f50fbcc45ebc3bad7edab4bad774a5dca2b91bec8af0", "height": 14, "msg_type": "PREVOTE", "node": "0772af86d70664e325e22546e3fe7a4c6b82feefae381b62cab85b230fb21719", "ts": 1785720804.361952, "type": "deliver"}
{"from": "3fde868ea6caf3041493f50fbcc45ebc3bad7edab4bad774a5dca2b91bec8af0", "height": 14, "msg_type": "PREVOTE", "node": "13756c2a50bf937f4229883f98ab0b11b0562401f6976befce154a83a086793f", "ts": 1785720804.36203, "type": "deliver"}
{"from": "3fde868ea6caf3041493f50fbcc45ebc3bad7edab4bad774a5dca2b91bec8af0", "height": 14, "msg_type": "PREVOTE", "node": "4600e7073edcf35149235c417b55aed016ffc4133b445b7a44f86e142a6010ae", "ts": 1785720804.362075, "type": "deliver"}
{"from": "3fde868ea6caf3041493f50fbcc45ebc3bad7edab4bad774a5dca2b91bec8af0", "height": 14, "msg_type": "PREVOTE", "node": "967fe6e8b6c8221a582c62797d0002f17eee1c8d34def67da5ac8c9fb33b7fd4", "ts": 1785720804.362092, "type": "deliver"}
{"from": "3fde868ea6caf3041493f50fbcc45ebc3bad7edab4bad774a5dca2b91bec8af0", "height": 14, "msg_type": "PREVOTE", "node": "c8568c45b20b7a1b9e0f4a5dadd1987eb3d6007e239fc9dd224eeb47b71799cf", "ts": 1785720804.362107, "type": "deliver"}
{"from": "3fde868ea6caf3041493f50fbcc45ebc3bad7edab4bad774a5dca2b91bec8af0", "height": 14, "msg_type": "PREVOTE", "node": "f08474af8ab0926587a2475f38484edb316eecc339239614a2d1eff9ccd01800", "ts": 1785720804.362116, "type": "deliver"}
{"from": "3fde868ea6caf3041493f50fbcc45ebc3bad7edab4bad774a5dca2b91bec8af0", "height": 14, "msg_type": "PREVOTE", "node": "f22393e0df7ce07fe1b9a4b8647ed82c1e636f80a5b858638dba3ccf3f416959", "ts": 1785720804.362125, "type": "deliver"}
{"from": "4600e7073edcf35149235c417b55aed016ffc4133b445b7a44f86e142a6010ae", "height": 14, "msg_type": "PREVOTE", "node": "0772af86d70664e325e22546e3fe7a4c6b82feefae381b62cab85b230fb21719", "ts": 1785720804.362134, "type": "deliver"}
{"from": "4600e7073edcf35149235c417b55aed016ffc4133b445b7a44f86e142a6010ae", "height": 14, "msg_type": "PREVOTE", "node": "13756c2a50bf937f4229883f98ab0b11b0562401f6976befce154a83a086793f", "ts": 1785720804.362559, "type": "deliver"}
{"from": "4600e7073edcf35149235c417b55aed016ffc4133b445b7a44f86e142a6010ae", "height": 14, "msg_type": "PREVOTE", "node": "3fde868ea6caf3041493f50fbcc45ebc3bad7edab4bad774a5dca2b91bec8af0", "ts": 1785720804.362593, "type": "deliver"}
{"from": "4600e7073edcf35149235c417b55aed016ffc4133b445b7a44f86e142a6010ae", "height": 14, "msg_type": "PREVOTE", "node": "967fe6e8b6c8221a582c62797d0002f17eee1c8d34def67da5ac8c9fb33b7fd4", "ts": 1785720804.362609, "type": "deliver"}
{"from": "4600e7073edcf35149235c417b55aed016ffc4133b445b7a44f86e142a6010ae", "height": 14, "msg_type": "PREVOTE", "node": "c8568c45b20b7a1b9e0f4a5dadd1987eb3d6007e239fc9dd224eeb47b71799cf", "ts": 1785720804.362623, "type": "deliver"}
{"from": "4600e7073edcf35149235c417b55aed016ffc4133b445b7a44f86e142a6010ae", "height": 14, "msg_type": "PREVOTE", "node": "f08474af8ab0926587a2475f38484edb316eecc339239614a2d1eff9ccd01800", "ts": 1785720804.362638, "type": "deliver"}
{"from": "4600e7073edcf35149235c417b55aed016ffc4133b445b7a44f86e142a6010ae", "height": 14, "msg_type": "PREVOTE", "node": "f22393e0df7ce07fe1b9a4b8647ed82c1e636f80a5b858638dba3ccf3f416959", "ts": 1785720804.362651, "type": "deliver"}
{"from": "967fe6e8b6c8221a582c62797d0002f17eee1c8d34def67da5ac8c9fb33b7fd4", "height": 14, "msg_type": "PREVOTE", "node": "0772af86d70664e325e22546e3fe7a4c6b82feefae381b62cab85b230fb21719", "ts": 1785720804.362664, "type": "deliver"}
{"from": "967fe6e8b6c8221a582c62797d0002f17eee1c8d34def67da5ac8c9fb33b7fd4", "height": 14, "msg_type": "PREVOTE", "node": "13756c2a50bf937f4229883f98ab0b11b0562401f6976befce154a83a086793f", "ts": 1785720804.362678, "type": "deliver"}
{"from": "967fe6e8b6c8221a582c62797d0002f17eee1c8d34def67da5ac8c9fb33b7fd4", "height": 14, "msg_type": "PREVOTE", "node": "3fde868ea6caf3041493f50fbcc45ebc3bad7edab4bad774a5dca2b91bec8af0", "ts": 1785720804.362691, "type": "deliver"}
{"from": "967fe6e8b6c8221a582c62797d0002f17eee1c8d34def67da5ac8c9fb33b7fd4", "height": 14, "msg_type": "PREVOTE", "node": "4600e7073edcf35149235c417b55aed016ffc4133b445b7a44f86e142a6010ae", "ts": 1785720804.362704, "type": "deliver"}
{"from": "967fe6e8b6c8221a582c62797d0002f17eee1c8d34def67da5ac8c9fb33b7fd4", "height": 14, "msg_type": "PREVOTE", "node": "c8568c45b20b7a1b9e0f4a5dadd1987eb3d6007e239fc9dd224eeb47b71799cf", "ts": 1785720804.362717, "type": "deliver"}
{"from": "967fe6e8b6c8221a582c62797d0002f17eee1c8d34def67da5ac8c9fb33b7fd4", "height": 14, "msg_type": "PREVOTE", "node": "f08474af8ab0926587a2475f38484edb316eecc339239614a2d1eff9ccd01800", "ts": 1785720804.362731, "type": "deliver"}
{"from": "967fe6e8b6c8221a582c62797d0002f17eee1c8d34def67da5ac8c9fb33b7fd4", "height": 14, "msg_type": "PREVOTE", "node": "f22393e0df7ce07fe1b9a4b8647ed82c1e636f80a5b858638dba3ccf3f416959", "ts": 1785720804.362744, "type": "deliver"}
{"from": "c8568c45b20b7a1b9e0f4a5dadd1987eb3d6007e239fc9dd224eeb47b71799cf", "height": 14, "msg_type": "PREVOTE", "node": "0772af86d70664e325e22546e3fe7a4c6b82feefae381b62cab85b230fb21719", "ts": 1785720804.362758, "type": "deliver"}
{"from": "c8568c45b20b7a1b9e0f4a5dadd1987eb3d6007e239fc9dd224eeb47b71799cf", "height": 14, "msg_type": "PREVOTE", "node": "13756c2a50bf937f4229883f98ab0b11b0562401f6976befce154a83a086793f", "ts": 1785720804.362771, "type": "deliver"}
{"from": "c8568c45b20b7a1b9e0f4a5dadd1987eb3d6007e239fc9dd224eeb47b71799cf", "height": 14, "msg_type": "PREVOTE", "node": "3fde868ea6caf3041493f50fbcc45ebc3bad7edab4bad774a5dca2b91bec8af0", "ts": 1785720804.362784, "type": "deliver"}
{"from": "c8568c45b20b7a1b9e0f4a5dadd1987eb3d6007e239fc9dd224eeb47b71799cf", "height": 14, "msg_type": "PREVOTE", "node": "4600e7073edcf35149235c417b55aed016ffc4133b445b7a44f86e142a6010ae", "ts": 1785720804.362798, "type": "deliver"}
{"from": "c8568c45b20b7a1b9e0f4a5dadd1987eb3d6007e239fc9dd224eeb47b71799cf", "height": 14, "msg_type": "PREVOTE", "node": "967fe6e8b6c8221a582c62797d0002f17eee1c8d34def67da5ac8c9fb33b7fd4", "ts": 1785720804.36281, "type": "deliver"}
{"from": "c8568c45b20b7a1b9e0f4a5dadd1987eb3d6007e239fc9dd224eeb47b71799cf", "height": 14, "msg_type": "PREVOTE", "node": "f08474af8ab0926587a2475f38484edb316eecc339239614a2d1eff9ccd01800", "ts": 1785720804.36283, "type": "deliver"}
{"from": "c8568c45b20b7a1b9e0f4a5dadd1987eb3d6007e239fc9dd224eeb47b71799cf", "height": 14, "msg_type": "PREVOTE", "node": "f22393e0df7ce07fe1b9a4b8647ed82c1e636f80a5b858638dba3ccf3f416959", "ts": 1785720804.362877, "type": "deliver"}
{"from": "f22393e0df7ce07fe1b9a4b8647ed82c1e636f80a5b858638dba3ccf3f416959", "height": 14, "msg_type": "PREVOTE", "node": "0772af86d70664e325e22546e3fe7a4c6b82feefae381b62cab85b230fb21719", "ts": 1785720804.363053, "type": "deliver"}
{"from": "f22393e0df7ce07fe1b9a4b8647ed82c1e636f80a5b858638dba3ccf3f416959", "height": 14, "msg_type": "PREVOTE", "node": "13756c2a50bf937f4229883f98ab0b11b0562401f6976befce154a83a086793f", "ts": 1785720804.363214, "type": "deliver"}
{"from": "f22393e0df7ce07fe1b9a4b8647ed82c1e636f80a5b858638dba3ccf3f416959", "height": 14, "msg_type": "PREVOTE", "node": "3fde868ea6caf3041493f50fbcc45ebc3bad7edab4bad774a5dca2b91bec8af0", "ts": 1785720804.363235, "type": "deliver"}
{"from": "f22393e0df7ce07fe1b9a4b8647ed82c1e636f80a5b858638dba3ccf3f416959", "height": 14, "msg_type": "PREVOTE", "node": "4600e7073edcf35149235c417b55aed016ffc4133b445b7a44f86e142a6010ae", "ts": 1785720804.363252, "type": "deliver"}
{"from": "f22393e0df7ce07fe1b9a4b8647ed82c1e636f80a5b858638dba3ccf3f416959", "height": 14, "msg_type": "PREVOTE", "node": "967fe6e8b6c8221a582c62797d0002f17eee1c8d34def67da5ac8c9fb33b7fd4", "ts": 1785720804.363267, "type": "deliver"}
{"from": "f22393e0df7ce07fe1b9a4b8647ed82c1e636f80a5b858638dba3ccf3f416959", "height": 14, "msg_type": "PREVOTE", "node": "c8568c45b20b7a1b9e0f4a5dadd1987eb3d6007e239fc9dd224eeb47b71799cf", "ts": 1785720804.363283, "type": "deliver"}
{"from": "f22393e0df7ce07fe1b9a4b8647ed82c1e636f80a5b858638dba3ccf3f416959", "height": 14, "msg_type": "PREVOTE", "node": "f08474af8ab0926587a2475f38484edb316eecc339239614a2d1eff9ccd01800", "ts": 1785720804.363303, "type": "deliver"}
{"delay": 0.02, "height": 14, "msg_type": "PRECOMMIT", "node": "13756c2a50bf937f4229883f98ab0b11b0562401f6976befce154a83a086793f", "to": "0772af86d70664e325e22546e3fe7a4c6b82feefae381b62cab85b230fb21719", "ts": 1785720804.367117, "type": "send"}
{"delay": 0.02, "height": 14, "msg_type": "PRECOMMIT", "node": "13756c2a50bf937f4229883f98ab0b11b0562401f6976befce154a83a086793f", "to": "3fde868ea6caf3041493f50fbcc45ebc3bad7edab4bad774a5dca2b91bec8af0", "ts": 1785720804.367173, "type": "send"}
{"delay": 0.02, "height": 14, "msg_type": "PRECOMMIT", "node": "13756c2a50bf937f4229883f98ab0b11b0562401f6976befce154a83a086793f", "to": "4600e7073edcf35149235c417b55aed016ffc4133b445b7a44f86e142a6010ae", "ts": 1785720804.367334, "type": "send"}
{"delay": 0.02, "height": 14, "msg_type": "PRECOMMIT", "node": "13756c2a50bf937f4229883f98ab0b11b0562401f6976befce154a83a086793f", "to": "967fe6e8b6c8221a582c62797d0002f17eee1c8d34def67da5ac8c9fb33b7fd4", "ts": 1785720804.367504, "type": "send"}
{"delay": 0.02, "height": 14, "msg_type": "PRECOMMIT", "node": "13756c2a50bf937f4229883f98ab0b11b0562401f6976befce154a83a086793f", "to": "c8568c45b20b7a1b9e0f4a5dadd1987eb3d6007e239fc9dd224eeb47b71799cf", "ts": 1785720804.367517, "type": "send"}
{"delay": 0.02, "height": 14, "msg_type": "PRECOMMIT", "node": "13756c2a50bf937f4229883f98ab0b11b0562401f6976befce154a83a086793f", "to": "f08474af8ab0926587a2475f38484edb316eecc339239614a2d1eff9ccd01800", "ts": 1785720804.367536, "type": "send"}
{"delay": 0.02, "height": 14, "msg_type": "PRECOMMIT", "node": "13756c2a50bf937f4229883f98ab0b11b0562401f6976befce154a83a086793f", "to": "f22393e0df7ce07fe1b9a4b8647ed82c1e636f80a5b858638dba3ccf3f416959", "ts": 1785720804.367553, "type": "send"}
{"delay": 0.02, "height": 14, "msg_type": "PRECOMMIT", "node": "3fde868ea6caf3041493f50fbcc45ebc3bad7edab4bad774a5dca2b91bec8af0", "to": "0772af86d70664e325e22546e3fe7a4c6b82feefae381b62cab85b230fb21719", "ts": 1785720804.374064, "type": "send"}
{"delay": 0.02, "height": 14, "msg_type": "PRECOMMIT", "node": "3fde868ea6caf3041493f50fbcc45ebc3bad7edab4bad774a5dca2b91bec8af0", "to": "13756c2a50bf937f4229883f98ab0b11b0562401f6976befce154a83a086793f", "ts": 1785720804.374097, "type": "send"}
{"delay": 0.02, "height": 14, "msg_type": "PRECOMMIT", "node": "3fde868ea6caf3041493f50fbcc45ebc3bad7edab4bad774a5dca2b91bec8af0", "to": "4600e7073edcf35149235c417b55aed016ffc4133b445b7a44f86e142a6010ae", "ts": 1785720804.374115, "type": "send"}
{"delay": 0.02, "height": 14, "msg_type": "PRECOMMIT", "node": "3fde868ea6caf3041493f50fbcc45ebc3bad7edab4bad774a5dca2b91bec8af0", "to": "967fe6e8b6c8221a582c62797d0002f17eee1c8d34def67da5ac8c9fb33b7fd4", "ts": 1785720804.374131, "type": "send"}
{"delay": 0.02, "height": 14, "msg_type": "PRECOMMIT", "node": "3fde868ea6caf3041493f50fbcc45ebc3bad7edab4bad774a5dca2b91bec8af0", "to": "c8568c45b20b7a1b9e0f4a5dadd1987eb3d6007e239fc9dd224eeb47b71799cf", "ts": 1785720804.374147, "type": "send"}
{"delay": 0.02, "height": 14, "msg_type": "PRECOMMIT", "node": "3fde868ea6caf3041493f50fbcc45ebc3bad7edab4bad774a5dca2b91bec8af0", "to": "f08474af8ab0926587a2475f38484edb316eecc339239614a2d1eff9ccd01800", "ts": 1785720804.374162, "type": "send"}
{"delay": 0.02, "height": 14, "msg_type": "PRECOMMIT", "node": "3fde868ea6caf3041493f50fbcc45ebc3bad7edab4bad774a5dca2b91bec8af0", "to": "f22393e0df7ce07fe1b9a4b8647ed82c1e636f80a5b858638dba3ccf3f416959", "ts": 1785720804.374177, "type": "send"}
{"delay": 0.02, "height": 14, "msg_type": "PRECOMMIT", "node": "4600e7073edcf35149235c417b55aed016ffc4133b445b7a44f86e142a6010ae", "to": "0772af86d70664e325e22546e3fe7a4c6b82feefae381b62cab85b230fb21719", "ts": 1785720804.375617, "type": "send"}
{"delay": 0.02, "height": 14, "msg_type": "PRECOMMIT", "node": "4600e7073edcf35149235c417b55aed016ffc4133b445b7a44f86e142a6010ae", "to": "13756c2a50bf937f4229883f98ab0b11b0562401f6976befce154a83a086793f", "ts": 1785720804.375631, "type": "send"}
{"delay": 0.02, "height": 14, "msg_type": "PRECOMMIT", "node": "4600e7073edcf35149235c417b55aed016ffc4133b445b7a44f86e142a6010ae", "to": "3fde868ea6caf3041493f50fbcc45ebc3bad7edab4bad774a5dca2b91bec8af0", "ts": 1785720804.375639, "type": "send"}
{"delay": 0.02, "height": 14, "msg_type": "PRECOMMIT", "node": "4600e7073edcf35149235c417b55aed016ffc4133b445b7a44f86e142a6010ae", "to": "967fe6e8b6c8221a582c62797d0002f17eee1c8d34def67da5ac8c9fb33b7fd4", "ts": 1785720804.375645, "type": "send"}
{"delay": 0.02, "height": 14, "msg_type": "PRECOMMIT", "node": "4600e7073edcf35149235c417b55aed016ffc4133b445b7a44f86e142a6010ae", "to": "c8568c45b20b7a1b9e0f4a5dadd1987eb3d6007e239fc9dd224eeb47b71799cf", "ts": 1785720804.375652, "type": "send"}
{"delay": 0.02, "height": 14, "msg_type": "PRECOMMIT", "node": "4600e7073edcf35149235c417b55aed016ffc4133b445b7a44f86e142a6010ae", "to": "f08474af8ab0926587a2475f38484edb316eecc339239614a2d1eff9ccd01800", "ts": 1785720804.375658, "type": "send"}
{"delay": 0.02, "height": 14, "msg_type": "PRECOMMIT", "node": "4600e7073edcf35149235c417b55aed016ffc4133b445b7a44f86e142a6010ae", "to": "f22393e0df7ce07fe1b9a4b8647ed82c1e636f80a5b858638dba3ccf3f416959", "ts": 1785720804.375664, "type": "send"}
{"delay": 0.02, "height": 14, "msg_type": "PRECOMMIT", "node": "967fe6e8b6c8221a582c62797d0002f17eee1c8d34def67da5ac8c9fb33b7fd4", "to": "0772af86d70664e325e22546e3fe7a4c6b82feefae381b62cab85b230fb21719", "ts": 1785720804.376569, "type": "send"}
{"delay": 0.02, "height": 14, "msg_type": "PRECOMMIT", "node": "967fe6e8b6c8221a582c62797d0002f17eee1c8d34def67da5ac8c9fb33b7fd4", "to": "13756c2a50bf937f4229883f98ab0b11b0562401f6976befce154a83a086793f", "ts": 1785720804.376579, "type": "send"}
{"delay": 0.02, "height": 14, "msg_type": "PRECOMMIT", "node": "967fe6e8b6c8221a582c62797d0002f17eee1c8d34def67da5ac8c9fb33b7fd4", "to": "3fde868ea6caf3041493f50fbcc45ebc3bad7edab4bad774a5dca2b91bec8af0", "ts": 1785720804.376586, "type": "send"}
{"delay": 0.02, "height": 14, "msg_type": "PRECOMMIT", "node": "967fe6e8b6c8221a582c62797d0002f17eee1c8d34def67da5ac8c9fb33b7fd4", "to": "4600e7073edcf35149235c417b55aed016ffc4133b445b7a44f86e142a6010ae", "ts": 1785720804.376592, "type": "send"}
{"delay": 0.02, "height": 14, "msg_type": "PRECOMMIT", "node": "967fe6e8b6c8221a582c62797d0002f17eee1c8d34def67da5ac8c9fb33b7fd4", "to": "c8568c45b20b7a1b9e0f4a5dadd1987eb3d6007e239fc9dd224eeb47b71799cf", "ts": 1785720804.376598, "type": "send"}
{"delay": 0.02, "height": 14, "msg_type": "PRECOMMIT", "node": "967fe6e8b6c8221a582c62797d0002f17eee1c8d34def67da5ac8c9fb33b7fd4", "to": "f08474af8ab0926587a2475f38484edb316eecc339239614a2d1eff9ccd01800", "ts": 1785720804.376604, "type": "send"}
{"delay": 0.02, "height": 14, "msg_type": "PRECOMMIT", "node": "967fe6e8b6c8221a582c62797d0002f17eee1c8d34def67da5ac8c9fb33b7fd4", "to": "f22393e0df7ce07fe1b9a4b8647ed82c1e636f80a5b858638dba3ccf3f416959", "ts": 1785720804.37661, "type": "send"}
{"delay": 0.02, "height": 14, "msg_type": "PRECOMMIT", "node": "c8568c45b20b7a1b9e0f4a5dadd1987eb3d6007e239fc9dd224eeb47b71799cf", "to": "0772af86d70664e325e22546e3fe7a4c6b82feefae381b62cab85b230fb21719", "ts": 1785720804.377489, "type": "send"}
{"delay": 0.02, "height": 14, "msg_type": "PRECOMMIT", "node": "c8568c45b20b7a1b9e0f4a5dadd1987eb3d6007e239fc9dd224eeb47b71799cf", "to": "13756c2a50bf937f4229883f98ab0b11b0562401f6976befce154a83a086793f", "ts": 1785720804.3775, "type": "send"}
{"delay": 0.02, "height": 14, "msg_type": "PRECOMMIT", "node": "c8568c45b20b7a1b9e0f4a5dadd1987eb3d6007e239fc9dd224eeb47b71799cf", "to": "3fde868ea6caf3041493f50fbcc45ebc3bad7edab4bad774a5dca2b91bec8af0", "ts": 1785720804.377506, "type": "send"}
{"delay": 0.02, "height": 14, "msg_type": "PRECOMMIT", "node": "c8568c45b20b7a1b9e0f4a5dadd1987eb3d6007e239fc9dd224eeb47b71799cf", "to": "4600e7073edcf35149235c417b55aed016ffc4133b445b7a44f86e142a6010ae", "ts": 1785720804.377513, "type": "send"}
{"delay": 0.02, "height": 14, "msg_type": "PRECOMMIT", "node": "c8568c45b20b7a1b9e0f4a5dadd1987eb3d6007e239fc9dd224eeb47b71799cf", "to": "967fe6e8b6c8221a582c62797d0002f17eee1c8d34def67da5ac8c9fb33b7fd4", "ts": 1785720804.377519, "type": "send"}
{"delay": 0.02, "height": 14, "msg_type": "PRECOMMIT", "node": "c8568c45b20b7a1b9e0f4a5dadd1987eb3d6007e239fc9dd224eeb47b71799cf", "to": "f08474af8ab0926587a2475f38484edb316eecc339239614a2d1eff9ccd01800", "ts": 1785720804.377525, "type": "send"}
{"delay": 0.02, "height": 14, "msg_type": "PRECOMMIT", "node": "c8568c45b20b7a1b9e0f4a5dadd1987eb3d6007e239fc9dd224eeb47b71799cf", "to": "f22393e0df7ce07fe1b9a4b8647ed82c1e636f80a5b858638dba3ccf3f416959", "ts": 1785720804.377531, "type": "send"}
{"delay": 0.02, "height": 14, "msg_type": "PRECOMMIT", "node": "f08474af8ab0926587a2475f38484edb316eecc339239614a2d1eff9ccd01800", "to": "0772af86d70664e325e22546e3fe7a4c6b82feefae381b62cab85b230fb21719", "ts": 1785720804.378528, "type": "send"}
{"delay": 0.02, "height": 14, "msg_type": "PRECOMMIT", "node": "f08474af8ab0926587a2475f38484edb316eecc339239614a2d1eff9ccd01800", "to": "13756c2a50bf937f4229883f98ab0b11b0562401f6976befce154a83a086793f", "ts": 1785720804.378538, "type": "send"}
{"delay": 0.02, "height": 14, "msg_type": "PRECOMMIT", "node": "f08474af8ab0926587a2475f38484edb316eecc339239614a2d1eff9ccd01800", "to": "3fde868ea6caf3041493f50fbcc45ebc3bad7edab4bad774a5dca2b91bec8af0", "ts": 1785720804.378545, "type": "send"}
{"delay": 0.02, "height": 14, "msg_type": "PRECOMMIT", "node": "f08474af8ab0926587a2475f38484edb316eecc339239614a2d1eff9ccd01800", "to": "4600e7073edcf35149235c417b55aed016ffc4133b445b7a44f86e142a6010ae", "ts": 1785720804.378551, "type": "send"}
{"delay": 0.02, "height": 14, "msg_type": "PRECOMMIT", "node": "f08474af8ab0926587a2475f38484edb316eecc339239614a2d1eff9ccd01800", "to": "967fe6e8b6c8221a582c62797d0002f17eee1c8d34def67da5ac8c9fb33b7fd4", "ts": 1785720804.378557, "type": "send"}
{"delay": 0.02, "height": 14, "msg_type": "PRECOMMIT", "node": "f08474af8ab0926587a2475f38484edb316eecc339239614a2d1eff9ccd01800", "to": "c8568c45b20b7a1b9e0f4a5dadd1987eb3d6007e239fc9dd224eeb47b71799cf", "ts": 1785720804.378563, "type": "send"}
{"delay": 0.02, "height": 14, "msg_type": "PRECOMMIT", "node": "f08474af8ab0926587a2475f38484edb316eecc339239614a2d1eff9ccd01800", "to": "f22393e0df7ce07fe1b9a4b8647ed82c1e636f80a5b858638dba3ccf3f416959", "ts": 1785720804.378568, "type": "send"}
{"delay": 0.02, "height": 14, "msg_type": "PRECOMMIT", "node": "f22393e0df7ce07fe1b9a4b8647ed82c1e636f80a5b858638dba3ccf3f416959", "to": "0772af86d70664e325e22546e3fe7a4c6b82feefae381b62cab85b230fb21719", "ts": 1785720804.379449, "type": "send"}
{"delay": 0.02, "height": 14, "msg_type": "PRECOMMIT", "node": "f22393e0df7ce07fe1b9a4b8647ed82c1e636f80a5b858638dba3ccf3f416959", "to": "13756c2a50bf937f4229883f98ab0b11b0562401f6976befce154a83a086793f", "ts": 1785720804.379459, "type": "send"}
{"delay": 0.02, "height": 14, "msg_type": "PRECOMMIT", "node": "f22393e0df7ce07fe1b9a4b8647ed82c1e636f80a5b858638dba3ccf3f416959", "to": "3fde868ea6caf3041493f50fbcc45ebc3bad7edab4bad774a5dca2b91bec8af0", "ts": 1785720804.379466, "type": "send"}
{"delay": 0.02, "height": 14, "msg_type": "PRECOMMIT", "node": "f22393e0df7ce07fe1b9a4b8647ed82c1e636f80a5b858638dba3ccf3f416959", "to": "4600e7073edcf35149235c417b55aed016ffc4133b445b7a44f86e142a6010ae", "ts": 1785720804.379471, "type": "send"}
{"delay": 0.02, "height": 14, "msg_type": "PRECOMMIT", "node": "f22393e0df7ce07fe1b9a4b8647ed82c1e636f80a5b858638dba3ccf3f416959", "to": "967fe6e8b6c8221a582c62797d0002f17eee1c8d34def67da5ac8c9fb33b7fd4", "ts": 1785720804.379477, "type": "send"}
{"delay": 0.02, "height": 14, "msg_type": "PRECOMMIT", "node": "f22393e0df7ce07fe1b9a4b8647ed82c1e636f80a5b858638dba3ccf3f416959", "to": "c8568c45b20b7a1b9e0f4a5dadd1987eb3d6007e239fc9dd224eeb47b71799cf", "ts": 1785720804.379483, "type": "send"}
{"delay": 0.02, "height": 14, "msg_type": "PRECOMMIT", "node": "f22393e0df7ce07fe1b9a4b8647ed82c1e636f80a5b858638dba3ccf3f416959", "to": "f08474af8ab0926587a2475f38484edb316eecc339239614a2d1eff9ccd01800", "ts": 1785720804.379492, "type": "send"}
{"delay": 0.02, "height": 14, "msg_type": "PRECOMMIT", "node": "0772af86d70664e325e22546e3fe7a4c6b82feefae381b62cab85b230fb21719", "to": "13756c2a50bf937f4229883f98ab0b11b0562401f6976befce154a83a086793f", "ts": 1785720804.380358, "type": "send"}
{"delay": 0.02, "height": 14, "msg_type": "PRECOMMIT", "node": "0772af86d70664e325e22546e3fe7a4c6b82feefae381b62cab85b230fb21719", "to": "3fde868ea6caf3041493f50fbcc45ebc3bad7edab4bad774a5dca2b91bec8af0", "ts": 1785720804.380367, "type": "send"}
{"delay": 0.02, "height": 14, "msg_type": "PRECOMMIT", "node": "0772af86d70664e325e22546e3fe7a4c6b82feefae381b62cab85b230fb21719", "to": "4600e7073edcf35149235c417b55aed016ffc4133b445b7a44f86e142a6010ae", "ts": 1785720804.380373, "type": "send"}
{"delay": 0.02, "height": 14, "msg_type": "PRECOMMIT", "node": "0772af86d70664e325e22546e3fe7a4c6b82feefae381b62cab85b230fb21719", "to": "967fe6e8b6c8221a582c62797d0002f17eee1c8d34def67da5ac8c9fb33b7fd4", "ts": 1785720804.380379, "type": "send"}
{"delay": 0.02, "height": 14, "msg_type": "PRECOMMIT", "node": "0772af86d70664e325e22546e3fe7a4c6b82feefae381b62cab85b230fb21719", "to": "c8568c45b20b7a1b9e0f4a5dadd1987eb3d6007e239fc9dd224eeb47b71799cf", "ts": 1785720804.380385, "type": "send"}
{"delay": 0.02, "height": 14, "msg_type": "PRECOMMIT", "node": "0772af86d70664e325e22546e3fe7a4c6b82feefae381b62cab85b230fb21719", "to": "f08474af8ab0926587a2475f38484edb316eecc339239614a2d1eff9ccd01800", "ts": 1785720804.38039, "type": "send"}
{"delay": 0.02, "height": 14, "msg_type": "PRECOMMIT", "node": "0772af86d70664e325e22546e3fe7a4c6b82feefae381b62cab85b230fb21719", "to": "f22393e0df7ce07fe1b9a4b8647ed82c1e636f80a5b858638dba3ccf3f416959", "ts": 1785720804.380397, "type": "send"}
{"from": "13756c2a50bf937f4229883f98ab0b11b0562401f6976befce154a83a086793f", "height": 14, "msg_type": "PRECOMMIT", "node": "0772af86d70664e325e22546e3fe7a4c6b82feefae381b62cab85b230fb21719", "ts": 1785720804.403827, "type": "deliver"}
{"from": "13756c2a50bf937f4229883f98ab0b11b0562401f6976befce154a83a086793f", "height": 14, "msg_type": "PRECOMMIT", "node": "3fde868ea6caf3041493f50fbcc45ebc3bad7edab4bad774a5dca2b91bec8af0", "ts": 1785720804.403852, "type": "deliver"}
{"from": "13756c2a50bf937f4229883f98ab0b11b0562401f6976befce154a83a086793f", "height": 14, "msg_type": "PRECOMMIT", "node": "4600e7073edcf35149235c417b55aed016ffc4133b445b7a44f86e142a6010ae", "ts": 1785720804.403863, "type": "deliver"}
{"from": "13756c2a50bf937f4229883f98ab0b11b0562401f6976befce154a83a086793f", "height": 14, "msg_type": "PRECOMMIT", "node": "967fe6e8b6c8221a582c62797d0002f17eee1c8d34def67da5ac8c9fb33b7fd4", "ts": 1785720804.403872, "type": "deliver"}
{"from": "13756c2a50bf937f4229883f98ab0b11b0562401f6976befce154a83a086793f", "height": 14, "msg_type": "PRECOMMIT", "node": "c8568c45b20b7a1b9e0f4a5dadd1987eb3d6007e239fc9dd224eeb47b71799cf", "ts": 1785720804.40388, "type": "deliver"}
{"from": "13756c2a50bf937f4229883f98ab0b11b0562401f6976befce154a83a086793f", "height": 14, "msg_type": "PRECOMMIT", "node": "f08474af8ab0926587a2475f38484edb316eecc339239614a2d1eff9ccd01800", "ts": 1785720804.403889, "type": "deliver"}
{"from": "13756c2a50bf937f4229883f98ab0b11b0562401f6976befce154a83a086793f", "height": 14, "msg_type": "PRECOMMIT", "node": "f22393e0df7ce07fe1b9a4b8647ed82c1e636f80a5b858638dba3ccf3f416959", "ts": 1785720804.403907, "type": "deliver"}
{"from": "3fde868ea6caf3041493f50fbcc45ebc3bad7edab4bad774a5dca2b91bec8af0", "height": 14, "msg_type": "PRECOMMIT", "node": "0772af86d70664e325e22546e3fe7a4c6b82feefae381b62cab85b230fb21719", "ts": 1785720804.403915, "type": "deliver"}
{"from": "3fde868ea6caf3041493f50fbcc45ebc3bad7edab4bad774a5dca2b91bec8af0", "height": 14, "msg_type": "PRECOMMIT", "node": "13756c2a50bf937f4229883f98ab0b11b0562401f6976befce154a83a086793f", "ts": 1785720804.403922, "type": "deliver"}
{"from": "3fde868ea6caf3041493f50fbcc45ebc3bad7edab4bad774a5dca2b91bec8af0", "height": 14, "msg_type": "PRECOMMIT", "node": "4600e7073edcf35149235c417b55aed016ffc4133b445b7a44f86e142a6010ae", "ts": 1785720804.40393, "type": "deliver"}
{"from": "3fde868ea6caf3041493f50fbcc45ebc3bad7edab4bad774a5dca2b91bec8af0", "height": 14, "msg_type": "PRECOMMIT", "node": "967fe6e8b6c8221a582c62797d0002f17eee1c8d34def67da5ac8c9fb33b7fd4", "ts": 1785720804.403937, "type": "deliver"}
{"from": "3fde868ea6caf3041493f50fbcc45ebc3bad7edab4bad774a5dca2b91bec8af0", "height": 14, "msg_type": "PRECOMMIT", "node": "c8568c45b20b7a1b9e0f4a5dadd1987eb3d6007e239fc9dd224eeb47b71799cf", "ts": 1785720804.403942, "type": "deliver"}
{"from": "3fde868ea6caf3041493f50fbcc45ebc3bad7edab4bad774a5dca2b91bec8af0", "height": 14, "msg_type": "PRECOMMIT", "node": "f08474af8ab0926587a2475f38484edb316eecc339239614a2d1eff9ccd01800", "ts": 1785720804.403948, "type": "deliver"}
{"from": "3fde868ea6caf3041493f50fbcc45ebc3bad7edab4bad774a5dca2b91bec8af0", "height": 14, "msg_type": "PRECOMMIT", "node": "f22393e0df7ce07fe1b9a4b8647ed82c1e636f80a5b858638dba3ccf3f416959", "ts": 1785720804.403954, "type": "deliver"}
{"from": "4600e7073edcf35149235c417b55aed016ffc4133b445b7a44f86e142a6010ae", "height": 14, "msg_type": "PRECOMMIT", "node": "0772af86d70664e325e22546e3fe7a4c6b82feefae381b62cab85b230fb21719", "ts": 1785720804.40396, "type": "deliver"}
{"from": "4600e7073edcf35149235c417b55aed016ffc4133b445b7a44f86e142a6010ae", "height": 14, "msg_type": "PRECOMMIT", "node": "13756c2a50bf937f4229883f98ab0b11b0562401f6976befce154a83a086793f", "ts": 1785720804.403965, "type": "deliver"}
{"from": "4600e7073edcf35149235c417b55aed016ffc4133b445b7a44f86e142a6010ae", "height": 14, "msg_type": "PRECOMMIT", "node": "3fde868ea6caf3041493f50fbcc45ebc3bad7edab4bad774a5dca2b91bec8af0", "ts": 1785720804.403971, "type": "deliver"}
{"from": "4600e7073edcf35149235c417b55aed016ffc4133b445b7a44f86e142a6010ae", "height": 14, "msg_type": "PRECOMMIT", "node": "967fe6e8b6c8221a582c62797d0002f17eee1c8d34def67da5ac8c9fb33b7fd4", "ts": 1785720804.403976, "type": "deliver"}
{"from": "4600e7073edcf35149235c417b55aed016ffc4133b445b7a44f86e142a6010ae", "height": 14, "msg_type": "PRECOMMIT", "node": "c8568c45b20b7a1b9e0f4a5dadd1987eb3d6007e239fc9dd224eeb47b71799cf", "ts": 1785720804.403982, "type": "deliver"}
{"from": "4600e7073edcf35149235c417b55aed016ffc4133b445b7a44f86e142a6010ae", "height": 14, "msg_type": "PRECOMMIT", "node": "f08474af8ab0926587a2475f38484edb316eecc339239614a2d1eff9ccd01800", "ts": 1785720804.403988, "type": "deliver"}
{"from": "4600e7073edcf35149235c417b55aed016ffc4133b445b7a44f86e142a6010ae", "height": 14, "msg_type": "PRECOMMIT", "node": "f22393e0df7ce07fe1b9a4b8647ed82c1e636f80a5b858638dba3ccf3f416959", "ts": 1785720804.403994, "type": "deliver"}
{"from": "967fe6e8b6c8221a582c62797d0002f17eee1c8d34def67da5ac8c9fb33b7fd4", "height": 14, "msg_type": "PRECOMMIT", "node": "0772af86d70664e325e22546e3fe7a4c6b82feefae381b62cab85b230fb21719", "ts": 1785720804.404, "type": "deliver"}
{"from": "967fe6e8b6c8221a582c62797d0002f17eee1c8d34def67da5ac8c9fb33b7fd4", "height": 14, "msg_type": "PRECOMMIT", "node": "13756c2a50bf937f4229883f98ab0b11b0562401f6976befce154a83a086793f", "ts": 1785720804.404005, "type": "deliver"}
{"from": "967fe6e8b6c8221a582c62797d0002f17eee1c8d34def67da5ac8c9fb33b7fd4", "height": 14, "msg_type": "PRECOMMIT", "node": "3fde868ea6caf3041493f50fbcc45ebc3bad7edab4bad774a5dca2b91bec8af0", "ts": 1785720804.404011, "type": "deliver"}
{"from": "967fe6e8b6c8221a582c62797d0002f17eee1c8d34def67da5ac8c9fb33b7fd4", "height": 14, "msg_type": "PRECOMMIT", "node": "4600e7073edcf35149235c417b55aed016ffc4133b445b7a44f86e142a6010ae", "ts": 1785720804.404016, "type": "deliver"}
{"from": "967fe6e8b6c8221a582c62797d0002f17eee1c8d34def67da5ac8c9fb33b7fd4", "height": 14, "msg_type": "PRECOMMIT", "node": "c8568c45b20b7a1b9e0f4a5dadd1987eb3d6007e239fc9dd224eeb47b71799cf", "ts": 1785720804.404022, "type": "deliver"}
{"from": "967fe6e8b6c8221a582c62797d0002f17eee1c8d34def67da5ac8c9fb33b7fd4", "height": 14, "msg_type": "PRECOMMIT", "node": "f08474af8ab0926587a2475f38484edb316eecc339239614a2d1eff9ccd01800", "ts": 1785720804.404031, "type": "deliver"}
{"from": "967fe6e8b6c8221a582c62797d0002f17eee1c8d34def67da5ac8c9fb33b7fd4", "height": 14, "msg_type": "PRECOMMIT", "node": "f22393e0df7ce07fe1b9a4b8647ed82c1e636f80a5b858638dba3ccf3f416959", "ts": 1785720804.404036, "type": "deliver"}
{"from": "c8568c45b20b7a1b9e0f4a5dadd1987eb3d6007e239fc9dd224eeb47b71799cf", "height": 14, "msg_type": "PRECOMMIT", "node": "0772af86d70664e325e22546e3fe7a4c6b82feefae381b62cab85b230fb21719", "ts": 1785720804.404042, "type": "deliver"}
{"from": "c8568c45b20b7a1b9e0f4a5dadd1987eb3d6007e239fc9dd224eeb47b71799cf", "height": 14, "msg_type": "PRECOMMIT", "node": "13756c2a50bf937f4229883f98ab0b11b0562401f6976befce154a83a086793f", "ts": 1785720804.404047, "type": "deliver"}
{"from": "c8568c45b20b7a1b9e0f4a5dadd1987eb3d6007e239fc9dd224eeb47b71799cf", "height": 14, "msg_type": "PRECOMMIT", "node": "3fde868ea6caf3041493f50fbcc45ebc3bad7edab4bad774a5dca2b91bec8af0", "ts": 1785720804.404053, "type": "deliver"}
{"from": "c8568c45b20b7a1b9e0f4a5dadd1987eb3d6007e239fc9dd224eeb47b71799cf", "height": 14, "msg_type": "PRECOMMIT", "node": "4600e7073edcf35149235c417b55aed016ffc4133b445b7a44f86e142a6010ae", "ts": 1785720804.404058, "type": "deliver"}
{"from": "c8568c45b20b7a1b9e0f4a5dadd1987eb3d6007e239fc9dd224eeb47b71799cf", "height": 14, "msg_type": "PRECOMMIT", "node": "967fe6e8b6c8221a582c62797d0002f17eee1c8d34def67da5ac8c9fb33b7fd4", "ts": 1785720804.404064, "type": "deliver"}
{"from": "c8568c45b20b7a1b9e0f4a5dadd1987eb3d6007e239fc9dd224eeb47b71799cf", "height": 14, "msg_type": "PRECOMMIT", "node": "f08474af8ab0926587a2475f38484edb316eecc339239614a2d1eff9ccd01800", "ts": 1785720804.404069, "type": "deliver"}
{"from": "c8568c45b20b7a1b9e0f4a5dadd1987eb3d6007e239fc9dd224eeb47b71799cf", "height": 14, "msg_type": "PRECOMMIT", "node": "f22393e0df7ce07fe1b9a4b8647ed82c1e636f80a5b858638dba3ccf3f416959", "ts": 1785720804.404075, "type": "deliver"}
{"from": "f08474af8ab0926587a2475f38484edb316eecc339239614a2d1eff9ccd01800", "height": 14, "msg_type": "PRECOMMIT", "node": "0772af86d70664e325e22546e3fe7a4c6b82feefae381b62cab85b230fb21719", "ts": 1785720804.40408, "type": "deliver"}
{"from": "f08474af8ab0926587a2475f38484edb316eecc339239614a2d1eff9ccd01800", "height": 14, "msg_type": "PRECOMMIT", "node": "13756c2a50bf937f4229883f98ab0b11b0562401f6976befce154a83a086793f", "ts": 1785720804.404086, "type": "deliver"}
{"from": "f08474af8ab0926587a2475f38484edb316eecc339239614a2d1eff9ccd01800", "height": 14, "msg_type": "PRECOMMIT", "node": "3fde868ea6caf3041493f50fbcc45ebc3bad7edab4bad774a5dca2b91bec8af0", "ts": 1785720804.404092, "type": "deliver"}
{"from": "f08474af8ab0926587a2475f38484edb316eecc339239614a2d1eff9ccd01800", "height": 14, "msg_type": "PRECOMMIT", "node": "4600e7073edcf35149235c417b55aed016ffc4133b445b7a44f86e142a6010ae", "ts": 1785720804.404097, "type": "deliver"}
{"from": "f08474af8ab0926587a2475f38484edb316eecc339239614a2d1eff9ccd01800", "height": 14, "msg_type": "PRECOMMIT", "node": "967fe6e8b6c8221a582c62797d0002f17eee1c8d34def67da5ac8c9fb33b7fd4", "ts": 1785720804.404102, "type": "deliver"}
{"from": "f08474af8ab0926587a2475f38484edb316eecc339239614a2d1eff9ccd01800", "height": 14, "msg_type": "PRECOMMIT", "node": "c8568c45b20b7a1b9e0f4a5dadd1987eb3d6007e239fc9dd224eeb47b71799cf", "ts": 1785720804.404108, "type": "deliver"}
{"from": "f08474af8ab0926587a2475f38484edb316eecc339239614a2d1eff9ccd01800", "height": 14, "msg_type": "PRECOMMIT", "node": "f22393e0df7ce07fe1b9a4b8647ed82c1e636f80a5b858638dba3ccf3f416959", "ts": 1785720804.404113, "type": "deliver"}
{"from": "f22393e0df7ce07fe1b9a4b8647ed82c1e636f80a5b858638dba3ccf3f416959", "height": 14, "msg_type": "PRECOMMIT", "node": "0772af86d70664e325e22546e3fe7a4c6b82feefae381b62cab85b230fb21719", "ts": 1785720804.404119, "type": "deliver"}
{"from": "f22393e0df7ce07fe1b9a4b8647ed82c1e636f80a5b858638dba3ccf3f416959", "height": 14, "msg_type": "PRECOMMIT", "node": "13756c2a50bf937f4229883f98ab0b11b0562401f6976befce154a83a086793f", "ts": 1785720804.404124, "type": "deliver"}
{"from": "f22393e0df7ce07fe1b9a4b8647ed82c1e636f80a5b858638dba3ccf3f416959", "height": 14, "msg_type": "PRECOMMIT", "node": "3fde868ea6caf3041493f50fbcc45ebc3bad7edab4bad774a5dca2b91bec8af0", "ts": 1785720804.40413, "type": "deliver"}
{"from": "f22393e0df7ce07fe1b9a4b8647ed82c1e636f80a5b858638dba3ccf3f416959", "height": 14, "msg_type": "PRECOMMIT", "node": "4600e7073edcf35149235c417b55aed016ffc4133b445b7a44f86e142a6010ae", "ts": 1785720804.404137, "type": "deliver"}
{"from": "f22393e0df7ce07fe1b9a4b8647ed82c1e636f80a5b858638dba3ccf3f416959", "height": 14, "msg_type": "PRECOMMIT", "node": "967fe6e8b6c8221a582c62797d0002f17eee1c8d34def67da5ac8c9fb33b7fd4", "ts": 1785720804.404143, "type": "deliver"}
{"from": "f22393e0df7ce07fe1b9a4b8647ed82c1e636f80a5b858638dba3ccf3f416959", "height": 14, "msg_type": "PRECOMMIT", "node": "c8568c45b20b7a1b9e0f4a5dadd1987eb3d6007e239fc9dd224eeb47b71799cf", "ts": 1785720804.404148, "type": "deliver"}
{"from": "f22393e0df7ce07fe1b9a4b8647ed82c1e636f80a5b858638dba3ccf3f416959", "height": 14, "msg_type": "PRECOMMIT", "node": "f08474af8ab0926587a2475f38484edb316eecc339239614a2d1eff9ccd01800", "ts": 1785720804.404154, "type": "deliver"}
{"from": "0772af86d70664e325e22546e3fe7a4c6b82feefae381b62cab85b230fb21719", "height": 14, "msg_type": "PRECOMMIT", "node": "13756c2a50bf937f4229883f98ab0b11b0562401f6976befce154a83a086793f", "ts": 1785720804.404159, "type": "deliver"}
{"from": "0772af86d70664e325e22546e3fe7a4c6b82feefae381b62cab85b230fb21719", "height": 14, "msg_type": "PRECOMMIT", "node": "3fde868ea6caf3041493f50fbcc45ebc3bad7edab4bad774a5dca2b91bec8af0", "ts": 1785720804.404165, "type": "deliver"}
{"from": "0772af86d70664e325e22546e3fe7a4c6b82feefae381b62cab85b230fb21719", "height": 14, "msg_type": "PRECOMMIT", "node": "4600e7073edcf35149235c417b55aed016ffc4133b445b7a44f86e142a6010ae", "ts": 1785720804.404171, "type": "deliver"}
{"from": "0772af86d70664e325e22546e3fe7a4c6b82feefae381b62cab85b230fb21719", "height": 14, "msg_type": "PRECOMMIT", "node": "967fe6e8b6c8221a582c62797d0002f17eee1c8d34def67da5ac8c9fb33b7fd4", "ts": 1785720804.404177, "type": "deliver"}
{"from": "0772af86d70664e325e22546e3fe7a4c6b82feefae381b62cab85b230fb21719", "height": 14, "msg_type": "PRECOMMIT", "node": "c8568c45b20b7a1b9e0f4a5dadd1987eb3d6007e239fc9dd224eeb47b71799cf", "ts": 1785720804.404182, "type": "deliver"}
{"from": "0772af86d70664e325e22546e3fe7a4c6b82feefae381b62cab85b230fb21719", "height": 14, "msg_type": "PRECOMMIT", "node": "f08474af8ab0926587a2475f38484edb316eecc339239614a2d1eff9ccd01800", "ts": 1785720804.404189, "type": "deliver"}
{"from": "0772af86d70664e325e22546e3fe7a4c6b82feefae381b62cab85b230fb21719", "height": 14, "msg_type": "PRECOMMIT", "node": "f22393e0df7ce07fe1b9a4b8647ed82c1e636f80a5b858638dba3ccf3f416959", "ts": 1785720804.404194, "type": "deliver"}
{"delay": 0.02, "height": 15, "msg_type": "PROPOSAL", "node": "f22393e0df7ce07fe1b9a4b8647ed82c1e636f80a5b858638dba3ccf3f416959", "to": "0772af86d70664e325e22546e3fe7a4c6b82feefae381b62cab85b230fb21719", "ts": 1785720804.408202, "type": "send"}
{"delay": 0.02, "height": 15, "msg_type": "PROPOSAL", "node": "f22393e0df7ce07fe1b9a4b8647ed82c1e636f80a5b858638dba3ccf3f416959", "to": "13756c2a50bf937f4229883f98ab0b11b0562401f6976befce154a83a086793f", "ts": 1785720804.408213, "type": "send"}
{"delay": 0.02, "height": 15, "msg_type": "PROPOSAL", "node": "f22393e0df7ce07fe1b9a4b8647ed82c1e636f80a5b858638dba3ccf3f416959", "to": "3fde868ea6caf3041493f50fbcc45ebc3bad7edab4bad774a5dca2b91bec8af0", "ts": 1785720804.40822, "type": "send"}
{"delay": 0.02, "height": 15, "msg_type": "PROPOSAL", "node": "f22393e0df7ce07fe1b9a4b8647ed82c1e636f80a5b858638dba3ccf3f416959", "to": "4600e7073edcf35149235c417b55aed016ffc4133b445b7a44f86e142a6010ae", "ts": 1785720804.408226, "type": "send"}
{"delay": 0.02, "height": 15, "msg_type": "PROPOSAL", "node": "f22393e0df7ce07fe1b9a4b8647ed82c1e636f80a5b858638dba3ccf3f416959", "to": "967fe6e8b6c8221a582c62797d0002f17eee1c8d34def67da5ac8c9fb33b7fd4", "ts": 1785720804.408231, "type": "send"}
{"delay": 0.02, "height": 15, "msg_type": "PROPOSAL", "node": "f22393e0df7ce07fe1b9a4b8647ed82c1e636f80a5b858638dba3ccf3f416959", "to": "c8568c45b20b7a1b9e0f4a5dadd1987eb3d6007e239fc9dd224eeb47b71799cf", "ts": 1785720804.408237, "type": "send"}
{"delay": 0.02, "height": 15, "msg_type": "PROPOSAL", "node": "f22393e0df7ce07fe1b9a4b8647ed82c1e636f80a5b858638dba3ccf3f416959", "to": "f08474af8ab0926587a2475f38484edb316eecc339239614a2d1eff9ccd01800", "ts": 1785720804.408242, "type": "send"}
{"delay": 0.02, "height": 15, "msg_type": "PREVOTE", "node": "f22393e0df7ce07fe1b9a4b8647ed82c1e636f80a5b858638dba3ccf3f416959", "to": "0772af86d70664e325e22546e3fe7a4c6b82feefae381b62cab85b230fb21719", "ts": 1785720804.408475, "type": "send"}
{"delay": 0.02, "height": 15, "msg_type": "PREVOTE", "node": "f22393e0df7ce07fe1b9a4b8647ed82c1e636f80a5b858638dba3ccf3f416959", "to": "13756c2a50bf937f4229883f98ab0b11b0562401f6976befce154a83a086793f", "ts": 1785720804.408483, "type": "send"}
{"delay": 0.02, "height": 15, "msg_type": "PREVOTE", "node": "f22393e0df7ce07fe1b9a4b8647ed82c1e636f80a5b858638dba3ccf3f416959", "to": "3fde868ea6caf3041493f50fbcc45ebc3bad7edab4bad774a5dca2b91bec8af0", "ts": 1785720804.408489, "type": "send"}
{"delay": 0.02, "height": 15, "msg_type": "PREVOTE", "node": "f22393e0df7ce07fe1b9a4b8647ed82c1e636f80a5b858638dba3ccf3f416959", "to": "4600e7073edcf35149235c417b55aed016ffc4133b445b7a44f86e142a6010ae", "ts": 1785720804.408495, "type": "send"}
{"delay": 0.02, "height": 15, "msg_type": "PREVOTE", "node": "f22393e0df7ce07fe1b9a4b8647ed82c1e636f80a5b858638dba3ccf3f416959", "to": "967fe6e8b6c8221a582c62797d0002f17eee1c8d34def67da5ac8c9fb33b7fd4", "ts": 1785720804.408518, "type": "send"}
{"delay": 0.02, "height": 15, "msg_type": "PREVOTE", "node": "f22393e0df7ce07fe1b9a4b8647ed82c1e636f80a5b858638dba3ccf3f416959", "to": "c8568c45b20b7a1b9e0f4a5dadd1987eb3d6007e239fc9dd224eeb47b71799cf", "ts": 1785720804.408527, "type": "send"}
{"delay": 0.02, "height": 15, "msg_type": "PREVOTE", "node": "f22393e0df7ce07fe1b9a4b8647ed82c1e636f80a5b858638dba3ccf3f416959", "to": "f08474af8ab0926587a2475f38484edb316eecc339239614a2d1eff9ccd01800", "ts": 1785720804.408534, "type": "send"}
